0,0,0,0,0,0,0,0,0,-8.83744814907487e-19,0,0,0,0,0,0,0,0,0,0,-7.78181799284362e-18,-2.02367797855592e-18,0,0,-1.44862233691221e-17,0,0,0,0,0,0,-6.7512020122288e-18,-1.04733934379936e-17,0,0,0,0,0,0,0,0,0,0,0,0,0,0,0,0,0,0,0,0,0,0,0,0,0,0,0,-2.77555756156289e-17,0,0,0,0,0,0,0,0,0,0,0,0,0,0,0,0,0,0,0,0,0,0,-2.91433543964104e-16,0,0,0,0,0,0,0,0,0,0,0,0,0,0,0,0,0
0.000357138181099878,0.000365082285826447,0.000373037266317109,0.000380996213006438,0.000388952062014362,0.000396897604541705,0.000404825496788916,0.000412728270383004,0.00042059834329432,0.000428428031223866,0.000436209559439701,0.000443935075039082,0.000451596659611214,0.000459186342273965,0.000466696113056129,0.0004741179365949,0.000481443766117582,0.000488665557674134,0.000495775284586363,0.00050276495207881,0.000509626612054015,0.000516352377974979,0.000522934439816596,0.000529365079046549,0.000535636683595717,0.000541741762778332,0.000547672962120964,0.000553423078059285,0.00055898507246199,0.000564352086941308,0.000569517456908651,0.000574474725336292,0.000579217656184277,0.000583740247454973,0.000588036743835052,0.000592101648889969,0.000595929736772894,0.000599516063414483,0.000602855977159115,0.000605945128816089,0.000608779481095378,0.000611355317398901,0.000613669249940829,0.000615718227172161,0.000617499540486559,0.000619010830187066,0.000620250090694843,0.000621215674984558,0.00062190629823198,0.00062232104066292,0.00062245934959459,0.000622321040662919,0.00062190629823201,0.000621215674984531,0.000620250090694843,0.000619010830187067,0.000617499540486561,0.000615718227172133,0.000613669249940855,0.0006113553173989,0.000608779481095407,0.000605945128816088,0.000602855977159086,0.000599516063414483,0.000595929736772891,0.000592101648889967,0.000588036743835049,0.000583740247454972,0.000579217656184305,0.000574474725336154,0.000569517456908711,0.000564352086941389,0.000558985072461819,0.000553423078059452,0.00054767296212116,0.000541741762778242,0.000535636683595651,0.000529365079046488,0.000522934439816561,0.000516352377974927,0.000509626612054087,0.000502764952078905,0.000495775284586344,0.000488665557674267,0.000481443766117778,0.000474117936594839,0.000466696113056053,0.000459186342273904,0.00045159665961117,0.000443935075039176,0.000436209559439821,0.000428428031224004,0.000420598343294165,0.000412728270382912,0.000404825496788996,0.000396897604542146,0.000388952062014614,0.000380996213006468,0.000373037266317267,0.000365082285826934,0.000357138181098948
0.000722554484990082,0.000738626831222374,0.000754721181072697,0.000770823555253057,0.000786919662269343,0.000802994917430036,0.000819034462913807,0.000835023188864891,0.00085094575547974,0.000866786616045646,0.000882530040887856,0.000898160142178078,0.000913660899553451,0.000929016186492336,0.000944209797388786,0.000959225475265145,0.000974046940059538,0.000988657917420654,0.0010030421679415,0.00101718351675979,0.0010310658834512,0.0010446733121395,0.00105799000174551,0.00107100033629622,0.00108368891521302,0.00109604058349738,0.00110804046173271,0.0011196739758186,0.00113092688635537,0.00114178531759648,0.00115223578588591,0.00116226522750045,0.00117186102581496,0.00118101103771324,0.00118970361916619,0.00119792764990254,0.00120567255709848,0.00121292833801648,0.00121968558152437,0.00122593548843074,0.00123166989057484,0.00123688126861339,0.00124156276844897,0.00124570821625182,0.0012493121320262,0.00125236974168267,0.00125487698757619,0.00125683053747954,0.00125822779196326,0.00125906689015957,0.00125934671389217,0.00125906689015957,0.00125822779196326,0.00125683053747954,0.00125487698757619,0.00125236974168267,0.0012493121320262,0.00124570821625182,0.001241562768449,0.00123688126861335,0.00123166989057489,0.00122593548843074,0.00121968558152438,0.00121292833801648,0.00120567255709851,0.00119792764990251,0.00118970361916619,0.00118101103771344,0.00117186102581487,0.00116226522750042,0.00115223578588589,0.0011417853175965,0.00113092688635559,0.00111967397581882,0.00110804046173289,0.00109604058349732,0.00108368891521302,0.00107100033629642,0.00105799000174557,0.00104467331213948,0.00103106588345112,0.00101718351675993,0.00100304216794139,0.000988657917420671,0.000974046940059453,0.000959225475265141,0.000944209797388545,0.000929016186492548,0.000913660899553664,0.000898160142178084,0.000882530040887841,0.000866786616045667,0.000850945755479837,0.000835023188865053,0.000819034462913815,0.000802994917430244,0.000786919662268237,0.000770823555252209,0.000754721181073559,0.000738626831222833,0.000722554484990146
0.00109649271244207,0.00112088286001105,0.00114530639856627,0.00116974211422311,0.00119416831931722,0.0012185628812506,0.0012429032529446,0.00126716650485266,0.00129132935847717,0.00131536822133136,0.00133925922327929,0.00136297825418346,0.00138650100278236,0.001409802996716,0.00143285964361214,0.00145564627314091,0.00147813817994151,0.00150031066731913,0.00152213909160783,0.00154359890708952,0.00156466571135802,0.0015853152910115,0.0016055236675563,0.0016252671434016,0.00164452234782218,0.00166326628276641,0.00168147636838431,0.00169913048814996,0.00171620703345371,0.00173268494753728,0.00174854376864914,0.00176376367229468,0.00177832551246109,0.0017922108616958,0.00180540204992243,0.00181788220187856,0.00182963527306605,0.0018406460841051,0.00185090035339067,0.00186038472795153,0.00186908681241972,0.0018769951960222,0.00188409947751198,0.00189039028796295,0.00189585931135841,0.00190049930290983,0.00190430410504954,0.00190726866104759,0.0019093890262113,0.00191066237663173,0.00191108701545131,0.00191066237663173,0.00190938902621127,0.00190726866104762,0.00190430410504954,0.00190049930290983,0.00189585931135841,0.00189039028796292,0.001884099477512,0.00187699519602217,0.00186908681241972,0.00186038472795153,0.00185090035339064,0.0018406460841051,0.00182963527306593,0.00181788220187856,0.00180540204992252,0.00179221086169569,0.00177832551246125,0.00176376367229474,0.0017485437686492,0.00173268494753733,0.00171620703345365,0.00169913048815019,0.00168147636838433,0.00166326628276641,0.00164452234782221,0.00162526714340182,0.0016055236675562,0.00158531529101154,0.00156466571135785,0.00154359890708961,0.00152213909160778,0.00150031066731925,0.0014781381799414,0.0014556462731409,0.00143285964361201,0.00140980299671598,0.00138650100278245,0.00136297825418344,0.00133925922327949,0.00131536822133138,0.00129132935847734,0.00126716650485292,0.00124290325294452,0.00121856288125105,0.00119416831931812,0.00116974211422377,0.00114530639856575,0.00112088286001127,0.00109649271244289
0.00147920175726061,0.00151210480233736,0.00154505289286224,0.00157801741066467,0.00161096909843102,0.00164387809861857,0.00167671399453795,0.00170944585353891,0.00174204227222581,0.00177447142362184,0.00180670110619343,0.00183869879463756,0.00187043169232883,0.00190186678531502,0.0019329708977439,0.00196371074859614,0.00199405300959436,0.00202396436415213,0.00205341156722026,0.00208236150588453,0.00211078126056255,0.00213863816664455,0.00216589987641907,0.00219253442112094,0.0022185102729366,0.00224379640680039,0.0022683623618133,0.00229217830211457,0.0023152150770375,0.00233744428038002,0.00235883830862164,0.00237937041792102,0.00239901477972905,0.00241774653485624,0.00243554184583615,0.00245237794743074,0.0024682331951277,0.00248308711148585,0.00249692043018876,0.0025097151376754,0.00252145451222037,0.00253212316034647,0.00254170705045762,0.00255019354358986,0.0025575714211856,0.00256383090980662,0.00256896370270823,0.00257296297820916,0.00257582341479991,0.00257754120294218,0.00257811405352389,0.00257754120294218,0.00257582341479991,0.00257296297820913,0.00256896370270823,0.00256383090980662,0.0025575714211856,0.00255019354358986,0.00254170705045765,0.00253212316034649,0.00252145451222035,0.00250971513767548,0.00249692043018879,0.00248308711148577,0.00246823319512764,0.00245237794743083,0.00243554184583601,0.00241774653485601,0.00239901477972922,0.00237937041792081,0.00235883830862158,0.0023374442803801,0.00231521507703748,0.00229217830211468,0.00226836236181319,0.00224379640680022,0.00221851027293661,0.00219253442112088,0.00216589987641928,0.00213863816664468,0.0021107812605627,0.00208236150588477,0.00205341156722035,0.00202396436415216,0.00199405300959454,0.00196371074859594,0.00193297089774389,0.00190186678531501,0.00187043169232881,0.00183869879463766,0.00180670110619355,0.00177447142362186,0.00174204227222569,0.00170944585353899,0.00167671399453795,0.00164387809861649,0.00161096909843056,0.00157801741066499,0.00154505289286272,0.00151210480233865,0.00147920175726124
0.00187093506762206,0.00191255174402446,0.00195422539514852,0.00199591982394497,0.002037598024959,0.00207922223354925,0.00212075397785049,0.00216215413339572,0.00220338298030637,0.00224440026294703,0.00228516525193218,0.00232563680836399,0.0023657734501685,0.00240553342039107,0.00244487475730121,0.00248375536615029,0.00252213309241642,0.00255996579636467,0.00259721142874249,0.00263382810742522,0.0026697741948195,0.0027050083758286,0.00273948973617729,0.00277317784089208,0.00280603281272716,0.00283801541032629,0.00286908710590643,0.00289921016225038,0.00292834770879313,0.00295646381658887,0.00298352357194576,0.00300949314851767,0.00303433987764525,0.00305803231674187,0.00308054031552446,0.00310183507989363,0.00312188923327504,0.00314067687523764,0.00315817363721476,0.00317435673515875,0.00318920501897154,0.00320269901855968,0.00321482098637456,0.00322555493630684,0.00323488667881649,0.00324280385218986,0.00324929594982786,0.00325435434348042,0.00325797230235587,0.00326014500804556,0.00326086956521738,0.00326014500804556,0.00325797230235588,0.00325435434348042,0.00324929594982787,0.00324280385219,0.00323488667881654,0.00322555493630688,0.00321482098637458,0.00320269901855988,0.00318920501897154,0.00317435673515864,0.00315817363721471,0.00314067687523753,0.00312188923327501,0.00310183507989349,0.00308054031552438,0.0030580323167419,0.00303433987764526,0.00300949314851761,0.00298352357194562,0.0029564638165889,0.00292834770879318,0.00289921016225049,0.00286908710590645,0.00283801541032629,0.00280603281272697,0.00277317784089209,0.00273948973617723,0.00270500837582839,0.00266977419481938,0.0026338281074252,0.00259721142874246,0.0025599657963649,0.00252213309241647,0.0024837553661502,0.00244487475730121,0.00240553342039107,0.00236577345016847,0.00232563680836403,0.00228516525193234,0.00224440026294703,0.00220338298030628,0.00216215413339566,0.00212075397785039,0.00207922223355028,0.00203759802495918,0.00199591982394481,0.00195422539514795,0.00191255174402649,0.00187093506762187
0.00227194994862282,0.00232248671360764,0.00237309266523508,0.00242372384800642,0.00247433532474399,0.00252488123636041,0.00257531486495835,0.00262558870016075,0.00267565450855864,0.00272546340615258,0.00277496593364976,0.00282411213447047,0.00287285163530288,0.00292113372903646,0.00296890745989363,0.00301612171056734,0.00306272529116596,0.00310866702975374,0.00315389586427171,0.0031983609356104,0.00324201168160476,0.00328479793170969,0.00332667000211364,0.00336757879103979,0.00340747587398216,0.00344631359862032,0.00348404517915382,0.00352062478979741,0.00355600765717554,0.00359015015135796,0.00362300987527718,0.00365454575227222,0.00368471811150688,0.00371348877101271,0.00374082111811691,0.00376668018701341,0.00379103273325249,0.00381384730492333,0.00383509431031809,0.00385474608187275,0.00387277693619228,0.00388916322997735,0.00390388341168256,0.00391691806874774,0.00392824997025613,0.00393786410489425,0.00394574771408529,0.00395189032020671,0.00395628374979363,0.00395892215166309,0.00395980200989941,0.00395892215166309,0.00395628374979346,0.00395189032020654,0.00394574771408538,0.00393786410489405,0.00392824997025613,0.00391691806874754,0.00390388341168273,0.00388916322997718,0.00387277693619245,0.00385474608187264,0.00383509431031812,0.00381384730492336,0.00379103273325247,0.00376668018701352,0.00374082111811693,0.00371348877101296,0.00368471811150662,0.00365454575227219,0.00362300987527726,0.00359015015135813,0.00355600765717554,0.0035206247897977,0.00348404517915356,0.00344631359862017,0.00340747587398224,0.00336757879103973,0.00332667000211355,0.00328479793170978,0.00324201168160468,0.00319836093561061,0.00315389586427191,0.00310866702975372,0.00306272529116597,0.0030161217105675,0.00296890745989351,0.00292113372903632,0.00287285163530288,0.00282411213447054,0.00277496593364976,0.00272546340615246,0.00267565450855844,0.00262558870016061,0.00257531486495827,0.00252488123635958,0.00247433532474217,0.00242372384800787,0.00237309266523528,0.00232248671360663,0.00227194994862212
0.00268250667353172,0.00274217577381831,0.0028019265632419,0.00286170714324776,0.0029214644562062,0.00298114435598262,0.00304069168243953,0.00310005033975331,0.00315916337841189,0.00321797308074616,0.00327642104983471,0.00333444830160595,0.00339199535994968,0.00344900235463764,0.00350540912183846,0.00356115530700198,0.00361618046987664,0.00367042419141198,0.00372382618228957,0.00377632639281457,0.0038278651238969,0.00387838313883432,0.00392782177561471,0.00397612305943798,0.00402322981516227,0.00406908577937041,0.00411363571175128,0.00415682550549034,0.00419860229636038,0.00423891457020738,0.00427771226852663,0.00431494689182728,0.00435057160048408,0.0043845413127898,0.00441681279991238,0.00444734477748887,0.00447609799357227,0.00450303531267907,0.00452812179567934,0.00455132477529332,0.0045726139269628,0.00459196133488448,0.00460934155300225,0.00462473166077515,0.0046381113135441,0.00464946278734826,0.004658771018051,0.00466602363465173,0.00467121098668555,0.00467432616562074,0.00467536502019273,0.00467432616562074,0.00467121098668526,0.00466602363465173,0.004658771018051,0.00464946278734855,0.00463811131354409,0.00462473166077543,0.00460934155300254,0.00459196133488448,0.00457261392696281,0.0045513247752936,0.00452812179567963,0.00450303531267907,0.00447609799357256,0.00444734477748888,0.00441681279991238,0.00438454131278952,0.00435057160048436,0.00431494689182755,0.00427771226852663,0.0042389145702071,0.00419860229636039,0.00415682550549056,0.00411363571175148,0.00406908577937024,0.0040232298151623,0.00397612305943816,0.00392782177561482,0.00387838313883432,0.00382786512389716,0.0037763263928146,0.00372382618228938,0.00367042419141224,0.00361618046987658,0.00356115530700199,0.00350540912183825,0.00344900235463766,0.00339199535994958,0.00333444830160606,0.00327642104983458,0.00321797308074612,0.00315916337841196,0.00310005033975347,0.0030406916824387,0.0029811443559819,0.00292146445620733,0.00286170714324879,0.0028019265632403,0.00274217577381797,0.00268250667353342
0.00310286736468422,0.00317188687758462,0.0032410008806721,0.00331014934265813,0.00337927089154731,0.00344830289626551,0.00351718155283717,0.00358584197497433,0.00365421828892375,0.00372224373240172,0.0037898507574306,0.00385697113687241,0.00392353607444764,0.00398947631799704,0.00405472227575063,0.00411920413533235,0.00418285198523527,0.00424559593847562,0.0043073662581313,0.00436809348445478,0.00442770856324289,0.00448614297514004,0.00454332886553677,0.00459919917472387,0.00465368776796195,0.00470672956510708,0.00475826066944604,0.00480821849538659,0.00485654189464243,0.00490317128056326,0.00494804875025557,0.00499111820414201,0.00503232546262131,0.00507161837948126,0.0051089469517419,0.00514426342559679,0.00517752239814511,0.00520868091460749,0.0052376985607388,0.00526453755015047,0.00528916280629191,0.00531154203882953,0.00533164581419808,0.00534944762010538,0.00536492392379431,0.00537805422388137,0.00538882109561172,0.00539721022939504,0.00540321046249535,0.00540681380378416,0.00540801545147422,0.00540681380378417,0.00540321046249564,0.00539721022939504,0.00538882109561172,0.00537805422388109,0.00536492392379431,0.00534944762010538,0.00533164581419809,0.00531154203882954,0.00528916280629192,0.00526453755015047,0.0052376985607388,0.0052086809146075,0.00517752239814511,0.00514426342559679,0.0051089469517419,0.00507161837948127,0.00503232546262103,0.004991118204142,0.00494804875025555,0.00490317128056326,0.00485654189464216,0.00480821849538629,0.00475826066944604,0.00470672956510708,0.00465368776796224,0.00459919917472386,0.00454332886553649,0.00448614297514004,0.00442770856324261,0.00436809348445449,0.00430736625813131,0.00424559593847562,0.00418285198523502,0.00411920413533218,0.00405472227575063,0.00398947631799718,0.00392353607444773,0.00385697113687264,0.00378985075743057,0.00372224373240207,0.00365421828892365,0.00358584197497436,0.00351718155283737,0.00344830289626652,0.00337927089154694,0.00331014934265994,0.00324100088067342,0.00317188687758518,0.00310286736468302
0.00353329459700358,0.00361188844048988,0.00369058988176518,0.00376933056204917,0.00384804059587337,0.0039266486640324,0.00400508211171473,0.00408326705165968,0.00416112847216089,0.00423859034972443,0.00431557576617272,0.00439200702995492,0.00446780580142687,0.00454289322182727,0.00461719004567174,0.00469061677626881,0.00476309380404367,0.00483454154734798,0.00490488059541026,0.00497403185308284,0.00504191668702029,0.00510845707291829,0.00517357574342998,0.00523719633637954,0.00529924354286926,0.00535964325489067,0.005418322712031,0.00547521064687573,0.00553023742869767,0.00558333520503578,0.00563443804075317,0.00568348205418568,0.0057304055499814,0.00577514914824881,0.00581765590963455,0.00585787145596336,0.00589574408608115,0.00593122488655649,0.00596426783691265,0.00599482990906452,0.00602287116067089,0.00604835482210961,0.00607124737681487,0.0060915186347309,0.00610914179865596,0.00612409352327107,0.00613635396667399,0.00614590683425979,0.00615273941480642,0.00615684260866216,0.00615821094794055,0.00615684260866216,0.00615273941480615,0.00614590683425979,0.00613635396667428,0.00612409352327106,0.00610914179865596,0.00609151863473092,0.0060712473768146,0.00604835482210961,0.0060228711606709,0.00599482990906453,0.00596426783691265,0.00593122488655649,0.00589574408608114,0.00585787145596364,0.00581765590963455,0.00577514914824881,0.00573040554998142,0.00568348205418569,0.00563443804075316,0.00558333520503579,0.00553023742869767,0.00547521064687545,0.00541832271203101,0.0053596432548904,0.00529924354286898,0.00523719633637955,0.00517357574342998,0.00510845707291828,0.00504191668702056,0.00497403185308284,0.00490488059540997,0.004834541547348,0.00476309380404366,0.00469061677626878,0.00461719004567204,0.0045428932218273,0.00446780580142689,0.00439200702995465,0.00431557576617272,0.00423859034972446,0.00416112847216088,0.00408326705165962,0.00400508211171313,0.00392664866403208,0.0038480405958749,0.00376933056204842,0.00369058988176391,0.00361188844049026,0.00353329459700474
0.00397404966747698,0.00406244757175517,0.00415096649593266,0.00423952955392533,0.00432805814251564,0.00441647204590025,0.00450468954606171,0.00459262753879319,0.00468020165517554,0.00476732638828881,0.00485391522492195,0.00493988078201859,0.00502513494758383,0.00510958902574838,0.00519315388567963,0.00527574011400029,0.00535725817036996,0.00543761854585659,0.00551673192372189,0.00559450934222316,0.00567086235902677,0.00574570321681262,0.00581894500964638,0.00589050184967597,0.00596028903371851,0.00602822320928317,0.00609422253957847,0.00615820686705099,0.00622009787500367,0.0062798192468301,0.00633729682242266,0.00639245875130318,0.00644523564203353,0.00649556070747423,0.00654336990546577,0.0065886020745162,0.00663119906409411,0.00667110585914341,0.00670827069843702,0.00674264518642237,0.00677418439821528,0.00680284697742744,0.00682859522652352,0.006851395189439,0.00687121672619865,0.0068880335793091,0.00690182343172358,0.00691256795619216,0.00692025285585263,0.00692486789593238,0.00692640692646182,0.00692486789593237,0.00692025285585264,0.00691256795619217,0.00690182343172387,0.00688803357930939,0.00687121672619836,0.00685139518943928,0.00682859522652381,0.00680284697742745,0.00677418439821527,0.00674264518642238,0.00670827069843731,0.00667110585914343,0.00663119906409411,0.00658860207451592,0.00654336990546604,0.00649556070747449,0.00644523564203324,0.00639245875130319,0.00633729682242293,0.00627981924683038,0.00622009787500367,0.006158206867051,0.00609422253957818,0.00602822320928317,0.0059602890337188,0.00589050184967596,0.00581894500964637,0.00574570321681261,0.00567086235902647,0.00559450934222316,0.0055167319237219,0.00543761854585659,0.00535725817037,0.00527574011400028,0.00519315388567934,0.0051095890257484,0.00502513494758386,0.0049398807820186,0.00485391522492165,0.00476732638828883,0.0046802016551758,0.00459262753879314,0.0045046895460637,0.00441647204590023,0.00432805814251619,0.00423952955392504,0.00415096649593122,0.0040624475717555,0.00397404966747533
0.00442539046214624,0.0045238278937836,0.00462240008979319,0.00472102143198423,0.00481960439001352,0.00491805963780756,0.00501629617647084,0.00511422146348463,0.00521174154798225,0.00530876121185095,0.00540518411640097,0.00550091295430713,0.00559584960651818,0.00568989530379713,0.00578295079254353,0.00587491650452409,0.00596569273012172,0.00605517979469541,0.00614327823762581,0.00622988899360694,0.00631491357573119,0.0063982542599042,0.00647981427010989,0.0065594979640403,0.00663721101860299,0.00671286061479628,0.00678635562146041,0.00685760677738912,0.00692652687129953,0.00699303091915497,0.00705703633833642,0.0071184631181623,0.00717723398626965,0.00723327457036996,0.00728651355490673,0.00733688283215413,0.00738431764730966,0.00742875673714567,0.00747014246180924,0.00750842092936715,0.00754354211272724,0.0075754599585717,0.00760413248798168,0.00762952188843364,0.00765159459689491,0.00767032137375628,0.0076856773673787,0.00769764216904987,0.00770619985818484,0.00771133903762609,0.00771305285894111,0.00771133903762609,0.00770619985818485,0.00769764216904987,0.00768567736737898,0.00767032137375627,0.00765159459689491,0.00762952188843365,0.0076041324879817,0.00757545995857143,0.00754354211272725,0.00750842092936744,0.00747014246180924,0.00742875673714566,0.00738431764730939,0.00733688283215413,0.00728651355490674,0.00723327457036996,0.00717723398626965,0.0071184631181623,0.00705703633833644,0.00699303091915499,0.00692652687129924,0.00685760677738911,0.0067863556214604,0.00671286061479656,0.00663721101860271,0.00655949796404028,0.0064798142701096,0.00639825425990419,0.0063149135757309,0.00622988899360694,0.00614327823762609,0.00605517979469541,0.00596569273012171,0.00587491650452407,0.00578295079254379,0.00568989530379713,0.00559584960651816,0.00550091295430713,0.00540518411640095,0.00530876121185098,0.00521174154798226,0.00511422146348495,0.00501629617647226,0.00491805963780784,0.00481960439001416,0.00472102143198361,0.00462240008979431,0.00452382789378419,0.00442539046214707
0.0048875688372178,0.00499628686501747,0.00510515373169372,0.00521407487727388,0.00532295362993209,0.00543169133457001,0.00554018748855988,0.00564833988443955,0.00575604475931333,0.00586319695069146,0.00596969005847563,0.00607541661277063,0.00618026824718005,0.00628413587721809,0.00638690988344857,0.00648848029894364,0.00658873700062609,0.00668756990404706,0.00678486916113131,0.00688052536040237,0.00697442972919048,0.00706647433730375,0.0071565523016444,0.00724455799122626,0.00733038723205213,0.00741393751130234,0.00749510818027191,0.00757380065550353,0.0076499186175534,0.00772336820683348,0.00779405821597041,0.00786190027813779,0.00792680905081093,0.00798870239441787,0.00804750154535645,0.00810313128287545,0.00815552008931783,0.008204600303255,0.00825030826504958,0.00829258445441054,0.00833137361952156,0.00836662489735446,0.00839829192480135,0.00842633294027923,0.00845071087550352,0.00847139343714229,0.00848835317810426,0.00850156755823472,0.00851101899423613,0.00851669489865679,0.00851858770782727,0.0085166948986568,0.00851101899423583,0.00850156755823471,0.00848835317810425,0.0084713934371423,0.00845071087550352,0.00842633294027922,0.00839829192480135,0.00836662489735446,0.00833137361952155,0.00829258445441083,0.00825030826504959,0.008204600303255,0.00815552008931783,0.00810313128287546,0.00804750154535644,0.00798870239441787,0.00792680905081092,0.00786190027813778,0.00779405821597043,0.0077233682068332,0.0076499186175534,0.00757380065550324,0.00749510818027191,0.00741393751130262,0.0073303872320524,0.00724455799122627,0.00715655230164441,0.00706647433730376,0.00697442972919048,0.00688052536040265,0.00678486916113102,0.00668756990404679,0.00658873700062607,0.00648848029894364,0.00638690988344859,0.00628413587721807,0.00618026824718032,0.00607541661277061,0.00596969005847561,0.00586319695069118,0.00575604475931335,0.00564833988444041,0.00554018748856022,0.00543169133457033,0.00532295362993246,0.00521407487727249,0.00510515373169346,0.00499628686501546,0.00488756883721608
0.00536082741598112,0.00548007250560524,0.00559948084603156,0.00571894872113525,0.00583837009845168,0.00595763677020372,0.00607663850219105,0.00619526319030207,0.00631339702437982,0.00643092465915103,0.00654772939189969,0.00666369334652438,0.00677869766361425,0.0068926226961375,0.00700534821031445,0.00711675359122541,0.0072267180526816,0.00733512085086306,0.0074418415012119,0.00754675999804339,0.00764975703633475,0.00775071423511834,0.0078495143619087,0.00794604155757313,0.00804018156104649,0.00813182193329192,0.00822085227988701,0.00830716447163313,0.00839065286256889,0.00847121450477149,0.0085487493593463,0.00862316050299156,0.00869435432954916,0.00876224074595069,0.00882673336199098,0.00888774967336545,0.00894521123743111,0.00899904384116934,0.0090491776608408,0.00909554741286223,0.00913809249543703,0.00917675712051959,0.00921149043570611,0.00924224663568075,0.00926898506287151,0.00929167029701522,0.00931027223334516,0.00932476614916428,0.00933513275860215,0.00934135825537616,0.00934343434343449,0.00934135825537617,0.00933513275860214,0.00932476614916455,0.00931027223334517,0.00929167029701521,0.00926898506287151,0.00924224663568048,0.00921149043570639,0.00917675712051957,0.00913809249543676,0.00909554741286221,0.00904917766084108,0.00899904384116934,0.0089452112374311,0.00888774967336546,0.00882673336199098,0.00876224074595068,0.00869435432954917,0.00862316050299153,0.0085487493593463,0.00847121450477148,0.00839065286256889,0.00830716447163315,0.00822085227988673,0.00813182193329164,0.00804018156104649,0.00794604155757282,0.0078495143619087,0.00775071423511835,0.00764975703633444,0.00754675999804338,0.0074418415012116,0.00733512085086305,0.00722671805268132,0.00711675359122516,0.00700534821031445,0.00689262269613752,0.00677869766361425,0.00666369334652436,0.00654772939189996,0.00643092465915107,0.00631339702437955,0.00619526319030234,0.00607663850219214,0.00595763677020289,0.00583837009845312,0.00571894872113554,0.00559948084603268,0.00548007250560439,0.00536082741598198
0.00584539567519048,0.00597541939673344,0.00610562112541251,0.00623588777014229,0.00636610371412286,0.00649615096861482,0.00662590933528542,0.00675525657686757,0.00688406859583883,0.0070122196208022,0.007139582400215,0.00726602840308734,0.00739142802623894,0.007515650807674,0.00763856564561285,0.00776004102268413,0.00787994523476612,0.00799814662393632,0.0081145138149676,0.00822891595479347,0.00834122295434206,0.00845130573212201,0.00855903645893604,0.00866428880307805,0.00876693817536123,0.00886686197331783,0.00896393982391153,0.00905805382408369,0.00914908877847309,0.00923693243363595,0.00932147570810454,0.00940261291762468,0.00948024199492307,0.00955426470336827,0.00962458684389433,0.00969111845458581,0.00975377400232431,0.00981247256593379,0.00986713801026712,0.0099176991507202,0.00996408990766581,0.0100062494503452,0.0100441223297768,0.0100776586002744,0.0101068139292071,0.0101315496946526,0.0101518330706568,0.010167637099825,0.0101789407530245,0.0101857289760164,0.0101879927228622,0.0101857289760163,0.0101789407530248,0.0101676370998247,0.0101518330706568,0.0101315496946529,0.0101068139292074,0.0100776586002747,0.0100441223297766,0.0100062494503455,0.00996408990766612,0.00991769915072049,0.00986713801026712,0.00981247256593379,0.00975377400232433,0.0096911184545858,0.00962458684389463,0.00955426470336826,0.00948024199492338,0.00940261291762469,0.00932147570810482,0.00923693243363596,0.00914908877847308,0.00905805382408396,0.00896393982391153,0.00886686197331783,0.00876693817536095,0.00866428880307805,0.00855903645893605,0.00845130573212202,0.00834122295434206,0.00822891595479344,0.00811451381496731,0.00799814662393603,0.00787994523476615,0.00776004102268441,0.00763856564561283,0.00751565080767427,0.00739142802623921,0.00726602840308738,0.00713958240021498,0.0070122196208022,0.00688406859583912,0.00675525657686676,0.00662590933528601,0.00649615096861655,0.00636610371412227,0.00623588777014089,0.0061056211254128,0.00597541939673146,0.00584539567519304
0.00634148517657143,0.00648254380606171,0.00662379554987152,0.00676511771905579,0.00690638488459792,0.00704746904424063,0.00718823979860891,0.00732856453635165,0.00746830862798591,0.00760733562809383,0.00774550748549647,0.00788268476098083,0.0080187268521499,0.00815349222490448,0.00828683865106311,0.00841862345158299,0.00854870374482192,0.00867693669925697,0.00880317979005353,0.00892729105885151,0.00904912937612511,0.00916855470544012,0.00928542836893773,0.00939961331333954,0.00951097437576981,0.00961937854868469,0.00972469524317779,0.00982679654994337,0.00992555749717274,0.0100208563046486,0.0101125746333319,0.0102005978297123,0.0102848151642291,0.0103651200630617,0.0104414103326199,0.0105135883760606,0.0105815614012057,0.0106452416192265,0.0107045464335066,0.0107593986181169,0.0108097264853561,0.0108554640418549,0.0108965511327642,0.0109329335735875,0.0109645632692516,0.0109913983200541,0.0110134031141533,0.0110305484063232,0.0110428113827219,0.0110501757114807,0.0110526315789473,0.0110501757114807,0.0110428113827222,0.0110305484063232,0.0110134031141536,0.0109913983200541,0.0109645632692516,0.0109329335735872,0.0108965511327644,0.0108554640418549,0.0108097264853562,0.0107593986181172,0.0107045464335069,0.0106452416192265,0.0105815614012057,0.0105135883760603,0.0104414103326196,0.010365120063062,0.0102848151642288,0.0102005978297123,0.0101125746333316,0.0100208563046486,0.00992555749717244,0.00982679654994364,0.00972469524317751,0.009619378548685,0.00951097437577007,0.00939961331333954,0.00928542836893773,0.00916855470543984,0.00904912937612509,0.00892729105885151,0.00880317979005354,0.00867693669925695,0.00854870374482192,0.00841862345158298,0.00828683865106311,0.00815349222490447,0.00801872685214988,0.00788268476098111,0.00774550748549649,0.00760733562809407,0.00746830862798592,0.00732856453635389,0.00718823979861088,0.00704746904424058,0.00690638488459849,0.00676511771905602,0.00662379554987041,0.00648254380606372,0.00634148517657368
0.00684928375863877,0.00700163775034263,0.00715420032012228,0.00730683895463369,0.00745941818105101,0.00761179974725135,0.00776384281204453,0.00791540414513835,0.00806633833650577,0.00821649801477373,0.00836573407422288,0.0085138959099552,0.00866083166074415,0.0088063884590541,0.00895041268769003,0.00909275024249057,0.00923324680047224,0.00937174809278474,0.00950810018182305,0.00964214974181966,0.00977374434220796,0.00990273273304594,0.0100289651317534,0.010152293510421,0.0102725718829177,0.010389656591033,0.0105034065888673,0.0106136837246951,0.0107203530195069,0.0108232829414556,0.0109223456754252,0.0110174173869513,0.0111083784797298,0.011195113845973,0.0112775131088704,0.0113554708564491,0.0114288868661361,0.0114976663193544,0.01156172000551,0.0116209645147557,0.0116753224189515,0.011724722440266,0.0117690996069104,0.0118083953955297,0.0118425578598061,0.0118715417448907,0.0118953085873004,0.0119138267999786,0.0119270717422505,0.0119350257744616,0.0119376782971254,0.0119350257744615,0.0119270717422505,0.0119138267999786,0.0118953085873004,0.0118715417448904,0.0118425578598058,0.0118083953955297,0.0117690996069104,0.0117247224402657,0.0116753224189515,0.0116209645147557,0.0115617200055097,0.0114976663193545,0.0114288868661361,0.0113554708564491,0.0112775131088704,0.0111951138459732,0.0111083784797301,0.0110174173869513,0.0109223456754255,0.0108232829414556,0.0107203530195069,0.0106136837246951,0.0105034065888673,0.0103896565910327,0.0102725718829174,0.010152293510421,0.0100289651317534,0.00990273273304568,0.00977374434220823,0.00964214974181968,0.00950810018182305,0.00937174809278443,0.00923324680047224,0.00909275024249057,0.00895041268769006,0.00880638845905438,0.00866083166074386,0.00851389590995547,0.00836573407422284,0.0082164980147737,0.0080663383365055,0.00791540414513947,0.00776384281204567,0.0076117997472499,0.007459418181051,0.00730683895463508,0.00715420032012115,0.00700163775034091,0.00684928375863902
0.0073689484668887,0.00753286176835982,0.00769699947301606,0.00786121901354156,0.00802537463859763,0.00818931760668076,0.00835289639078277,0.00851595689353001,0.00867834267243364,0.00883989517484897,0.00900045398219781,0.00915985706297914,0.00931794103404282,0.00947454142958043,0.00962949297724598,0.00978262988078051,0.00993378610850069,0.0100827956869637,0.010229492999104,0.0103737130861136,0.0105152919523066,0.010654066872197,0.0107898766989913,0.0109225621736968,0.0110519662340107,0.0111779343221733,0.0113003146909372,0.0114189587068121,0.011533721149743,0.0116444605083778,0.0117510392700905,0.0118533242049214,0.01195118664263,0.0120445027420392,0.0121331537518963,0.0122170262624748,0.0122960124471755,0.0123700102934041,0.0124389238220335,0.0125026632947965,0.0125611454089713,0.0126142934787774,0.0126620376029276,0.0127043148178166,0.0127410692358879,0.0127722521687442,0.0127978222346241,0.0128177454499169,0.0128319953044255,0.0128405528201502,0.0128434065934066,0.0128405528201502,0.0128319953044255,0.0128177454499169,0.0127978222346241,0.0127722521687442,0.0127410692358881,0.0127043148178166,0.0126620376029276,0.0126142934787777,0.0125611454089712,0.0125026632947966,0.0124389238220335,0.0123700102934041,0.0122960124471756,0.0122170262624748,0.012133153751896,0.0120445027420392,0.0119511866426303,0.0118533242049214,0.0117510392700902,0.0116444605083778,0.0115337211497428,0.0114189587068121,0.0113003146909375,0.0111779343221736,0.0110519662340104,0.0109225621736968,0.0107898766989915,0.0106540668721964,0.0105152919523063,0.0103737130861133,0.0102294929991037,0.0100827956869637,0.00993378610850096,0.00978262988078052,0.009629492977246,0.00947454142958046,0.00931794103404279,0.00915985706297945,0.00900045398219809,0.00883989517484896,0.00867834267243422,0.00851595689352769,0.00835289639078046,0.00818931760668073,0.00802537463859687,0.00786121901354186,0.007696999473015,0.0075328617683601,0.00736894846688924
0.00790059694823726,0.00807633612394167,0.00825231589287687,0.00842838340190392,0.00860438238414427,0.00878015336682136,0.00895553389068865,0.00913035874068864,0.00930446018745702,0.00947766823922909,0.00964981090368865,0.00982071445922569,0.00999020373506482,0.0101581023996624,0.0103242332567461,0.0104884185483333,0.0106504802640316,0.0108102404558895,0.0109675215580465,0.0111221467103894,0.0112739400854153,0.0114227272174601,0.0115683353334534,0.0117105936843218,0.0118493338761685,0.0119843902003353,0.0121155999614466,0.012242803802532,0.012365846026326,0.0124845749118399,0.0125988430253049,0.0127085075246033,0.0128134304563051,0.0129134790444489,0.0130085259702184,0.0130984496417025,0.0131831344529214,0.0132624710313646,0.0133363564732877,0.0134046945660637,0.0134673959969191,0.0135243785474153,0.0135755672730862,0.0136208946676844,0.0136603008115263,0.0136937335034861,0.0137211483762277,0.0137425089943192,0.0137577869349307,0.0137669618508529,0.0137700215156588,0.0137669618508529,0.0137577869349307,0.0137425089943195,0.0137211483762274,0.0136937335034858,0.0136603008115263,0.0136208946676844,0.0135755672730865,0.0135243785474153,0.0134673959969191,0.0134046945660637,0.0133363564732874,0.0132624710313646,0.0131831344529214,0.0130984496417025,0.0130085259702184,0.0129134790444486,0.0128134304563055,0.0127085075246033,0.0125988430253049,0.0124845749118397,0.012365846026326,0.0122428038025317,0.0121155999614466,0.0119843902003356,0.0118493338761682,0.0117105936843218,0.0115683353334537,0.0114227272174604,0.011273940085415,0.0111221467103894,0.0109675215580462,0.0108102404558892,0.0106504802640313,0.0104884185483333,0.0103242332567461,0.0101581023996624,0.00999020373506479,0.00982071445922569,0.00964981090368888,0.00947766823922908,0.00930446018745851,0.00913035874069035,0.00895553389068754,0.00878015336682159,0.00860438238414479,0.00842838340190194,0.00825231589287689,0.00807633612394193,0.00790059694823902
0.00844429697187292,0.00863213009371937,0.00882022036584248,0.00900840441611947,0.00919651522376136,0.00938438234145986,0.00957183212991519,0.00975868800436828,0.00994477069272386,0.0101298985047954,0.0103138876121691,0.0104965523381333,0.0106777054570826,0.0108571585027613,0.0110347220846774,0.0112102062119732,0.0113834206240096,0.0115541751268873,0.0117222799350904,0.0118875460174212,0.01204978544635,0.0122088117499084,0.0123644402651989,0.0125164884926089,0.0126647764497799,0.0128091270243846,0.0129493663247425,0.0130853240273215,0.0132168337201468,0.0133437332411558,0.0134658650105444,0.0135830763561448,0.0136952198309045,0.0138021535215402,0.0139037413474629,0.0139998533490983,0.0140903659647433,0.0141751622951341,0.0142541323549386,0.01432717331041,0.0143941897024846,0.0144550936546486,0.0145098050649397,0.0145582517814922,0.0146003697610952,0.0146361032102671,0.0146654047084187,0.0146882353127199,0.0147045646443497,0.0147143709558532,0.0147176411794103,0.0147143709558532,0.0147045646443494,0.0146882353127199,0.0146654047084184,0.0146361032102671,0.0146003697610952,0.0145582517814922,0.0145098050649397,0.0144550936546486,0.0143941897024846,0.01432717331041,0.0142541323549386,0.0141751622951341,0.014090365964743,0.0139998533490983,0.0139037413474629,0.0138021535215399,0.0136952198309045,0.0135830763561448,0.0134658650105447,0.0133437332411561,0.0132168337201468,0.0130853240273218,0.0129493663247425,0.0128091270243843,0.0126647764497802,0.0125164884926086,0.0123644402651986,0.0122088117499084,0.0120497854463502,0.0118875460174213,0.0117222799350907,0.011554175126887,0.0113834206240098,0.0112102062119732,0.0110347220846773,0.0108571585027611,0.0106777054570825,0.010496552338133,0.0103138876121691,0.0101298985047955,0.00994477069272193,0.00975868800436741,0.00957183212991547,0.00938438234145966,0.00919651522376158,0.00900840441612,0.0088202203658439,0.00863213009371933,0.00844429697187371
0.00900005365862637,0.00920024891243139,0.0094007182407143,0.00960128751910791,0.00980177873444321,0.0100020102215179,0.0102017969130586,0.0104009506024787,0.0105992802189901,0.0107965921145689,0.0109926903622359,0.011187377065071,0.0113804526753204,0.011571716322927,0.0117609661527692,0.011947999669847,0.0121326140916241,0.0123146067066954,0.0124937752389183,0.012669918216111,0.0128428353423998,0.0130123278732671,0.0131781989923302,0.0133402541888664,0.0134983016350797,0.0136521525620924,0.0138016216336413,0.0139465273164463,0.0140866922462206,0.0142219435882967,0.0143521133918436,0.0144770389366599,0.0145965630715483,0.0147105345432812,0.0148188083152026,0.014921245874521,0.0150177155273886,0.0151080926808819,0.0151922601110462,0.0152701082161885,0.0153415352546605,0.0154064475664049,0.0154647597775929,0.0155163949877247,0.0155612849386205,0.0155993701647828,0.0156306001246622,0.0156549333124289,0.0156723373498949,0.0156827890583108,0.0156862745098039,0.0156827890583108,0.0156723373498952,0.0156549333124289,0.0156306001246624,0.0155993701647828,0.0155612849386207,0.0155163949877244,0.0154647597775926,0.0154064475664046,0.0153415352546605,0.0152701082161888,0.0151922601110462,0.015108092680882,0.0150177155273886,0.014921245874521,0.0148188083152026,0.0147105345432812,0.0145965630715483,0.0144770389366602,0.0143521133918436,0.014221943588297,0.0140866922462206,0.0139465273164463,0.0138016216336416,0.0136521525620927,0.0134983016350795,0.0133402541888664,0.0131781989923302,0.0130123278732671,0.0128428353423996,0.0126699182161107,0.0124937752389183,0.0123146067066954,0.0121326140916239,0.011947999669847,0.0117609661527692,0.011571716322927,0.0113804526753203,0.0111873770650713,0.0109926903622359,0.0107965921145675,0.0105992802189884,0.0104009506024796,0.0102017969130572,0.0100020102215188,0.00980177873444349,0.00960128751910683,0.0094007182407157,0.00920024891242882,0.00900005365862788
0.00956779390003043,0.00978061784540012,0.00999373315437954,0.0102069547185097,0.0104200932952178,0.0106329557595199,0.0108453453697526,0.0110570620469053,0.0112679026670874,0.0114776613665934,0.0116861298590051,0.0118930977636929,0.0120983529450569,0.0123016818617811,0.0125028699253446,0.0127017018669837,0.012897962112259,0.0130914351623516,0.01328190598116,0.0134691603872601,0.0136529854497399,0.0138331698869048,0.0140095044668262,0.0141817824086805,0.0143497997838154,0.0145133559154584,0.0146722537759884,0.014826300380665,0.0149753071767312,0.0151190904267839,0.0152574715853395,0.0153902776675015,0.015517341608681,0.0156385026143136,0.0157536064985585,0.0158625060109789,0.0159650611502313,0.0160611394638388,0.0161506163331392,0.016233375242559,0.0163093080323967,0.0163783151343432,0.0164403057890285,0.0164951982449256,0.0165429199380006,0.0165834076515604,0.0166166076558011,0.016642475826627,0.0166609777433733,0.0166720887651313,0.0166757940854331,0.0166720887651316,0.0166609777433734,0.0166424758266269,0.0166166076558013,0.0165834076515607,0.0165429199380006,0.0164951982449256,0.0164403057890287,0.0163783151343432,0.0163093080323967,0.016233375242559,0.0161506163331392,0.0160611394638388,0.0159650611502316,0.0158625060109789,0.0157536064985585,0.0156385026143133,0.0155173416086813,0.0153902776675018,0.0152574715853398,0.0151190904267839,0.0149753071767312,0.0148263003806652,0.0146722537759885,0.0145133559154585,0.0143497997838152,0.0141817824086805,0.0140095044668259,0.0138331698869048,0.0136529854497399,0.0134691603872601,0.0132819059811598,0.0130914351623514,0.012897962112259,0.0127017018669834,0.0125028699253443,0.012301681861781,0.012098352945057,0.0118930977636926,0.0116861298590048,0.0114776613665935,0.0112679026670865,0.0110570620469062,0.010845345369752,0.010632955759521,0.0104200932952183,0.0102069547185095,0.00999373315437868,0.00978061784540157,0.00956779390003093
0.0101473473205365,0.0103730627272809,0.010599087146508,0.0108252242571172,0.0110512733534773,0.0112770296123753,0.0115022843748445,0.0117268254424165,0.0119504373873032,0.0121729018759442,0.0123939980053125,0.012613502651317,0.012831190828592,0.0130468360609065,0.0132602107613919,0.013471086621732,0.0136792350094204,0.0138844273721493,0.0140864356483592,0.0142850326829372,0.0144799926470307,0.0146710914609022,0.0148581072187436,0.0150408206143215,0.0152190153663398,0.0153924786423601,0.0155610014801361,0.0157243792051933,0.0158824118435004,0.0160349045280637,0.0161816678982984,0.016322518491033,0.0164572791220138,0.0165857792568101,0.0167078553700271,0.0168233512917738,0.0169321185403556,0.0170340166402029,0.0171289134240834,0.0172166853186838,0.0172972176127061,0.0173704047066537,0.0174361503435574,0.0174943678199248,0.0175449801762753,0.0175879203666681,0.0176231314067045,0.0176505664995438,0.0176701891395469,0.0176819731932215,0.0176859029572218,0.0176819731932215,0.0176701891395469,0.0176505664995438,0.0176231314067047,0.0175879203666684,0.0175449801762753,0.0174943678199251,0.0174361503435573,0.017370404706654,0.0172972176127061,0.0172166853186841,0.0171289134240834,0.0170340166402029,0.0169321185403556,0.0168233512917737,0.016707855370027,0.0165857792568098,0.0164572791220138,0.016322518491033,0.0161816678982984,0.0160349045280637,0.0158824118435004,0.0157243792051936,0.0155610014801358,0.0153924786423601,0.0152190153663398,0.0150408206143215,0.0148581072187436,0.0146710914609022,0.0144799926470304,0.0142850326829372,0.014086435648359,0.013884427372149,0.0136792350094201,0.013471086621732,0.0132602107613919,0.0130468360609067,0.012831190828592,0.012613502651317,0.0123939980053128,0.0121729018759453,0.0119504373873034,0.0117268254424176,0.0115022843748464,0.0112770296123753,0.011051273353477,0.0108252242571175,0.0105990871465061,0.0103730627272809,0.0101473473205353
0.0107384229740217,0.0109772861402085,0.0112164763186312,0.0114557857526275,0.0116950020456089,0.0119339084435573,0.0121722841332716,0.0124099045558766,0.0126465417350713,0.0128819646195221,0.0131159394387608,0.0133482300718791,0.0135785984282764,0.0138068048396444,0.014032608462344,0.0142557676892643,0.0144760405702204,0.014693185239898,0.0149069603523161,0.0151171255207411,0.0153234417619518,0.0155256719437292,0.0157235812344108,0.0159169375533342,0.0161055120209735,0.0162890794075551,0.0164674185789324,0.0166403129384906,0.0168075508638552,0.016968926137171,0.0171242383677368,0.0172732934057822,0.0174159037461998,0.0175518889210513,0.0176810758797059,0.0178032993554883,0.0179184022177535,0.0180262358083311,0.0181266602613427,0.018219544805419,0.0183047680474111,0.0183822182367289,0.0184517935095038,0.0185134021118276,0.0185669626013857,0.0186124040268597,0.0186496660845506,0.0186786992517352,0.018699464896348,0.018711935362639,0.0187160940325548,0.018711935362639,0.018699464896348,0.0186786992517354,0.0186496660845506,0.0186124040268597,0.0185669626013857,0.0185134021118278,0.0184517935095038,0.0183822182367292,0.0183047680474111,0.018219544805419,0.0181266602613426,0.0180262358083311,0.0179184022177532,0.0178032993554883,0.0176810758797058,0.0175518889210513,0.0174159037462001,0.0172732934057822,0.0171242383677365,0.0169689261371713,0.0168075508638552,0.0166403129384906,0.0164674185789321,0.0162890794075554,0.0161055120209738,0.0159169375533342,0.0157235812344105,0.0155256719437292,0.0153234417619521,0.015117125520741,0.0149069603523164,0.014693185239898,0.0144760405702203,0.0142557676892643,0.014032608462344,0.0138068048396444,0.0135785984282761,0.013348230071878,0.0131159394387602,0.012881964619521,0.0126465417350718,0.0124099045558777,0.0121722841332742,0.011933908443556,0.01169500204561,0.0114557857526288,0.0112164763186306,0.0109772861402085,0.0107384229740208
0.0113405807583316,0.0115928381924894,0.0118454409761167,0.0120981697025819,0.0123508000651426,0.0126031031552866,0.0128548457776965,0.0131057907813437,0.0133556974061409,0.0136043216445354,0.013851416617364,0.0140967329632243,0.0143400192405672,0.0145810223416698,0.0148194879175686,0.0150551608130186,0.0152877855104627,0.0155171065819715,0.0157428691480735,0.0159648193423317,0.0161827047805252,0.0163962750332305,0.0166052821005835,0.0168094808879839,0.0170086296814703,0.0172024906214948,0.0173908301737985,0.0175734195960978,0.0177500353992787,0.0179204598018064,0.0180844811760572,0.0182418944853004,0.0183925017100662,0.0185361122626647,0.0186725433886399,0.0188016205539769,0.0189231778169186,0.0190370581832784,0.0191431139441888,0.019241206995268,0.0193312091362373,0.0194130023500859,0.0194864790609205,0.0195515423697281,0.0196081062673094,0.0196560958237469,0.0196954473538075,0.019726108557778,0.0197480386372967,0.0197612083858169,0.0197656002534255,0.0197612083858169,0.019748038637297,0.019726108557778,0.0196954473538073,0.019656095823747,0.0196081062673097,0.0195515423697281,0.0194864790609209,0.0194130023500859,0.0193312091362373,0.0192412069952677,0.0191431139441888,0.0190370581832784,0.0189231778169186,0.0188016205539769,0.0186725433886399,0.0185361122626647,0.0183925017100662,0.0182418944853003,0.0180844811760572,0.0179204598018064,0.017750035399279,0.0175734195960978,0.0173908301737985,0.0172024906214948,0.0170086296814703,0.016809480887984,0.0166052821005836,0.0163962750332305,0.0161827047805252,0.0159648193423316,0.0157428691480733,0.0155171065819718,0.0152877855104624,0.0150551608130186,0.0148194879175686,0.0145810223416695,0.0143400192405672,0.0140967329632226,0.0138514166173626,0.0136043216445365,0.0133556974061426,0.0131057907813441,0.0128548457776951,0.0126031031552861,0.0123508000651451,0.0120981697025809,0.0118454409761171,0.011592838192488,0.011340580758332
0.0119531962654072,0.0122190805868679,0.0124853289134945,0.0127517099863624,0.0130179873817304,0.0132839198255027,0.0135492615252057,0.0138137625189679,0.0140771690408983,0.0143392239022144,0.0145996668873981,0.0148582351646024,0.0151146637094655,0.0153686857414441,0.0156200331717044,0.0158684370615743,0.0161136280904976,0.01635533703239,0.0165932952392494,0.0168272351308343,0.0170568906891874,0.0172819979567464,0.0175022955367529,0.0177175250946534,0.0179274318591561,0.0181317651215959,0.0183302787322477,0.0185227315922235,0.0187088881395807,0.0188885188282764,0.0190614005986126,0.0192273173378225,0.0193860603294717,0.0195374286903674,0.019681229793701,0.0198172796771713,0.0199454034348862,0.0200654355918701,0.0201772204600578,0.0202806124746999,0.020375476510171,0.0204616881742068,0.0205391340796912,0.0206077120931477,0.0206673315591814,0.0207179135001783,0.0207593907906436,0.0207917083056461,0.0208148230429062,0.0208287042181459,0.0208333333334103,0.0208287042181459,0.0208148230429062,0.0207917083056461,0.0207593907906435,0.0207179135001786,0.0206673315591817,0.0206077120931477,0.0205391340796909,0.0204616881742068,0.020375476510171,0.0202806124747002,0.0201772204600577,0.0200654355918701,0.0199454034348862,0.0198172796771713,0.0196812297937007,0.0195374286903674,0.0193860603294714,0.0192273173378228,0.0190614005986126,0.0188885188282764,0.0187088881395807,0.0185227315922237,0.0183302787322477,0.0181317651215959,0.0179274318591564,0.0177175250946534,0.0175022955367529,0.0172819979567464,0.0170568906891874,0.0168272351308343,0.0165932952392494,0.0163553370323899,0.0161136280904976,0.0158684370615742,0.0156200331717044,0.0153686857414443,0.0151146637094646,0.0148582351646013,0.0145996668873993,0.0143392239022148,0.0140771690408988,0.0138137625189659,0.0135492615252071,0.013283919825503,0.01301798738173,0.0127517099863624,0.0124853289134968,0.0122190805868667,0.0119531962654071
0.0125754174409794,0.0128551423161623,0.0131352501447255,0.0134154976296081,0.01369563604008,0.0139754115425717,0.0142545655499332,0.0145328350885785,0.0148099531828859,0.0150856492561631,0.0153596495474277,0.0156316775431736,0.0159014544232514,0.0161686995199104,0.0164331307890087,0.016694465292326,0.0169524196898808,0.0172067107410797,0.0174570558135035,0.0177031733980772,0.0179447836293333,0.0181816088094522,0.0184133739347213,0.0186398072230352,0.0188606406410347,0.0190756104294663,0.0192844576253317,0.0194869285793906,0.0196827754675706,0.0198717567948577,0.0200536378902268,0.0202281913912054,0.0203951977166678,0.0205544455264883,0.0207057321667089,0.0208488640989093,0.0209836573125063,0.0211099377187594,0.0212275415252919,0.0213363155900127,0.0214361177533581,0.0215268171478512,0.0216082944840327,0.021680442311889,0.0217431652569774,0.0217963802305199,0.0218400166128177,0.0218740164094235,0.0218983343795821,0.0219129381365469,0.021917808219455,0.0219129381365469,0.0218983343795821,0.0218740164094235,0.0218400166128177,0.0217963802305199,0.0217431652569775,0.0216804423118893,0.0216082944840327,0.0215268171478512,0.0214361177533578,0.0213363155900127,0.0212275415252919,0.0211099377187594,0.0209836573125066,0.0208488640989093,0.0207057321667092,0.0205544455264883,0.0203951977166678,0.0202281913912051,0.0200536378902265,0.0198717567948574,0.0196827754675706,0.0194869285793906,0.0192844576253319,0.0190756104294661,0.0188606406410344,0.0186398072230352,0.0184133739347214,0.0181816088094523,0.0179447836293333,0.0177031733980772,0.0174570558135035,0.0172067107410795,0.0169524196898808,0.016694465292326,0.0164331307890084,0.0161686995199115,0.0159014544232516,0.0156316775431727,0.0153596495474274,0.0150856492561623,0.0148099531828881,0.0145328350885799,0.0142545655499323,0.0139754115425725,0.0136956360400789,0.0134154976296084,0.0131352501447252,0.0128551423161622,0.0125754174409777
0.0132061109813917,0.0134998648677546,0.0137940209137168,0.0140883236201663,0.0143825117818084,0.0146763188345855,0.014969473222455,0.0152616987829459,0.0155527151508358,0.0158422381792302,0.0161299803772409,0.0164156513634111,0.0166989583339544,0.0169796065448214,0.0172572998065399,0.0175317409907213,0.0178026325470637,0.0180696770296399,0.0183325776311978,0.0185910387241682,0.0188447664070211,0.0190934690545884,0.019336857870927,0.0195746474432722,0.0198065562956174,0.0200323074404201,0.0202516289269394,0.0204642543846909,0.02066992356051,0.0208683828477089,0.0210593858058324,0.0212426936695221,0.0214180758450245,0.0215853103928958,0.0217441844954956,0.0218944949078927,0.0220360483908411,0.0221686621245464,0.022292164101971,0.0224063935005055,0.0225112010308724,0.022606449262213,0.0226920129223564,0.0227677791723601,0.0228336478544779,0.0228895317127887,0.0229353565858126,0.022971061570512,0.0229965991571778,0.0230119353347737,0.0230170496664196,0.0230119353347738,0.0229965991571778,0.022971061570512,0.0229353565858124,0.022889531712789,0.0228336478544782,0.0227677791723604,0.0226920129223562,0.0226064492622127,0.0225112010308723,0.0224063935005052,0.0222921641019712,0.0221686621245464,0.0220360483908414,0.0218944949078927,0.0217441844954956,0.0215853103928955,0.0214180758450245,0.0212426936695221,0.0210593858058321,0.0208683828477089,0.0206699235605103,0.0204642543846912,0.0202516289269391,0.0200323074404204,0.0198065562956174,0.0195746474432722,0.019336857870927,0.0190934690545884,0.0188447664070208,0.018591038724168,0.0183325776311978,0.0180696770296399,0.017802632547064,0.0175317409907214,0.0172572998065399,0.0169796065448216,0.0166989583339532,0.0164156513634122,0.0161299803772387,0.0158422381792308,0.0155527151508368,0.0152616987829445,0.0149694732224571,0.0146763188345871,0.0143825117818089,0.0140883236201662,0.0137940209137166,0.0134998648677543,0.0132061109813918
0.0138437958156779,0.0141517342260547,0.0144600942151527,0.014768607946548,0.0150770016020992,0.0153849957461423,0.0156923057099806,0.0159986419960569,0.016303710701126,0.0166072139576622,0.0169088503926754,0.0172083156030294,0.0175053026462919,0.0177995025460766,0.0180906048107813,0.0183782979645475,0.0186622700892314,0.0189422093761037,0.0192178046859504,0.0194887461162034,0.0197547255736794,0.0200154373514765,0.0202705787085311,0.0205198504503246,0.0207629575091882,0.0209996095226545,0.0212295214082688,0.0214524139332883,0.0216680142776766,0.0218760565888138,0.0220762825263491,0.0222684417956382,0.0224522926682217,0.0226276024878439,0.0227941481605171,0.0229517166272009,0.0231001053176867,0.0232391225843412,0.023368588114406,0.0234883333196134,0.0235982017019395,0.0236980491943874,0.0237877444757565,0.0238671692584387,0.0239362185483601,0.023994800876264,0.024042838499627,0.0240802675745819,0.024107038297312,0.0241231150144872,0.0241284763023894,0.0241231150144872,0.0241070382973122,0.0240802675745819,0.0240428384996272,0.0239948008762637,0.0239362185483598,0.0238671692584387,0.0237877444757566,0.0236980491943874,0.0235982017019394,0.0234883333196131,0.023368588114406,0.0232391225843412,0.0231001053176867,0.0229517166272009,0.0227941481605171,0.0226276024878439,0.0224522926682217,0.0222684417956379,0.0220762825263494,0.0218760565888138,0.0216680142776765,0.021452413933288,0.0212295214082688,0.0209996095226543,0.0207629575091885,0.0205198504503246,0.0202705787085311,0.0200154373514765,0.0197547255736793,0.0194887461162034,0.0192178046859504,0.0189422093761034,0.0186622700892322,0.0183782979645466,0.01809060481078,0.017799502546075,0.0175053026462919,0.0172083156030291,0.016908850392674,0.0166072139576613,0.0163037107011243,0.0159986419960552,0.0156923057099803,0.0153849957461425,0.0150770016020992,0.0147686079465483,0.0144600942151535,0.0141517342260553,0.0138437958156776
0.0144865602499625,0.0148087961738808,0.0151314732503288,0.0154543112072956,0.0157770235133229,0.0160993177586098,0.0164208960573531,0.0167414554706873,0.0170606884495035,0.0173782832963511,0.0176939246455579,0.0180072939606157,0.0183180700478222,0.0186259295850845,0.0189305476647421,0.0192315983491801,0.0195287552379639,0.0198216920451519,0.0201100831854043,0.0203936043674435,0.0206719331933868,0.0209447497624274,0.0212117372773001,0.0214725826519487,0.0217269771187779,0.0219746168338529,0.0222152034784035,0.0224484448549704,0.0226740554765424,0.0228917571470206,0.0231012795313677,0.0233023607138126,0.0234947477424968,0.0236781971589851,0.0238524755110842,0.0240173598474683,0.0241726381926388,0.0243181100008039,0.0244535865873232,0.0245788915364117,0.0246938610838774,0.0247983444737233,0.024892204287534,0.0249753167456331,0.0250475719790949,0.0251088742717656,0.0251591422715528,0.0251983091703319,0.0252263228519067,0.0252431460075703,0.0252487562189056,0.0252431460075703,0.0252263228519067,0.0251983091703319,0.0251591422715529,0.0251088742717656,0.0250475719790949,0.0249753167456331,0.0248922042875337,0.0247983444737233,0.0246938610838774,0.0245788915364117,0.0244535865873229,0.0243181100008039,0.0241726381926388,0.0240173598474683,0.0238524755110839,0.0236781971589848,0.0234947477424967,0.0233023607138126,0.0231012795313677,0.0228917571470209,0.0226740554765424,0.0224484448549704,0.0222152034784032,0.0219746168338532,0.021726977118778,0.0214725826519487,0.0212117372773001,0.0209447497624274,0.0206719331933869,0.0203936043674433,0.0201100831854049,0.0198216920451516,0.0195287552379631,0.01923159834918,0.0189305476647421,0.0186259295850832,0.0183180700478219,0.0180072939606172,0.0176939246455566,0.0173782832963483,0.0170606884495012,0.0167414554706875,0.0164208960573541,0.0160993177586081,0.0157770235133249,0.015454311207295,0.0151314732503297,0.01480879617388,0.0144865602499634
0.0151319583491192,0.0154685503692525,0.0158056031959262,0.0161428240705883,0.0164799136963716,0.0168165666361786,0.0171524717329442,0.0174873125514201,0.0178207678407196,0.0181525120168022,0.0184822156639789,0.0188095460544601,0.0191341676848791,0.0194557428286576,0.0197739321030076,0.0200883950493032,0.0203987907254778,0.0207047783090592,0.0210060177093897,0.0213021701875269,0.0215928989822764,0.0218778699407675,0.0221567521519397,0.0224292185812809,0.0226949467051338,0.0229536191428586,0.0232049242851336,0.0234485569166625,0.0236842188315576,0.0239116194396639,0.0241304763621107,0.0243405160143843,0.0245414741752406,0.0247330965398027,0.0249151392552305,0.0250873694373815,0.0252495656669276,0.0254015184634607,0.0255430307361547,0.0256739182096357,0.0257940098237695,0.025903148106153,0.0260011895161721,0.0260880047595807,0.0261634790726256,0.0262275124748543,0.0262800199898166,0.0263209318329845,0.0263501935663072,0.026367766218918,0.0263736263736264,0.026367766218918,0.0263501935663071,0.0263209318329845,0.0262800199898165,0.0262275124748544,0.0261634790726258,0.0260880047595805,0.0260011895161722,0.025903148106153,0.0257940098237695,0.0256739182096356,0.0255430307361547,0.0254015184634607,0.0252495656669276,0.0250873694373815,0.0249151392552308,0.0247330965398025,0.0245414741752406,0.0243405160143844,0.0241304763621107,0.0239116194396639,0.0236842188315576,0.0234485569166627,0.0232049242851333,0.0229536191428588,0.0226949467051338,0.0224292185812809,0.0221567521519397,0.0218778699407667,0.0215928989822767,0.0213021701875269,0.0210060177093889,0.0207047783090603,0.0203987907254776,0.0200883950493012,0.0197739321030093,0.0194557428286589,0.0191341676848802,0.0188095460544604,0.0184822156639786,0.0181525120168019,0.0178207678407185,0.0174873125514201,0.0171524717329445,0.0168165666361791,0.0164799136963709,0.0161428240705889,0.0158056031959256,0.0154685503692533,0.0151319583491181
0.0157768797765802,0.0161278172899465,0.0164792352493474,0.0168308284189127,0.0171822847457949,0.0175332857752206,0.0178835070886647,0.0182326187644641,0.0185802858600752,0.018926168915122,0.0192699244742764,0.019611205628949,0.0199496625766777,0.0202849431970355,0.0206166936428011,0.0209445589450595,0.0212681836308529,0.0215872123519155,0.0219012905229845,0.0222100649681226,0.0225131845734328,0.0228103009445069,0.0231010690669121,0.0233851479679831,0.0236622013781606,0.0239318983900966,0.0241939141137349,0.0244479303255562,0.0246936361101902,0.0249307284925796,0.0251589130589166,0.0253779045645618,0.0255874275272082,0.0257872168035494,0.0259770181477805,0.0261565887502764,0.0263256977548563,0.0264841267530936,0.0266316702541854,0.0267681361289733,0.0268933460267709,0.0270071357637273,0.0271093556815539,0.0271998709755052,0.0272785619906177,0.0273453244852885,0.0274000698613868,0.0274427253601803,0.0274732342234768,0.027491555819479,0.0274976657329597,0.027491555819479,0.0274732342234771,0.0274427253601801,0.0274000698613869,0.0273453244852888,0.0272785619906176,0.0271998709755052,0.0271093556815537,0.0270071357637273,0.026893346026771,0.0267681361289735,0.0266316702541851,0.0264841267530936,0.0263256977548563,0.0261565887502764,0.0259770181477808,0.0257872168035497,0.0255874275272082,0.0253779045645618,0.0251589130589163,0.0249307284925799,0.0246936361101902,0.0244479303255568,0.0241939141137359,0.0239318983900961,0.0236622013781595,0.0233851479679842,0.0231010690669123,0.0228103009445072,0.0225131845734333,0.022210064968122,0.021901290522984,0.021587212351916,0.0212681836308538,0.0209445589450578,0.0206166936428008,0.0202849431970357,0.019949662576678,0.019611205628949,0.0192699244742773,0.0189261689151226,0.0185802858600733,0.0182326187644632,0.0178835070886673,0.0175332857752212,0.0171822847457932,0.0168308284189124,0.0164792352493491,0.0161278172899465,0.0157768797765794
0.0164173855114139,0.0167825702962978,0.0171482550322418,0.0175141220914874,0.0178798467525463,0.0182450976320986,0.0186095371409589,0.0189728219633886,0.019334603558933,0.0196945286858898,0.0200522399454196,0.0204073763452265,0.0207595738816574,0.0211084661389904,0.0214536849046047,0.021794860798648,0.0221316239167628,0.0224636044843443,0.0227904335207686,0.0231117435119518,0.0234271690895639,0.0237363477151694,0.0240389203675289,0.0243345322312556,0.0246228333850037,0.0249034794873338,0.0251761324583863,0.0254404611554849,0.0256961420407957,0.0259428598391584,0.0261803081842274,0.026408190251076,0.0266262193734353,0.0268341196437797,0.0270316264944973,0.0272184872584407,0.0273944617071882,0.0275593225654241,0.0277128559998817,0.0278548620813941,0.0279851552186348,0.028103564562264,0.028209934378202,0.0283041243889326,0.0283860100817749,0.0284554829831516,0.0285124508980429,0.0285568381138778,0.0285885855682136,0.02860765097969,0.0286140089418769,0.0286076509796909,0.028588585568213,0.0285568381138803,0.0285124508980431,0.0284554829831499,0.0283860100817746,0.0283041243889353,0.0282099343782026,0.0281035645622651,0.0279851552186342,0.0278548620813925,0.0277128559998802,0.0275593225654227,0.0273944617071876,0.0272184872584418,0.0270316264944985,0.0268341196437788,0.0266262193734348,0.0264081902510772,0.026180308184228,0.0259428598391581,0.0256961420407948,0.0254404611554841,0.0251761324583855,0.0249034794873345,0.0246228333850048,0.0243345322312553,0.0240389203675289,0.0237363477151705,0.0234271690895632,0.0231117435119527,0.0227904335207691,0.0224636044843449,0.0221316239167624,0.0217948607986476,0.0214536849046041,0.0211084661389913,0.0207595738816568,0.0204073763452268,0.0200522399454184,0.0196945286858889,0.0193346035589321,0.0189728219633897,0.018609537140958,0.0182450976320992,0.0178798467525472,0.0175141220914878,0.0171482550322429,0.0167825702962975,0.0164173855114118
0.0170484994191578,0.0174277225657819,0.0178074648824866,0.0181873965313294,0.018567180307942,0.0189464720900324,0.0193249213108788,0.0197021714570654,0.020077860589614,0.0204516218875742,0.0208230842130513,0.0211918726965537,0.0215576093414717,0.0219199136464023,0.022278403243967,0.0226326945546869,0.0229824034544131,0.0233271459537379,0.0236665388877574,0.0240002006144827,0.0243277517201668,0.024648815729743,0.0249630198205478,0.0252699955374509,0.0255693795074987,0.0258608141521468,0.0261439483951347,0.0264184383640653,0.0266839480837273,0.0269401501592133,0.0271867264469051,0.0274233687113872,0.0276497792664244,0.0278656715981085,0.02807077096837,0.0282648149970817,0.0284475542210079,0.0286187526279597,0.0287781881645359,0.0289256532159284,0.0290609550563478,0.0291839162686977,0.0292943751321958,0.0293921859768135,0.0294772195033688,0.0295493630683655,0.0296085209326473,0.0296546144731133,0.0296875823568484,0.0297073806771274,0.0297139830508475,0.0297073806771282,0.0296875823568481,0.029654614473113,0.0296085209326475,0.0295493630683666,0.02947721950337,0.0293921859768131,0.029294375132195,0.0291839162686983,0.0290609550563483,0.0289256532159256,0.0287781881645336,0.02861875262796,0.0284475542210088,0.0282648149970809,0.0280707709683714,0.0278656715981093,0.0276497792664244,0.0274233687113863,0.0271867264469033,0.0269401501592111,0.0266839480837278,0.0264184383640659,0.0261439483951338,0.0258608141521471,0.0255693795074979,0.02526999553745,0.0249630198205466,0.0246488157297436,0.0243277517201662,0.024000200614483,0.0236665388877571,0.0233271459537391,0.0229824034544125,0.0226326945546859,0.0222784032439673,0.0219199136464018,0.0215576093414708,0.0211918726965539,0.0208230842130516,0.020451621887574,0.0200778605896139,0.0197021714570668,0.0193249213108791,0.0189464720900338,0.0185671803079431,0.0181873965313301,0.017807464882488,0.0174277225657818,0.0170484994191575
0.0176639423249101,0.0180568552508836,0.0184503060887366,0.0188439530935294,0.0192374468879735,0.0196304309271217,0.0200225419889566,0.0204134106900941,0.0208026620257261,0.0211899159328374,0.0215747878756275,0.0219568894519901,0.0223358290198138,0.0227112123417718,0.0230826432472009,0.023449724309581,0.0238120575380601,0.0241692450813919,0.0245208899425965,0.0248665967025875,0.0252059722509577,0.0255386265220657,0.0258641732345221,0.0261822306321386,0.0264924222243654,0.026794377524242,0.0270877327818169,0.0273721317110549,0.0276472262082009,0.0279126770595441,0.0281681546366224,0.0284133395768732,0.0286479234477236,0.0288716093922465,0.0290841127544547,0.0292851616824204,0.0294744977074049,0.0296518762972809,0.0298170673826317,0.0299698558538433,0.0301100420278219,0.0302374420827923,0.0303518884599268,0.0304532302305748,0.0305413334279205,0.0306160813420879,0.030677374777774,0.0307251322736292,0.0307592902826458,0.0307798033130853,0.0307866440294279,0.0307798033130853,0.0307592902826458,0.0307251322736292,0.030677374777774,0.0306160813420851,0.0305413334279205,0.0304532302305748,0.0303518884599268,0.0302374420827923,0.0301100420278219,0.0299698558538434,0.029817067382629,0.0296518762972809,0.0294744977074021,0.0292851616824204,0.0290841127544548,0.0288716093922457,0.0286479234477261,0.0284133395768724,0.0281681546366244,0.0279126770595435,0.0276472262082023,0.0273721317110566,0.0270877327818174,0.0267943775242435,0.0264924222243674,0.0261822306321386,0.0258641732345224,0.0255386265220653,0.025205972250958,0.0248665967025866,0.0245208899425979,0.024169245081392,0.0238120575380586,0.0234497243095801,0.0230826432471992,0.0227112123417695,0.022335829019814,0.0219568894519921,0.0215747878756269,0.0211899159328403,0.0208026620257256,0.020413410690093,0.0200225419889546,0.0196304309271232,0.0192374468879741,0.0188439530935278,0.0184503060887349,0.0180568552508847,0.0176639423249084
0.0182557906598275,0.0186618685326019,0.0190685023405399,0.0194753388881907,0.0198820170920243,0.0202881684606929,0.0206934176020561,0.0210973827561643,0.0214996763532928,0.0218999055960285,0.0222976730643077,0.0226925773422181,0.0230842136652804,0.0234721745868462,0.0238560506621513,0.0242354311484965,0.024609904719942,0.0249790601948309,0.0253424872743965,0.0256997772906332,0.0260505239615737,0.0263943241520231,0.0267307786378518,0.0270594928717346,0.0273800777484277,0.0276921503674271,0.0279953347909662,0.0282892627952916,0.0285735746130714,0.0288479196648971,0.029111957277774,0.0293653573885685,0.0296078012303579,0.0298389819997238,0.0300586055029952,0.0302663907795689,0.0304620707004395,0.0306453925402001,0.0308161185207044,0.0309740263248831,0.0311189095790561,0.0312505783023077,0.0313688593215948,0.031473596651237,0.0315646518357228,0.0316419042546999,0.0317052513892307,0.0317546090485066,0.0317899115563201,0.0318111118966892,0.0318181818181826,0.0318111118966863,0.0317899115563229,0.0317546090485066,0.0317052513892308,0.0316419042547028,0.0315646518357256,0.0314735966512369,0.031368859321592,0.0312505783023105,0.0311189095790561,0.0309740263248831,0.0308161185207016,0.0306453925401973,0.0304620707004424,0.0302663907795689,0.0300586055029952,0.0298389819997239,0.0296078012303551,0.0293653573885657,0.0291119572777712,0.0288479196648972,0.0285735746130713,0.0282892627952916,0.0279953347909665,0.0276921503674246,0.0273800777484277,0.0270594928717329,0.0267307786378501,0.0263943241520231,0.0260505239615723,0.025699777290634,0.0253424872743984,0.0249790601948295,0.0246099047199408,0.0242354311484953,0.0238560506621499,0.023472174586847,0.0230842136652804,0.0226925773422176,0.0222976730643082,0.021899905596027,0.0214996763532911,0.0210973827561651,0.0206934176020541,0.0202881684606931,0.019882017092023,0.0194753388881883,0.019068502340541,0.0186618685326034,0.0182557906598282
0.0188140353969856,0.0192325307453756,0.0196515990288974,0.0200708762517202,0.0204899902887227,0.020908561380441,0.0213262026555999,0.0217425206803931,0.0221571160335821,0.0225695839063824,0.0229795147260011,0.0233864948016095,0.0237901069914148,0.024189931389437,0.0245855460304801,0.0249765276117222,0.0253624522292694,0.0257428961279211,0.0261174364623593,0.0264856520679,0.0268471242388634,0.0272014375125602,0.0275481804569653,0.027886946459876,0.0282173345175739,0.0285389500208227,0.0288514055360383,0.029154321579535,0.0294473273826317,0.0297300616455424,0.0300021732778107,0.0302633221232854,0.0305131796674584,0.0307514297251564,0.0309777691065342,0.03119190825949,0.0313935718864666,0.0315824995339475,0.0317584461527613,0.0319211826275965,0.0320704962740546,0.0322061913017948,0.0323280892422964,0.0324360293399859,0.0325298689055227,0.0326094836300873,0.0326747678598169,0.0327256348294309,0.0327620168543984,0.032783865481037,0.0327911515940152,0.0327838654810341,0.0327620168544013,0.032725634829428,0.0326747678598169,0.0326094836300901,0.0325298689055226,0.0324360293399859,0.0323280892422936,0.0322061913017949,0.0320704962740546,0.0319211826275937,0.0317584461527585,0.0315824995339448,0.0313935718864666,0.03119190825949,0.0309777691065343,0.0307514297251563,0.0305131796674613,0.0302633221232855,0.0300021732778078,0.0297300616455395,0.0294473273826317,0.0291543215795323,0.0288514055360383,0.0285389500208228,0.028217334517574,0.0278869464598732,0.0275481804569653,0.0272014375125614,0.0268471242388617,0.0264856520679008,0.0261174364623584,0.0257428961279177,0.0253624522292702,0.0249765276117244,0.0245855460304818,0.0241899313894393,0.0237901069914144,0.0233864948016089,0.0229795147259989,0.022569583906382,0.0221571160335841,0.0217425206803916,0.0213262026556016,0.0209085613804396,0.0204899902887237,0.0200708762517188,0.0196515990288982,0.0192325307453762,0.0188140353969879
0.0193260080794624,0.0197558916378555,0.0201863637222491,0.0206170504316571,0.0210475695145867,0.021477530877457,0.0219065371213452,0.0223341841062164,0.022760061541672,0.0231837536031598,0.0236048395724807,0.0240228945013367,0.0244374898965602,0.024848194425572,0.0252545746405453,0.0256561957196283,0.0260526222235337,0.0264434188657171,0.0268281512942857,0.0272063868837053,0.0275776955343505,0.0279416504778642,0.0282978290862102,0.0286458136823443,0.0289851923503296,0.0293155597427078,0.0296365178829558,0.0299476769607636,0.0302486561180023,0.0305390842230854,0.0308186006315948,0.0310868559309552,0.0313435126670301,0.0315882460505297,0.0318207446411271,0.0320407110073457,0.0322478623601521,0.032441931158501,0.0326226656848831,0.032789830589228,0.0329432073995182,0.0330825949975036,0.0332078100581376,0.0333186874513215,0.0334150806048069,0.0334968618270584,0.0335639225891208,0.0336161737646379,0.0336535458272302,0.0336759890046802,0.0336834733893576,0.0336759890046774,0.0336535458272302,0.0336161737646379,0.0335639225891209,0.0334968618270583,0.033415080604807,0.0333186874513215,0.0332078100581376,0.0330825949975035,0.0329432073995182,0.032789830589228,0.032622665684883,0.032441931158501,0.0322478623601521,0.0320407110073457,0.0318207446411271,0.0315882460505298,0.0313435126670302,0.0310868559309552,0.0308186006315948,0.0305390842230854,0.0302486561180023,0.0299476769607636,0.0296365178829558,0.0293155597427077,0.0289851923503268,0.0286458136823443,0.0282978290862102,0.0279416504778642,0.0275776955343505,0.0272063868837024,0.0268281512942829,0.0264434188657172,0.0260526222235306,0.0256561957196281,0.0252545746405466,0.0248481944255706,0.0244374898965596,0.0240228945013355,0.0236048395724796,0.0231837536031587,0.0227600615416737,0.0223341841062158,0.021906537121344,0.0214775308774585,0.0210475695145843,0.0206170504316568,0.0201863637222485,0.0197558916378558,0.0193260080794618
0.0197756281070552,0.0202155129164359,0.0206559999438881,0.0210967065896103,0.0215372417090205,0.0219772061330014,0.0224161932171347,0.0228537894190581,0.0232895749029569,0.0237231241701132,0.0241540067143068,0.0245817877008084,0.0250060286675489,0.0254262882469822,0.0258421229071118,0.0262530877099437,0.0266587370856833,0.0270586256208397,0.0274523088583095,0.0278393441075176,0.0282192912625585,0.0285917136263004,0.0289561787382558,0.0293122592041167,0.0296595335247055,0.0299975869221556,0.0303260121610031,0.0306444103619949,0.0309523918063285,0.0312495767280361,0.0315355960922908,0.0318100923574303,0.0320727202184447,0.0323231473298027,0.0325610550055199,0.0327861388943646,0.0329981096282165,0.0331966934416765,0.0333816327610144,0.0335526867607495,0.0337096318861003,0.0338522623397942,0.0339803905317273,0.0340938474900422,0.034192483232488,0.0342761670967766,0.0343447880290279,0.0343982548293604,0.0344364963538603,0.0344594616723528,0.0344671201814173,0.0344594616723528,0.0344364963538603,0.0343982548293604,0.0343447880290279,0.0342761670967765,0.034192483232488,0.0340938474900422,0.0339803905317273,0.0338522623397971,0.0337096318861003,0.0335526867607495,0.0333816327610172,0.0331966934416765,0.0329981096282164,0.0327861388943645,0.0325610550055199,0.0323231473298056,0.0320727202184447,0.0318100923574302,0.0315355960922908,0.0312495767280332,0.0309523918063285,0.0306444103619977,0.0303260121610032,0.0299975869221583,0.0296595335247083,0.0293122592041166,0.0289561787382587,0.0285917136263004,0.0282192912625613,0.0278393441075148,0.0274523088583121,0.0270586256208397,0.0266587370856833,0.0262530877099436,0.0258421229071147,0.0254262882469822,0.0250060286675486,0.0245817877008087,0.0241540067143054,0.0237231241701127,0.0232895749029585,0.0228537894190589,0.0224161932171344,0.0219772061330009,0.0215372417090222,0.0210967065896112,0.0206559999438883,0.0202155129164384,0.0197756281070556
0.0201424073237906,0.0205904506910169,0.0210391074456723,0.021487987891865,0.0219366936304421,0.0223848180888817,0.0228319470807224,0.0232776593936129,0.0237215274050364,0.0241631177245308,0.0246019918612623,0.0250377069156156,0.025469816293339,0.0258978704408425,0.0263214175999211,0.0267400045802959,0.0271531775481826,0.0275604828289885,0.0279614677222485,0.0283556813267878,0.0287426753740574,0.0291220050674753,0.0294932299256974,0.0298559146275204,0.0302096298562159,0.0305539531410059,0.0308884696934207,0.0312127732361877,0.0315264668223725,0.0318291636424711,0.0321204878171654,0.0324000751734489,0.0326675740019329,0.0329226457930572,0.0331649659501634,0.033394224477202,0.0336101266391406,0.0338123935930347,0.0340007629879374,0.0341749895317611,0.0343348455234461,0.0344801213487997,0.0346106259384672,0.0347261871866751,0.0348266523294393,0.0349118882810736,0.0349817819279882,0.0350362403787968,0.0350751911700958,0.035098582427095,0.0351063829787743,0.035098582427095,0.0350751911700958,0.0350362403787997,0.0349817819279853,0.0349118882810764,0.0348266523294393,0.0347261871866751,0.0346106259384672,0.0344801213487997,0.0343348455234461,0.0341749895317582,0.0340007629879375,0.0338123935930347,0.0336101266391378,0.033394224477202,0.0331649659501634,0.0329226457930572,0.0326675740019302,0.0324000751734488,0.0321204878171654,0.0318291636424739,0.0315264668223725,0.0312127732361904,0.0308884696934206,0.0305539531410031,0.0302096298562131,0.0298559146275205,0.0294932299256974,0.0291220050674726,0.0287426753740547,0.0283556813267906,0.0279614677222484,0.0275604828289885,0.0271531775481826,0.0267400045802959,0.0263214175999211,0.0258978704408425,0.0254698162933418,0.0250377069156157,0.0246019918612652,0.0241631177245309,0.0237215274050353,0.0232776593936123,0.0228319470807212,0.0223848180888814,0.0219366936304424,0.0214879878918652,0.0210391074456721,0.0205904506910172,0.0201424073237898
0.0204001216263767,0.0208538975350048,0.0213082946791161,0.0217629183768112,0.0222173651315751,0.022671223168949,0.0231240730031107,0.0235754880324655,0.024025035163232,0.0244722754598789,0.0249167648212595,0.0253580546810228,0.0257956927309241,0.026229223665503,0.0266581899464807,0.0270821325851958,0.0275005919412257,0.0279131085353903,0.0283192238751,0.0287184812900704,0.0291104267763285,0.0294946098462976,0.0298705843828459,0.0302379094949958,0.0305961503730825,0.0309448791409805,0.0312836757031615,0.0316121285841899,0.031929835758346,0.0322364054670555,0.0325314570217611,0.0328146215900141,0.0330855429624317,0.0333438782983601,0.0335892988480501,0.0338214906491744,0.0340401551956748,0.0342450100769315,0.0344357895853029,0.0346122452902931,0.0347741465774978,0.0349212811507861,0.0350534554961482,0.035170495305782,0.035272245861144,0.0353585723737785,0.0354293602828402,0.0354845155084474,0.0355239646600338,0.0355476551991125,0.0355555555558298,0.0355476551991096,0.0355239646600367,0.0354845155084446,0.0354293602828402,0.0353585723737814,0.035272245861144,0.0351704953057791,0.0350534554961454,0.0349212811507862,0.0347741465774978,0.0346122452902931,0.0344357895853029,0.0342450100769287,0.0340401551956749,0.0338214906491744,0.0335892988480502,0.0333438782983601,0.0330855429624317,0.032814621590014,0.0325314570217638,0.0322364054670555,0.031929835758346,0.0316121285841872,0.0312836757031615,0.0309448791409805,0.0305961503730826,0.0302379094949958,0.0298705843828431,0.0294946098463004,0.0291104267763314,0.0287184812900705,0.0283192238751,0.0279131085353903,0.0275005919412257,0.027082132585193,0.0266581899464835,0.026229223665503,0.0257956927309242,0.0253580546810229,0.0249167648212595,0.0244722754598787,0.0240250351632291,0.0235754880324683,0.0231240730031078,0.022671223168949,0.0222173651315749,0.0217629183768132,0.0213082946791153,0.0208538975350043,0.0204001216263765
0.0205150205670656,0.0209713522629665,0.0214283086933164,0.0218854929532573,0.022342499273677,0.022798913560896,0.02325431396643,0.0237082714859538,0.0241603505863821,0.0246101098599887,0.0250571027043252,0.0255008780265962,0.025940980971034,0.0263769536677768,0.0268083360015695,0.0272346663986024,0.0276554826296365,0.0280703226275797,0.0284787253174923,0.0288802314569991,0.0292743844850549,0.0296607313768188,0.0300388235025021,0.0304082174879206,0.0307684760744379,0.0311191689760214,0.0314598737310425,0.0317901765465371,0.0321096731324626,0.0324179695237616,0.0327146828877318,0.032999442314559,0.0332718895885996,0.0335316799382277,0.0337784827620851,0.0340119823295322,0.0342318784532375,0.0344378871319667,0.0346297411615525,0.0348071907122626,0.0349700038708143,0.0351179671453705,0.0352508859319893,0.0353685849411327,0.0354709085828347,0.0355577213094787,0.0356289079149733,0.0356843737895576,0.0357240451293209,0.0357478690998478,0.0357558139534883,0.0357478690998479,0.0357240451293209,0.0356843737895576,0.0356289079149732,0.0355577213094759,0.0354709085828346,0.0353685849411327,0.0352508859319922,0.0351179671453705,0.0349700038708143,0.0348071907122654,0.0346297411615526,0.0344378871319668,0.0342318784532348,0.0340119823295323,0.0337784827620879,0.0335316799382276,0.0332718895885968,0.0329994423145591,0.0327146828877289,0.0324179695237589,0.0321096731324627,0.0317901765465342,0.0314598737310426,0.0311191689760186,0.0307684760744379,0.0304082174879206,0.0300388235025021,0.0296607313768188,0.029274384485055,0.028880231457002,0.0284787253174895,0.0280703226275796,0.0276554826296365,0.0272346663985997,0.0268083360015695,0.026376953667774,0.0259409809710341,0.0255008780265962,0.0250571027043252,0.0246101098599888,0.0241603505863821,0.0237082714859564,0.02325431396643,0.0227989135608933,0.0223424992736772,0.0218854929532573,0.0214283086933137,0.0209713522629643,0.020515020567064
0.0204433880561398,0.0208981263739082,0.0213534872447309,0.0218090751496309,0.0222644857363257,0.0227193063570217,0.0231731166362215,0.0236254890675458,0.0240759896386728,0.0245241784831417,0.0249696105579064,0.0254118363452634,0.025850402577667,0.0262848529840068,0.0267147290556128,0.0271395708303578,0.0275589176929756,0.0279723091897831,0.0283792858557678,0.0287793900521076,0.0291721668119302,0.0295571646922316,0.0299339366297013,0.0303020407982953,0.0306610414661567,0.0310105098496787,0.0313500249623641,0.0316791744560749,0.0319975554524485,0.0323047753620259,0.0326004526888531,0.0328842178182276,0.0331557137852803,0.03341459702224,0.0336605380821104,0.0338932223366836,0.0341123506468047,0.0343176400028852,0.0345088241337587,0.0346856540820287,0.0348478987441787,0.0349953453738236,0.0351278000465371,0.0352450880848211,0.0353470544420006,0.0354335640437391,0.0355045020862242,0.0355597742900394,0.0355993071089715,0.035623047893091,0.0356309650056045,0.035623047893091,0.0355993071089715,0.0355597742900366,0.0355045020862242,0.0354335640437391,0.0353470544420006,0.0352450880848211,0.035127800046537,0.0349953453738264,0.0348478987441787,0.034685654082026,0.0345088241337589,0.0343176400028853,0.0341123506468048,0.0338932223366836,0.0336605380821104,0.0334145970222401,0.0331557137852831,0.0328842178182277,0.0326004526888532,0.0323047753620231,0.0319975554524485,0.0316791744560778,0.031350024962364,0.0310105098496788,0.0306610414661538,0.0303020407982953,0.0299339366297041,0.0295571646922316,0.0291721668119329,0.0287793900521104,0.0283792858557679,0.0279723091897802,0.0275589176929784,0.0271395708303578,0.0267147290556157,0.0262848529840067,0.0258504025776698,0.0254118363452634,0.0249696105579092,0.0245241784831417,0.0240759896386729,0.0236254890675459,0.0231731166362187,0.0227193063570217,0.0222644857363229,0.0218090751496337,0.0213534872447309,0.0208981263739052,0.0204433880561398
0.0201281794454494,0.0205759063308171,0.0210242461703381,0.0214728095433897,0.0219211983322316,0.0223690062515329,0.0228158194073964,0.0232612168850014,0.0237047713638884,0.0241460497597238,0.0245846138914173,0.0250200211721894,0.0254518253232572,0.0258795771085742,0.0263028250890391,0.026721116394497,0.02713399751173,0.0275410150866103,0.0279417167384362,0.0283356518845449,0.028722372573015,0.0291014343214623,0.0294723969596816,0.0298348254739617,0.0301882908508312,0.0305323709179318,0.030866651179783,0.0311907256460919,0.0315041976503099,0.031806680656168,0.0320977990498507,0.0323771889155988,0.0326444987924457,0.032899390409952,0.0331415394007383,0.0333706359877289,0.0335863856440771,0.0337885097238094,0.0339767460612878,0.0341508495376923,0.0343105926128036,0.0344557658204959,0.0345861782263737,0.0347016578462356,0.0348020520240039,0.0348872277680051,0.0349570720445366,0.0350114920278388,0.035050415305689,0.0350737900399353,0.0350815850815864,0.035073790039938,0.0350504153056891,0.0350114920278388,0.0349570720445337,0.0348872277680023,0.034802052024004,0.0347016578462355,0.0345861782263708,0.0344557658204959,0.0343105926128064,0.0341508495376895,0.0339767460612878,0.0337885097238096,0.0335863856440745,0.0333706359877289,0.0331415394007383,0.032899390409952,0.0326444987924429,0.0323771889155987,0.0320977990498534,0.0318066806561708,0.0315041976503099,0.031190725646089,0.0308666511797803,0.030532370917929,0.0301882908508313,0.0298348254739644,0.0294723969596845,0.0291014343214623,0.0287223725730177,0.028335651884545,0.027941716738439,0.0275410150866074,0.0271339975117302,0.0267211163944971,0.0263028250890391,0.0258795771085742,0.0254518253232573,0.0250200211721894,0.0245846138914173,0.0241460497597239,0.0237047713638856,0.0232612168850015,0.0228158194073965,0.0223690062515328,0.0219211983322315,0.0214728095433898,0.0210242461703382,0.0205759063308173,0.0201281794454523
0.0194943247200366,0.0199279522775035,0.0203621734866441,0.0207966111900366,0.0212308798070358,0.0216645858466075,0.0220973284487461,0.022528699953632,0.0229582864975035,0.0233856686342576,0.0238104219815216,0.0242321178899803,0.0246503241345731,0.0250646056261088,0.0254745251417103,0.0258796440725275,0.026279523186878,0.0266737234071654,0.0270618065985855,0.0274433363677148,0.0278178788690589,0.028185003617388,0.028544284303849,0.0288952996137222,0.0292376340435503,0.0295708787155762,0.029894632187154,0.0302085012529981,0.0305121017379516,0.0308050592781262,0.0310870100881234,0.031357601712226,0.0316164937572921,0.0318633586053312,0.032097882103587,0.032319764230138,0.0325287197330685,0.0327244787412173,0.0329067873447759,0.0330754081439448,0.0332301207639562,0.0333707223349535,0.0334970279352466,0.0336088709965792,0.0337061036701408,0.033788597152288,0.0338562419688616,0.0339089482172696,0.0339466457656015,0.0339692844081573,0.033976833976833,0.0339692844081572,0.0339466457656017,0.0339089482172696,0.0338562419688616,0.0337885971522908,0.0337061036701408,0.0336088709965794,0.0334970279352493,0.0333707223349535,0.0332301207639559,0.0330754081439448,0.032906787344776,0.0327244787412144,0.0325287197330685,0.0323197642301408,0.0320978821035869,0.0318633586053311,0.0316164937572923,0.0313576017122259,0.0310870100881234,0.0308050592781233,0.0305121017379544,0.030208501252998,0.029894632187154,0.0295708787155762,0.0292376340435504,0.0288952996137223,0.0285442843038518,0.0281850036173852,0.027817878869059,0.0274433363677149,0.0270618065985827,0.0266737234071683,0.0262795231868751,0.0258796440725245,0.0254745251417132,0.0250646056261088,0.0246503241345731,0.0242321178899803,0.0238104219815217,0.0233856686342576,0.0229582864975034,0.0225286999536293,0.0220973284487461,0.0216645858466075,0.0212308798070358,0.0207966111900365,0.0203621734866442,0.0199279522775064,0.0194943247200365
0.018442074238084,0.0188522957626233,0.0192630788951338,0.0196740668361285,0.020084894817557,0.0204951905879487,0.0209045749246351,0.0213126621721527,0.0217190608059904,0.0221233740205918,0.0225252003405917,0.0229241342539926,0.0233197668660637,0.0237116865725472,0.0240994797506649,0.0244827314664638,0.0248610261968019,0.0252339485642942,0.0256010840834489,0.0259620199161793,0.0263163456347845,0.026663653990448,0.0270035416853142,0.0273356101460778,0.0276594662970217,0.0279747233305017,0.0282810014726514,0.0285779287423273,0.0288651417011074,0.02914228619224,0.0294090180664721,0.0296650038926825,0.0299099216512285,0.0301434614080388,0.0303653259674698,0.0305752315019667,0.0307729081567257,0.0309581006275007,0.0311305687098478,0.0312900878181543,0.0314364494728825,0.0315694617545366,0.031688949722998,0.0317947558009015,0.0318867401199266,0.0319647808288925,0.0320287743627529,0.0320786356716145,0.0321142984091011,0.0321357150794702,0.0321428571430205,0.0321357150794732,0.0321142984091012,0.0320786356716145,0.0320287743627529,0.0319647808288925,0.0318867401199268,0.0317947558009016,0.0316889497229953,0.0315694617545337,0.0314364494728796,0.0312900878181515,0.031130568709848,0.0309581006275006,0.0307729081567258,0.0305752315019668,0.0303653259674668,0.0301434614080359,0.0299099216512257,0.0296650038926825,0.0294090180664722,0.0291422861922401,0.0288651417011073,0.0285779287423302,0.0282810014726514,0.0279747233305015,0.0276594662970244,0.027335610146075,0.0270035416853143,0.026663653990448,0.0263163456347845,0.025962019916182,0.0256010840834516,0.0252339485642941,0.0248610261968049,0.0244827314664637,0.0240994797506651,0.0237116865725472,0.0233197668660664,0.0229241342539926,0.0225252003405888,0.0221233740205889,0.0217190608059876,0.0213126621721528,0.0209045749246323,0.0204951905879488,0.0200848948175543,0.0196740668361314,0.0192630788951339,0.0188522957626233,0.0184420742380841
0.0168374209594394,0.0172119489222992,0.0175869896273654,0.0179622173204339,0.0183372989720935,0.0187118947206368,0.0190856583397407,0.0194582377299972,0.0198292754336123,0.0201984091712764,0.0205652724001634,0.0209294948920711,0.0212907033303861,0.0216485219247112,0.0220025730417835,0.0223524778512454,0.0226978569848069,0.0230383312072612,0.0233735220976896,0.0237030527392309,0.0240265484156861,0.0243436373131445,0.0246539512248858,0.0249571262576416,0.0252528035373965,0.0255406299128149,0.0258202586543251,0.0260913501470358,0.0263535725754636,0.0266066025982022,0.0268501260105776,0.027083838393463,0.027307445746292,0.0275206651025021,0.0277232251255706,0.0279148666839137,0.0280953434029135,0.0282644221924627,0.0284218837484165,0.0285675230264583,0.0287011496869485,0.028822588509397,0.0289316797753056,0.0290282796181827,0.0291122603397183,0.029183510691051,0.0292419361183883,0.029287458972057,0.0293200186785122,0.0293395718746379,0.0293460925039899,0.029339571874638,0.0293200186785122,0.0292874589720569,0.0292419361183853,0.0291835106910538,0.0291122603397155,0.0290282796181855,0.0289316797753058,0.0288225885093999,0.0287011496869485,0.028567523026458,0.0284218837484165,0.0282644221924626,0.0280953434029106,0.027914866683911,0.0277232251255706,0.0275206651025022,0.0273074457462947,0.0270838383934658,0.0268501260105777,0.0266066025981995,0.0263535725754664,0.0260913501470358,0.0258202586543252,0.0255406299128149,0.0252528035373991,0.0249571262576388,0.0246539512248858,0.0243436373131474,0.0240265484156862,0.0237030527392336,0.0233735220976866,0.0230383312072641,0.0226978569848071,0.0223524778512453,0.0220025730417837,0.0216485219247085,0.0212907033303833,0.020929494892071,0.0205652724001635,0.0201984091712765,0.0198292754336151,0.0194582377299972,0.0190856583397407,0.0187118947206396,0.0183372989720936,0.0179622173204368,0.0175869896273656,0.0172119489222993,0.0168374209594394
0.0144980703089574,0.0148205622601466,0.0151434957143758,0.0154665901769512,0.0157895588887489,0.0161121092076472,0.016433943011158,0.0167547571197182,0.0170742437398648,0.0173920909264947,0.0177079830633586,0.0180216013608706,0.018332624370124,0.0186407285121329,0.0189455886210961,0.0192468785004198,0.0195442714903381,0.0198374410456637,0.0201260613223697,0.0204098077715187,0.0206883577390674,0.0209613910700422,0.0212285907154662,0.0214896433405325,0.021744239932316,0.0219920764054691,0.0222328542041929,0.0224662808988729,0.0226920707756665,0.0229099454174387,0.0231196342743589,0.0233208752225613,0.0235134151092081,0.0236970102824233,0.0238714271045309,0.024036442447061,0.0241918441660947,0.0243374315565005,0.0244730157837222,0.0245984202918063,0.0247134811864385,0.0248180475918485,0.0249119819804369,0.0249951604741758,0.0250674731168496,0.0251288241162525,0.025179132055655,0.0252183300738519,0.0252463660132403,0.0252632025354663,0.0252688172043026,0.0252632025354634,0.0252463660132404,0.0252183300738518,0.0251791320556551,0.0251288241162526,0.0250674731168498,0.0249951604741786,0.0249119819804366,0.0248180475918484,0.0247134811864413,0.0245984202918033,0.0244730157837221,0.0243374315565033,0.0241918441660975,0.0240364424470612,0.0238714271045308,0.0236970102824232,0.0235134151092081,0.0233208752225613,0.0231196342743618,0.0229099454174387,0.0226920707756636,0.0224662808988703,0.0222328542041926,0.0219920764054663,0.0217442399323162,0.0214896433405325,0.0212285907154662,0.0209613910700424,0.0206883577390674,0.0204098077715158,0.0201260613223726,0.0198374410456634,0.0195442714903381,0.0192468785004197,0.0189455886210933,0.0186407285121331,0.0183326243701212,0.0180216013608707,0.0177079830633587,0.0173920909264949,0.0170742437398648,0.0167547571197183,0.016433943011158,0.0161121092076473,0.0157895588887518,0.0154665901769513,0.0151434957143758,0.0148205622601464,0.0144980703089546
0.0111724804039251,0.011420998650031,0.0116698571265229,0.0119188396790139,0.0121677253256381,0.0124162885509778,0.0126642996163397,0.0129115248859678,0.0131577271685377,0.0134026660733952,0.0136460983808453,0.0138877784257452,0.0141274584936462,0.0143648892286051,0.0145998200518624,0.0148319995903042,0.0150611761138941,0.0152870979808819,0.0155095140898507,0.0157281743374021,0.0159428300803832,0.0161532346014623,0.0163591435768526,0.0165603155449676,0.0167565123747536,0.016947499732426,0.0171330475453846,0.0173129304619722,0.0174869283058326,0.0176548265235841,0.0178164166245393,0.0179714966112117,0.0181198713993491,0.0182613532263285,0.0183957620466468,0.0185229259133868,0.0186426813445335,0.0187548736730094,0.0188593573794223,0.0189559964064977,0.0190446644542576,0.0191252452550438,0.0191976328275513,0.0192617317090985,0.0193174571653818,0.0193647353771681,0.0194035036032263,0.0194337103190758,0.0194553153311046,0.0194682898656889,0.0194726166330571,0.0194682898656888,0.0194553153311017,0.0194337103190759,0.0194035036032263,0.0193647353771682,0.0193174571653818,0.0192617317090955,0.0191976328275514,0.0191252452550409,0.0190446644542547,0.0189559964064975,0.0188593573794223,0.0187548736730092,0.0186426813445336,0.0185229259133869,0.0183957620466469,0.0182613532263286,0.0181198713993491,0.0179714966112116,0.0178164166245393,0.0176548265235841,0.0174869283058326,0.0173129304619724,0.0171330475453847,0.016947499732426,0.0167565123747534,0.0165603155449676,0.0163591435768526,0.0161532346014625,0.0159428300803831,0.015728174337402,0.0155095140898506,0.0152870979808819,0.0150611761138941,0.0148319995903072,0.0145998200518624,0.014364889228608,0.0141274584936462,0.0138877784257481,0.0136460983808482,0.0134026660733926,0.0131577271685349,0.0129115248859678,0.0126642996163397,0.0124162885509779,0.0121677253256409,0.0119188396790137,0.0116698571265229,0.011420998650031,0.0111724804039279
0.00650785130003106,0.00665261054171595,0.00679756796398989,0.00694259765921668,0.00708757090780499,0.00723235634941388,0.00737682016369412,0.00752082626029871,0.0076642364777938,0.00780691079117779,0.00794870752755428,0.00808948358958583,0.00822909468623556,0.00836739557031008,0.00850424028234142,0.00863948240015766,0.00877297529368271,0.00890457238426878,0.00903412740800236,0.00916149468230776,0.00928652937519026,0.0094090877764158,0.00952902756997465,0.00964620810705263,0.00976049067883911,0.00987173878838821,0.00997981842085371,0.0100845983112821,0.0101859502092899,0.0102837491398,0.0103778736592082,0.0104682061061088,0.0105546328460073,0.0106370445091604,0.0107153362209749,0.0107894078241983,0.0108591640922879,0.0109245149333137,0.01098537558377,0.0110416667917413,0.0110933149888306,0.0111402524503608,0.0111824174433446,0.0112197543617836,0.0112522138488447,0.0112797529056128,0.0113023349859763,0.0113199300774781,0.0113325147677628,0.0113400722965032,0.0113425925925923,0.011340072296506,0.0113325147677628,0.0113199300774782,0.0113023349859763,0.01127975290561,0.0112522138488448,0.0112197543617836,0.0111824174433447,0.0111402524503607,0.0110933149888307,0.0110416667917413,0.0109853755837673,0.0109245149333108,0.010859164092285,0.0107894078241983,0.0107153362209749,0.0106370445091603,0.0105546328460073,0.0104682061061087,0.0103778736592053,0.0102837491398,0.01018595020929,0.0100845983112849,0.00997981842085383,0.00987173878838832,0.00976049067883911,0.00964620810705552,0.00952902756997742,0.00940908777641603,0.00928652937519014,0.00916149468231053,0.00903412740800225,0.00890457238426878,0.00877297529368271,0.00863948240015777,0.00850424028234154,0.00836739557030985,0.00822909468623556,0.00808948358958572,0.00794870752755417,0.00780691079117779,0.00766423647779368,0.00752082626030148,0.00737682016369401,0.00723235634941111,0.00708757090780499,0.00694259765921668,0.00679756796398989,0.00665261054171595,0.00650785130003095
0,0,0,0,0,0,0,0,0,0,0,0,0,0,0,0,0,0,0,0,0,0,0,0,0,0,0,0,0,0,0,0,0,0,0,0,0,0,0,0,0,0,0,0,0,0,0,0,0,0,0,0,0,0,-2.77555756156289e-15,0,0,0,0,0,0,0,0,0,0,0,0,0,0,0,0,0,0,0,0,0,0,0,0,0,0,0,0,0,0,0,0,0,0,0,0,0,0,0,0,0,0,0,0,0,0
-0.00711632149751762,-0.00727461541913232,-0.00743312605080027,-0.00759171571278394,-0.00775024365049026,-0.00790856622166536,-0.00806653709404903,-0.00822400745312202,-0.00838082621966763,-0.00853684027663837,-0.00869189470502396,-0.00884583302819664,-0.00899849746420966,-0.00914972918557344,-0.00929936858590874,-0.00944725555290227,-0.00959322974686661,-0.00973713088436468,-0.00987879902612288,-0.0100180748685517,-0.0101548000381769,-0.0102888173881657,-0.0104199712962636,-0.010548107963291,-0.0106730757114595,-0.0107947252816568,-0.0109129101289265,-0.0110274867153312,-0.011138314799338,-0.0112452577209776,-0.0113481826819215,-0.0114469610196843,-0.0115414684751789,-0.0116315854528264,-0.0117171972724879,-0.0117981944124119,-0.0118744727425866,-0.0119459337476726,-0.012012484738966,-0.0120740390546634,-0.0121305162478698,-0.012181842261809,-0.0122279495915865,-0.0122687774321528,-0.0123042718119331,-0.0123343857116907,-0.0123590791683377,-0.0123783193633165,-0.0123920806952662,-0.0124003448368049,-0.012403100775193,-0.0124003448368049,-0.0123920806952664,-0.0123783193633165,-0.0123590791683375,-0.0123343857116907,-0.0123042718119331,-0.0122687774321526,-0.0122279495915862,-0.012181842261809,-0.0121305162478726,-0.0120740390546605,-0.0120124847389689,-0.0119459337476753,-0.0118744727425868,-0.0117981944124119,-0.0117171972724881,-0.0116315854528259,-0.0115414684751789,-0.0114469610196846,-0.0113481826819244,-0.0112452577209805,-0.0111383147993378,-0.0110274867153313,-0.0109129101289265,-0.010794725281654,-0.0106730757114595,-0.010548107963291,-0.0104199712962607,-0.0102888173881628,-0.0101548000381771,-0.0100180748685547,-0.00987879902611999,-0.00973713088436456,-0.00959322974686672,-0.00944725555290216,-0.00929936858591152,-0.00914972918557055,-0.00899849746420689,-0.00884583302819653,-0.00869189470502396,-0.0085368402766357,-0.00838082621966751,-0.00822400745312202,-0.00806653709404903,-0.00790856622166813,-0.00775024365049304,-0.00759171571278383,-0.00743312605080004,-0.00727461541913232,-0.00711632149752051
-0.00819647743910679,-0.00837879811667785,-0.00856136839779376,-0.00874402970490007,-0.00892661991887012,-0.0091089735945985,-0.00929092218867855,-0.00947229429868701,-0.00965291591372208,-0.00983261067576779,-0.0100112001513214,-0.0101885041128319,-0.0103643408293097,-0.0105385273655227,-0.0107108798891293,-0.0108812139850408,-0.0110493449763004,-0.011215088250741,-0.0113782595925866,-0.0115386755182417,-0.0116961536153987,-0.0118505128845843,-0.0120015740823022,-0.0121491600648604,-0.012293096131947,-0.0124332103690474,-0.0125693339877797,-0.0127013016631925,-0.012828951867095,-0.0129521271964863,-0.0130706746961455,-0.0131844461744604,-0.0132932985115863,-0.0133970939590617,-0.0134957004299154,-0.0135889917785825,-0.0136768480695859,-0.013759155834373,-0.0138358083154186,-0.0139067056968865,-0.0139717553212089,-0.0140308718908342,-0.0140839776545927,-0.0141310025781036,-0.0141718844976697,-0.0142065692572104,-0.0142350108278193,-0.014257171409535,-0.0142730215150804,-0.0142825400352466,-0.0142857142857142,-0.0142825400352466,-0.0142730215150833,-0.0142571714095323,-0.0142350108278189,-0.0142065692572135,-0.0141718844976697,-0.0141310025781065,-0.0140839776545927,-0.014030871890834,-0.0139717553212086,-0.0139067056968862,-0.0138358083154155,-0.0137591558343733,-0.0136768480695857,-0.0135889917785827,-0.0134957004299154,-0.0133970939590617,-0.0132932985115892,-0.0131844461744604,-0.0130706746961424,-0.0129521271964863,-0.012828951867095,-0.0127013016631923,-0.0125693339877824,-0.0124332103690477,-0.0122930961319472,-0.0121491600648607,-0.0120015740822992,-0.0118505128845845,-0.0116961536153988,-0.0115386755182445,-0.0113782595925866,-0.0112150882507411,-0.0110493449763003,-0.0108812139850381,-0.0107108798891293,-0.0105385273655227,-0.0103643408293097,-0.0101885041128318,-0.0100112001513213,-0.00983261067576779,-0.00965291591372508,-0.00947229429868401,-0.00929092218867855,-0.00910897359459861,-0.00892661991887023,-0.00874402970490284,-0.00856136839779365,-0.00837879811668074,-0.00819647743910679
-0.00798265628852346,-0.00816022077450551,-0.00833802835263753,-0.00851592458216677,-0.00869375157316155,-0.00887134819647784,-0.00904855030549734,-0.00922519096915742,-0.00940110071597622,-0.00957610778857709,-0.00975003840824462,-0.00992271704902226,-0.0100939667207212,-0.0102636092603381,-0.0104314656311524,-0.0105973562289094,-0.0107611011943139,-0.0109225207311581,-0.0110814354293041,-0.011237666591685,-0.0113910365645673,-0.0115413690702055,-0.0116884895410254,-0.0118322254544774,-0.0119724066676388,-0.0121088657507269,-0.0122414383185376,-0.0123699633589378,-0.0124942835575206,-0.0126142456174498,-0.0127297005736375,-0.0128405041003465,-0.0129465168112877,-0.0130476045514372,-0.0131436386795747,-0.0132344963408819,-0.0133200607286446,-0.0134002213343505,-0.0134748741854525,-0.013543922070014,-0.0136072747476135,-0.013664849145858,-0.0137165695418682,-0.0137623677282472,-0.0138021831629558,-0.0138359631026796,-0.0138636627192703,-0.0138852451988558,-0.0139006818233898,-0.0139099520343307,-0.0139130434782644,-0.0139099520343335,-0.0139006818233869,-0.0138852451988534,-0.0138636627192703,-0.0138359631026796,-0.0138021831629558,-0.0137623677282475,-0.0137165695418684,-0.0136648491458609,-0.0136072747476164,-0.0135439220700142,-0.0134748741854549,-0.0134002213343531,-0.0133200607286417,-0.0132344963408817,-0.0131436386795745,-0.0130476045514367,-0.0129465168112906,-0.0128405041003468,-0.0127297005736378,-0.0126142456174474,-0.0124942835575204,-0.0123699633589405,-0.0122414383185376,-0.0121088657507269,-0.0119724066676414,-0.0118322254544745,-0.0116884895410254,-0.0115413690702058,-0.0113910365645646,-0.0112376665916849,-0.0110814354293041,-0.0109225207311607,-0.0107611011943112,-0.0105973562289097,-0.0104314656311553,-0.0102636092603352,-0.0100939667207214,-0.00992271704902237,-0.0097500384082474,-0.00957610778857698,-0.00940110071597644,-0.00922519096915475,-0.00904855030549734,-0.00887134819647795,-0.00869375157316155,-0.00851592458216976,-0.00833802835263731,-0.00816022077450551,-0.00798265628852057
-0.00746345913499313,-0.00762947471139774,-0.00779571756907305,-0.00796204331220907,-0.00812830432012401,-0.00829434994362921,-0.00846002671229917,-0.00862517855238376,-0.0087896470149339,-0.00895327151378134,-0.00911588957289944,-0.00927733708264022,-0.00943744856438433,-0.00959605744295855,-0.00975299632631732,-0.00990809729177233,-0.0100611921781939,-0.0102121128834433,-0.0103606916663316,-0.0105067614523613,-0.0106501561425218,-0.0107907109242829,-0.0109282625840574,-0.0110626498202706,-0.0111937135562157,-0.0113212972518484,-0.011445247213677,-0.0115654129019132,-0.0116816472339731,-0.011793806883553,-0.0119017525743477,-0.0120053493676584,-0.0121044669429755,-0.0121989798708004,-0.0122887678768246,-0.0123737160967849,-0.0124537153211524,-0.0125286622289633,-0.0125984596101043,-0.0126630165753761,-0.0127222487536489,-0.0127760784756099,-0.0128244349434459,-0.0128672543860129,-0.0129044801989684,-0.012936063069459,-0.0129619610849816,-0.0129821398260634,-0.012996572442505,-0.013005239712905,-0.0130081300873148,-0.013005239712905,-0.0129965724425052,-0.0129821398260639,-0.0129619610849789,-0.0129360630694588,-0.0129044801989688,-0.0128672543860131,-0.0128244349434434,-0.0127760784756072,-0.0127222487536489,-0.0126630165753761,-0.0125984596101072,-0.0125286622289631,-0.0124537153211526,-0.0123737160967878,-0.0122887678768244,-0.0121989798708002,-0.0121044669429784,-0.0120053493676584,-0.0119017525743506,-0.0117938068835499,-0.0116816472339729,-0.0115654129019132,-0.0114452472136772,-0.0113212972518484,-0.0111937135562157,-0.0110626498202733,-0.0109282625840574,-0.0107907109242829,-0.0106501561425247,-0.010506761452364,-0.0103606916663312,-0.010212112883446,-0.0100611921781939,-0.00990809729177222,-0.0097529963263201,-0.00959605744295855,-0.00943744856438444,-0.00927733708264022,-0.00911588957289644,-0.00895327151378122,-0.00878964701493357,-0.00862517855238365,-0.00846002671230206,-0.00829434994363187,-0.0081283043201239,-0.00796204331220896,-0.00779571756907593,-0.00762947471139763,-0.00746345913499291
-0.0069022967908311,-0.00705582999299803,-0.00720957338762185,-0.00736339343571157,-0.00751715361589456,-0.00767071460598201,-0.00782393447468022,-0.00797666888310788,-0.00812877129577061,-0.00828009320065093,-0.00843048433796278,-0.00857979293712596,-0.00872786596153008,-0.00887454936044529,-0.00901968832769506,-0.00916312756635673,-0.00930471155899693,-0.00944428484273607,-0.00958169228850103,-0.00971677938379001,-0.00984939251823613,-0.00997937927123416,-0.0101065887008933,-0.0102308716335757,-0.0103520809532236,-0.0104700718897295,-0.0105847023055057,-0.010695832979535,-0.0108033278880841,-0.0109070544812595,-0.0110068839546549,-0.0111026915153423,-0.0111943566413468,-0.011281763333953,-0.0113648003620428,-0.0114433614977598,-0.0115173457428148,-0.0115866575447423,-0.0116512070024626,-0.0117109100605439,-0.0117656886915527,-0.0118154710659708,-0.0118601917091405,-0.011899791644731,-0.0119342185243616,-0.0119634267429247,-0.0119873775392225,-0.0120060390817214,-0.0120193865390252,-0.0120274021349533,-0.0120300751879796,-0.0120274021349536,-0.0120193865390248,-0.0120060390817189,-0.0119873775392223,-0.0119634267429247,-0.0119342185243645,-0.0118997916447281,-0.0118601917091405,-0.0118154710659706,-0.0117656886915523,-0.0117109100605437,-0.0116512070024652,-0.0115866575447421,-0.0115173457428175,-0.01144336149776,-0.0113648003620428,-0.0112817633339533,-0.0111943566413439,-0.011102691515342,-0.011006883954652,-0.0109070544812568,-0.0108033278880839,-0.0106958329795379,-0.0105847023055059,-0.0104700718897319,-0.0103520809532263,-0.0102308716335726,-0.0101065887008902,-0.00997937927123416,-0.00984939251823902,-0.00971677938378979,-0.00958169228849814,-0.00944428484273607,-0.00930471155899393,-0.00916312756635684,-0.00901968832769229,-0.00887454936044518,-0.00872786596153019,-0.00857979293712585,-0.0084304843379599,-0.00828009320065082,-0.00812877129577338,-0.00797666888310777,-0.00782393447468022,-0.00767071460598179,-0.00751715361589467,-0.00736339343571135,-0.00720957338762185,-0.00705582999299526,-0.00690229679082854
-0.00637503800819395,-0.00651684297963928,-0.00665884208717393,-0.00680091199270216,-0.00694292660356144,-0.00708475724024238,-0.00722627281341781,-0.00736734001009021,-0.00750782348845025,-0.00764758608115235,-0.00778648900658485,-0.00792439208775708,-0.00806115397835161,-0.00819663239540425,-0.0083306843582136,-0.0084631664328092,-0.0085939349815668,-0.00872284641724419,-0.00884975746090166,-0.00897452540307686,-0.00909700836753169,-0.00921706557689772,-0.00933455761956625,-0.00944934671711173,-0.00956129699151309,-0.00967027473148208,-0.00977614865716259,-0.00987879018248239,-0.00997807367440684,-0.0100738767083797,-0.0101660803192223,-0.010254569246799,-0.0103392321756803,-0.01041996196816,-0.0104966558899353,-0.0105692158277855,-0.0106375484985686,-0.0107015656489575,-0.0107611842453226,-0.0108163266531336,-0.0108669208053846,-0.010912900359535,-0.0109542048424596,-0.0109907797829727,-0.0110225768315244,-0.0110495538667204,-0.0110716750883009,-0.0110889110963031,-0.0111012389561764,-0.0111086422496367,-0.0111111111111102,-0.0111086422496367,-0.0111012389561738,-0.0110889110963059,-0.0110716750883009,-0.011049553866723,-0.0110225768315242,-0.0109907797829727,-0.0109542048424625,-0.0109129003595378,-0.0108669208053846,-0.0108163266531334,-0.0107611842453252,-0.0107015656489575,-0.0106375484985659,-0.0105692158277852,-0.0104966558899351,-0.0104199619681573,-0.0103392321756806,-0.010254569246799,-0.0101660803192223,-0.010073876708377,-0.00997807367440706,-0.00987879018248261,-0.00977614865716259,-0.00967027473148208,-0.00956129699151598,-0.00944934671711462,-0.00933455761956603,-0.00921706557689772,-0.00909700836753458,-0.00897452540307975,-0.00884975746090166,-0.00872284641724153,-0.00859393498156669,-0.00846316643280942,-0.00833068435821094,-0.00819663239540436,-0.00806115397835172,-0.00792439208775986,-0.00778648900658219,-0.00764758608115246,-0.00750782348845314,-0.00736734001009021,-0.00722627281341492,-0.00708475724024238,-0.00694292660356433,-0.00680091199270216,-0.00665884208717382,-0.00651684297963939,-0.00637503800819395
-0.00590086162830084,-0.00603211912254997,-0.00616355631301213,-0.00629505903550853,-0.00642651057615951,-0.00655779182665817,-0.00668878144812901,-0.0068193560434151,-0.00694939033745567,-0.00707875736543262,-0.00720732866832907,-0.00733497449555087,-0.00746156401413645,-0.00758696552415317,-0.00771104667982814,-0.00783367471583551,-0.00795471667834047,-0.00807403966014086,-0.00819151103941085,-0.00830699872144569,-0.00842037138277529,-0.00853149871708081,-0.00864025168221194,-0.00874650274772626,-0.00885012614222869,-0.00895099809989874,-0.009048997105503,-0.00914400413721883,-0.00923590290661602,-0.0093245800950974,-0.00940992558613951,-0.0094918326926714,-0.00957019837891782,-0.00964492347610024,-0.00971591289130758,-0.00978307580899673,-0.00984632588444079,-0.00990558142861642,-0.00996076558393644,-0.0100118064903469,-0.0100586374412002,-0.0101011970285179,-0.0101394292771795,-0.0101732837675768,-0.0102027157464046,-0.0102276862252719,-0.0102481620667372,-0.010264116057616,-0.0102755269692363,-0.0102823796045055,-0.010284664831657,-0.0102823796045053,-0.0102755269692363,-0.0102641160576165,-0.0102481620667372,-0.010227686225269,-0.0102027157464044,-0.0101732837675768,-0.0101394292771821,-0.0101011970285179,-0.0100586374411975,-0.0100118064903465,-0.0099607655839391,-0.00990558142861664,-0.00984632588444345,-0.00978307580899984,-0.00971591289130735,-0.00964492347609736,-0.0095701983789207,-0.00949183269267118,-0.00940992558613973,-0.0093245800950974,-0.00923590290661624,-0.00914400413721617,-0.009048997105503,-0.00895099809990141,-0.00885012614222869,-0.00874650274772604,-0.00864025168221194,-0.00853149871708081,-0.00842037138277818,-0.00830699872144813,-0.00819151103941373,-0.00807403966014375,-0.00795471667834047,-0.0078336747158354,-0.00771104667982536,-0.00758696552415605,-0.00746156401413622,-0.00733497449555087,-0.00720732866832918,-0.00707875736543251,-0.00694939033745556,-0.00681935604341488,-0.0066887814481289,-0.00655779182665839,-0.00642651057615939,-0.00629505903550864,-0.00616355631301513,-0.00603211912255275,-0.00590086162829828
-0.00548062969062835,-0.00560253963622703,-0.00572461648091294,-0.00584675419074099,-0.0059688443636603,-0.00609077637369959,-0.00621243752317557,-0.00633371320270215,-0.0064544870587292,-0.00657464116827278,-0.00669405622058605,-0.00681261170529723,-0.00693018610676255,-0.00704665710411112,-0.00716190177661036,-0.00727579681387713,-0.00738821873042261,-0.00749904408407698,-0.00760814969772872,-0.00771541288384037,-0.00782071167119214,-0.0079239250332741,-0.00802493311771757,-0.00812361747620449,-0.00821986129419838,-0.00831354961990138,-0.00840456959182867,-0.00849281066434493,-0.00857816483053564,-0.00866052684182872,-0.00873979442368844,-0.00881586848680183,-0.00888865333312183,-0.00895805685620754,-0.00902399073522964,-0.00908637062209938,-0.00914511632115556,-0.00920015196089596,-0.00925140615717646,-0.00929881216747264,-0.00934230803567493,-0.00938183672700776,-0.00941734625262591,-0.00944878978357,-0.00947612575366596,-0.00949931795109049,-0.00951833559830373,-0.00953315342010419,-0.00954375169963639,-0.0095501163220737,-0.00955223880597056,-0.00955011632207659,-0.00954375169963928,-0.00953315342010441,-0.00951833559830373,-0.00949931795109316,-0.00947612575366552,-0.00944878978357,-0.00941734625262325,-0.00938183672700488,-0.00934230803567471,-0.00929881216746975,-0.00925140615717401,-0.00920015196089619,-0.00914511632115822,-0.00908637062209627,-0.00902399073522675,-0.00895805685620754,-0.00888865333312183,-0.00881586848680183,-0.00873979442369088,-0.0086605268418285,-0.00857816483053542,-0.00849281066434227,-0.00840456959182867,-0.00831354961990138,-0.00821986129419816,-0.00812361747620449,-0.00802493311771757,-0.00792392503327144,-0.00782071167119169,-0.00771541288384059,-0.00760814969773183,-0.0074990440840772,-0.00738821873042261,-0.00727579681387724,-0.00716190177661313,-0.00704665710411101,-0.00693018610676233,-0.00681261170529424,-0.00669405622058594,-0.00657464116827566,-0.00645448705872909,-0.00633371320270504,-0.00621243752317557,-0.00609077637370237,-0.0059688443636603,-0.00584675419074099,-0.00572461648091305,-0.00560253963622714,-0.00548062969062535
-0.00510949242973513,-0.00522314687809522,-0.00533695692347158,-0.00545082371231898,-0.00556464618336716,-0.00567832120200895,-0.00579174370222024,-0.00590480683573402,-0.00601740212822754,-0.00612941964223446,-0.0062407481464779,-0.00635127529131863,-0.00646088778990428,-0.00656947160469146,-0.00667691213889265,-0.0067830944324514,-0.00688790336207101,-0.00699122384484085,-0.00709294104495339,-0.00719294058303177,-0.00729110874749495,-0.00738733270750647,-0.00748150072686671,-0.00757350237833743,-0.00766322875782199,-0.00775057269783597,-0.00783542897964495,-0.00791769454353908,-0.0079972686966272,-0.00807405331754874,-0.00814795305759652,-0.00821887553758538,-0.00828673153995507,-0.00835143519552273,-0.00841290416437301,-0.00847105981029572,-0.00852582736832352,-0.0085771361048208,-0.00862491946962796,-0.00866911523989322,-0.0087096656550576,-0.00874651754261779,-0.00877962243431374,-0.00880893667234717,-0.00883442150532265,-0.00885604317361222,-0.00887377298386016,-0.00888758737245987,-0.00889746795773716,-0.00890340158069858,-0.00890538033423782,-0.0089034015806988,-0.00889746795773738,-0.00888758737245987,-0.0088737729838575,-0.00885604317360955,-0.00883442150532265,-0.00880893667234695,-0.00877962243431374,-0.00874651754261757,-0.0087096656550576,-0.00866911523989566,-0.00862491946962529,-0.00857713610482103,-0.00852582736832619,-0.00847105981029594,-0.00841290416437301,-0.00835143519552273,-0.00828673153995774,-0.00821887553758538,-0.00814795305759652,-0.00807405331754585,-0.0079972686966272,-0.00791769454354174,-0.00783542897964473,-0.00775057269783597,-0.00766322875782466,-0.00757350237833498,-0.00748150072686959,-0.00738733270750602,-0.00729110874749517,-0.00719294058303177,-0.0070929410449565,-0.00699122384484085,-0.00688790336207079,-0.00678309443244851,-0.00667691213888966,-0.00656947160469135,-0.00646088778990683,-0.00635127529131863,-0.0062407481464779,-0.00612941964223168,-0.00601740212822777,-0.00590480683573413,-0.00579174370222035,-0.00567832120200618,-0.00556464618336694,-0.00545082371232186,-0.00533695692347136,-0.00522314687809788,-0.00510949242973546
-0.00487690407626928,-0.00498538487942513,-0.00509401419668631,-0.0052026976744155,-0.0053113388517273,-0.00541983928878553,-0.00552809870226267,-0.00563601510772038,-0.0057434849686645,-0.00585040335208231,-0.00595666409003659,-0.00606215994713433,-0.00616678279344041,-0.00627042378248799,-0.0063729735340321,-0.00647432232109901,-0.00657436026089875,-0.00667297750919116,-0.0067700644575881,-0.00686551193335316,-0.00695921140116074,-0.00705105516632587,-0.00714093657896875,-0.00722875023859393,-0.00731439219850949,-0.00739776016958293,-0.00747875372273032,-0.00755727448959975,-0.00763322636092134,-0.00770651568190761,-0.00777705144420415,-0.00784474547380398,-0.00790951261439576,-0.0079712709056412,-0.00802994175579896,-0.0080854501082559,-0.00813772460140316,-0.00818669772145397,-0.00823230594767232,-0.00827448988964785,-0.008313194416117,-0.0083483687750463,-0.00837996670448304,-0.00840794653397303,-0.00843227127611712,-0.00845290870804161,-0.0084698314425502,-0.00848301698867271,-0.00849244780147385,-0.00849811132097211,-0.00850000000000017,-0.00849811132097211,-0.00849244780147385,-0.00848301698867004,-0.0084698314425502,-0.00845290870804183,-0.00843227127611468,-0.00840794653397303,-0.00837996670448282,-0.00834836877504652,-0.00831319441612011,-0.00827448988964496,-0.00823230594767521,-0.00818669772145397,-0.00813772460140316,-0.00808545010825545,-0.00802994175580163,-0.00797127090564076,-0.00790951261439554,-0.00784474547380376,-0.0077770514442066,-0.00770651568190761,-0.00763322636091868,-0.00755727448959997,-0.00747875372273032,-0.00739776016958293,-0.00731439219850949,-0.00722875023859126,-0.00714093657896875,-0.00705105516632587,-0.00695921140116385,-0.00686551193335605,-0.00677006445759099,-0.00667297750919138,-0.00657436026089897,-0.00647432232109879,-0.00637297353403232,-0.00627042378248532,-0.00616678279343752,-0.00606215994713444,-0.00595666409003659,-0.00585040335207943,-0.00574348496866439,-0.00563601510771772,-0.00552809870226256,-0.00541983928878542,-0.00531133885172719,-0.00520269767441817,-0.00509401419668642,-0.00498538487942501,-0.0048769040762664
-0.00515756236083409,-0.00527228606638219,-0.00538716683279228,-0.00550210487652292,-0.00561699818550865,-0.00573174265486054,-0.0058462322300985,-0.00596035905772896,-0.00607401364290783,-0.00618708501387999,-0.00629946089290789,-0.00641102787336711,-0.00652167160261774,-0.00663127697024235,-0.00673972830133573,-0.00684690955429956,-0.00695270452276686,-0.00705699704112717,-0.0071596711932036,-0.00726061152353608,-0.00735970325075241,-0.00745683248251061,-0.00755188643139482,-0.00764475363127359,-0.00773532415349121,-0.00782348982232173,-0.00790914442914592,-0.00799218394466905,-0.00807250672868132,-0.00815001373670898,-0.00822460872299802,-0.00829619843926999,-0.00836469282860497,-0.00843000521396453,-0.00849205248078055,-0.00855075525304305,-0.00860603806239779,-0.00865782950974081,-0.00870606241881933,-0.00875067398139207,-0.00879160589348293,-0.00882880448234991,-0.008862220823739,-0.00889181084913204,-0.00891753544254992,-0.00893936052675381,-0.00895725713845574,-0.00897120149235553,-0.00898117503384332,-0.00898716448012671,-0.00898916184970977,-0.00898716448012671,-0.00898117503384332,-0.00897120149235575,-0.00895725713845574,-0.00893936052675404,-0.00891753544255014,-0.00889181084912938,-0.008862220823739,-0.00882880448234702,-0.00879160589348271,-0.00875067398139184,-0.00870606241882221,-0.00865782950974348,-0.00860603806240068,-0.00855075525304305,-0.00849205248078033,-0.00843000521396453,-0.00836469282860519,-0.00829619843927021,-0.00822460872299802,-0.0081500137367061,-0.00807250672868109,-0.00799218394467172,-0.00790914442914636,-0.00782348982231929,-0.00773532415348832,-0.00764475363127626,-0.00755188643139748,-0.00745683248251061,-0.0073597032507553,-0.00726061152353341,-0.00715967119320648,-0.00705699704113005,-0.00695270452276708,-0.00684690955429978,-0.00673972830133551,-0.00663127697024257,-0.00652167160261485,-0.00641102787336711,-0.00629946089290523,-0.00618708501387721,-0.00607401364290783,-0.00596035905772907,-0.0058462322300985,-0.00573174265486065,-0.00561699818550854,-0.00550210487652292,-0.00538716683279516,-0.00527228606638208,-0.00515756236083398
-0.00589022664998873,-0.00602124758207379,-0.0061524478865117,-0.0062837136048719,-0.0064149282336291,-0.00654597287914904,-0.00667672642123696,-0.00680706568512823,-0.00693686562154983,-0.00706599949449704,-0.00719433907648648,-0.00732175485076081,-0.00744811622016062,-0.00757329172211041,-0.0076971492493576,-0.00781955627586339,-0.00794038008740494,-0.00805948801631717,-0.00817674767979981,-0.00829202722121436,-0.00840519555377561,-0.00851612260600731,-0.00862467956833757,-0.00873073914016054,-0.00883417577675716,-0.00893486593537052,-0.00903268831976911,-0.0091275241226374,-0.00921925726513684,-0.00930777463289378,-0.00939296630785025,-0.00947472579520703,-0.00955295024489966,-0.00962754066686977,-0.0096984021395945,-0.00976544401120605,-0.00982858009258947,-0.00988772884194433,-0.00994281354021687,-0.00999376245685268,-0.0100405090054267,-0.0100829918886449,-0.0101211552322655,-0.0101549487075403,-0.0101843276418372,-0.010209253117019,-0.010229692055379,-0.0102456172927696,-0.0102570076387829,-0.0102638479237165,-0.010266129032257,-0.0102638479237165,-0.0102570076387829,-0.0102456172927727,-0.010229692055379,-0.0102092531170188,-0.010184327641837,-0.0101549487075403,-0.0101211552322655,-0.0100829918886447,-0.010040509005427,-0.0099937624568498,-0.00994281354021709,-0.00988772884194433,-0.00982858009258658,-0.00976544401120338,-0.00969840213959428,-0.00962754066686933,-0.00955295024489988,-0.00947472579520725,-0.0093929663078498,-0.00930777463289401,-0.00921925726513662,-0.0091275241226374,-0.00903268831976889,-0.00893486593537074,-0.00883417577675694,-0.00873073914015765,-0.00862467956833757,-0.00851612260600754,-0.00840519555377561,-0.00829202722121458,-0.00817674767980248,-0.00805948801632006,-0.00794038008740494,-0.00781955627586362,-0.0076971492493576,-0.0075732917221103,-0.00744811622015784,-0.00732175485076092,-0.00719433907648637,-0.00706599949449682,-0.00693686562154694,-0.00680706568512823,-0.00667672642123418,-0.00654597287914926,-0.0064149282336321,-0.00628371360486879,-0.00615244788651159,-0.00602124758207379,-0.00589022664999161
-0.00698631285238382,-0.00714171488971538,-0.00729732967800789,-0.0074530220528064,-0.0076086538309722,-0.00776408399446604,-0.00791916888437594,-0.00807376240490287,-0.00822771623688923,-0.008380880060603,-0.00853310178727251,-0.00868422779893763,-0.00883410319618771,-0.00898257205316999,-0.00912947767936889,-0.00927466288756262,-0.0094179702673316,-0.00955924246346851,-0.00969832245864177,-0.00983505385959971,-0.00996928118619334,-0.0101008501625188,-0.0102296080094084,-0.0103554037374445,-0.0104780884398534,-0.0105975155843476,-0.0107135413032178,-0.0108260246808201,-0.0109348280377204,-0.0110398172105972,-0.0111408618272191,-0.0112378355756468,-0.0113306164668976,-0.011419087090293,-0.0115031348607864,-0.0115826522575033,-0.0116575370527783,-0.0117276925310652,-0.0117930276969878,-0.011853457471978,-0.0119089028788391,-0.0119592912137336,-0.0120045562050239,-0.0120446381585178,-0.0120794840886418,-0.0121090478351591,-0.0121332901650801,-0.0121521788593999,-0.0121656887844803,-0.0121738019477571,-0.0121765075376894,-0.0121738019477571,-0.0121656887844799,-0.0121521788594028,-0.0121332901650806,-0.0121090478351595,-0.0120794840886418,-0.012044638158518,-0.0120045562050239,-0.0119592912137363,-0.0119089028788419,-0.011853457471978,-0.0117930276969909,-0.011727692531065,-0.0116575370527809,-0.0115826522575064,-0.0115031348607892,-0.011419087090293,-0.0113306164668978,-0.0112378355756466,-0.0111408618272191,-0.0110398172105945,-0.0109348280377204,-0.0108260246808227,-0.0107135413032178,-0.0105975155843447,-0.0104780884398537,-0.0103554037374445,-0.0102296080094055,-0.0101008501625219,-0.00996928118619067,-0.00983505385959726,-0.00969832245864466,-0.00955924246346873,-0.00941797026733182,-0.00927466288756262,-0.00912947767936889,-0.00898257205316999,-0.0088341031961876,-0.00868422779893763,-0.00853310178726963,-0.008380880060606,-0.00822771623688912,-0.0080737624049001,-0.00791916888437583,-0.00776408399446304,-0.00760865383097475,-0.0074530220528064,-0.00729732967800789,-0.00714171488971549,-0.00698631285238371
-0.00837896505001412,-0.00856534494267391,-0.00875197999608346,-0.00893870810210484,-0.00912536353215565,-0.00931177715764731,-0.00949777668269103,-0.00968318688873204,-0.00986782989067059,-0.0100515254040209,-0.0102340910226177,-0.0104153425062863,-0.0105950940779628,-0.0107731587295096,-0.0109493485357171,-0.0111234749756495,-0.0112953492606791,-0.0114647826683996,-0.0116315868816288,-0.0117955743316709,-0.0119565585449508,-0.0121143544922004,-0.0122687789392251,-0.0124196507983798,-0.0125667914797916,-0.012710025241417,-0.0128491795369428,-0.0129840853606003,-0.0131145775879091,-0.0132404953114258,-0.0133616821705098,-0.0134779866741901,-0.0135892625161878,-0.0136953688811665,-0.0137961707413747,-0.0138915391427079,-0.0139813514794365,-0.0140654917567258,-0.0141438508401748,-0.0142163266916484,-0.0142828245906255,-0.0143432573404791,-0.0143975454589798,-0.0144456173524878,-0.0144874094732828,-0.0145228664595436,-0.0145519412575683,-0.0145745952258214,-0.0145907982205127,-0.0146005286624484,-0.0146037735849056,-0.0146005286624487,-0.0145907982205129,-0.0145745952258214,-0.0145519412575683,-0.0145228664595436,-0.0144874094732823,-0.0144456173524881,-0.01439754545898,-0.0143432573404791,-0.0142828245906255,-0.0142163266916455,-0.0141438508401748,-0.0140654917567256,-0.0139813514794365,-0.0138915391427106,-0.0137961707413752,-0.0136953688811663,-0.0135892625161851,-0.0134779866741899,-0.0133616821705098,-0.0132404953114256,-0.0131145775879091,-0.0129840853606003,-0.0128491795369428,-0.0127100252414174,-0.0125667914797916,-0.0124196507983798,-0.012268778939228,-0.0121143544922007,-0.0119565585449508,-0.0117955743316682,-0.011631586881629,-0.0114647826683993,-0.0112953492606793,-0.0111234749756495,-0.0109493485357173,-0.0107731587295099,-0.0105950940779629,-0.0104153425062863,-0.0102340910226149,-0.010051525404021,-0.0098678298906707,-0.00968318688873193,-0.00949777668269092,-0.00931177715764719,-0.00912536353215554,-0.00893870810210484,-0.00875197999608335,-0.00856534494267103,-0.00837896505001412
-0.0100167784703747,-0.0102395895317583,-0.0104627056294702,-0.0106859329685319,-0.0109090734258496,-0.0111319248137306,-0.0113542811580811,-0.0115759329908509,-0.0117966676562299,-0.0120162696300112,-0.0122345208515948,-0.0124512010678896,-0.012666088188484,-0.012878958651282,-0.0130895877978416,-0.0132977502575513,-0.0135032203397858,-0.0137057724330909,-0.0139051814104396,-0.0141012230395858,-0.0142936743974864,-0.0144823142876978,-0.0146669236597463,-0.0148472860292648,-0.0150231878979177,-0.0151944191718401,-0.0153607735775685,-0.0155220490742265,-0.01567804826091,-0.0158285787780359,-0.0159734537015779,-0.0161124919290363,-0.0162455185560384,-0.0163723652424683,-0.0164928705670582,-0.0166068803694084,-0.0167142480783742,-0.0168148350259256,-0.0169085107454661,-0.0169951532537362,-0.0170746493154605,-0.017146894689924,-0.017211794358718,-0.0172692627339954,-0.0173192238465314,-0.0173616115130855,-0.0173963694824963,-0.0174234515600677,-0.017442821709893,-0.0174544541347423,-0.0174583333333334,-0.0174544541347394,-0.0174428217098901,-0.0174234515600677,-0.0173963694824937,-0.0173616115130852,-0.0173192238465314,-0.0172692627339925,-0.017211794358718,-0.0171468946899211,-0.0170746493154608,-0.0169951532537362,-0.0169085107454663,-0.0168148350259258,-0.0167142480783742,-0.0166068803694084,-0.0164928705670613,-0.0163723652424685,-0.0162455185560357,-0.0161124919290363,-0.0159734537015781,-0.0158285787780359,-0.01567804826091,-0.0155220490742263,-0.0153607735775656,-0.0151944191718398,-0.0150231878979177,-0.0148472860292643,-0.0146669236597439,-0.0144823142877009,-0.0142936743974869,-0.0141012230395885,-0.0139051814104396,-0.0137057724330911,-0.0135032203397887,-0.0132977502575486,-0.0130895877978419,-0.0128789586512823,-0.012666088188487,-0.0124512010678894,-0.0122345208515948,-0.0120162696300112,-0.01179666765623,-0.0115759329908538,-0.0113542811580811,-0.0111319248137305,-0.0109090734258495,-0.010685932968532,-0.0104627056294704,-0.0102395895317582,-0.0100167784703746
-0.0118595796357875,-0.0121233815691152,-0.0123875446567483,-0.0126518394509609,-0.0129160313796673,-0.0131798810584165,-0.0134431446197663,-0.0137055740595238,-0.0139669175992814,-0.0142269200645422,-0.014485323277774,-0.01474186646561,-0.0149962866793492,-0.0152483192278501,-0.0154976981219301,-0.0157441565292364,-0.015987427238501,-0.0162272431322119,-0.0164633376663879,-0.0166954453564694,-0.0169233022679289,-0.0171466465104988,-0.0173652187346689,-0.0175787626291404,-0.0177870254179768,-0.0179897583560384,-0.0181867172214372,-0.0183776628035532,-0.0185623613853452,-0.01874058521856,-0.018912112990493,-0.0190767302809549,-0.0192342300081656,-0.0193844128622318,-0.0195270877249929,-0.0196620720749199,-0.0197891923759763,-0.0199082844491774,-0.0200191938257932,-0.0201217760811243,-0.0202158971478472,-0.020301433607929,-0.0203782729622852,-0.0204463138773512,-0.0205054664077344,-0.0205556521943704,-0.0205968046374838,-0.0206288690438827,-0.0206518027480727,-0.0206655752068836,-0.0206701680672272,-0.0206655752068809,-0.0206518027480758,-0.0206288690438827,-0.0205968046374865,-0.0205556521943702,-0.0205054664077347,-0.0204463138773483,-0.0203782729622879,-0.0203014336079261,-0.0202158971478474,-0.0201217760811272,-0.0200191938257903,-0.0199082844491774,-0.0197891923759788,-0.0196620720749194,-0.01952708772499,-0.0193844128622342,-0.0192342300081656,-0.0190767302809551,-0.0189121129904932,-0.0187405852185603,-0.0185623613853454,-0.0183776628035504,-0.0181867172214369,-0.0179897583560409,-0.0177870254179739,-0.0175787626291433,-0.0173652187346718,-0.0171466465104988,-0.0169233022679292,-0.016695445356472,-0.0164633376663907,-0.0162272431322119,-0.0159874272385039,-0.0157441565292362,-0.015497698121933,-0.0152483192278501,-0.014996286679352,-0.01474186646561,-0.0144853232777711,-0.014226920064542,-0.0139669175992843,-0.0137055740595238,-0.013443144619766,-0.0131798810584192,-0.0129160313796675,-0.0126518394509583,-0.0123875446567512,-0.012123381569118,-0.0118595796357903
-0.0138755178607721,-0.0141841618894843,-0.0144932284629332,-0.0148024491309664,-0.0151115494480106,-0.0154202493381008,-0.0157282634802338,-0.0160353017134941,-0.016341069461175,-0.0166452681732178,-0.0169475957860497,-0.0172477471990166,-0.0175454147663567,-0.0178402888036857,-0.018132058107929,-0.0184204104895043,-0.0187050333155339,-0.0189856140627951,-0.0192618408791294,-0.0195334031518428,-0.0197999920817808,-0.0200613012615414,-0.0203170272563482,-0.0205668701860948,-0.0208105343069933,-0.0210477285912314,-0.0212781673031077,-0.0215015705700394,-0.0217176649468385,-0.0219261839717102,-0.0221268687123302,-0.0223194683005243,-0.0225037404539308,-0.0226794519831728,-0.0228463792830713,-0.0230043088063652,-0.0231530375186759,-0.0232923733332264,-0.0234221355240771,-0.0235421551166584,-0.0236522752543451,-0.023752351540014,-0.0238422523515582,-0.0239218591303187,-0.023991066641637,-0.0240497832066582,-0.0240979309047198,-0.0241354457456608,-0.0241622778115413,-0.0241783913673375,-0.0241837649402394,-0.0241783913673372,-0.0241622778115413,-0.0241354457456606,-0.0240979309047198,-0.0240497832066555,-0.0239910666416345,-0.0239218591303183,-0.0238422523515582,-0.0237523515400169,-0.0236522752543447,-0.023542155116661,-0.0234221355240771,-0.0232923733332264,-0.0231530375186759,-0.0230043088063625,-0.0228463792830711,-0.0226794519831728,-0.0225037404539279,-0.0223194683005212,-0.0221268687123302,-0.0219261839717104,-0.0217176649468385,-0.0215015705700394,-0.0212781673031079,-0.0210477285912312,-0.0208105343069962,-0.020566870186095,-0.0203170272563455,-0.0200613012615414,-0.0197999920817835,-0.0195334031518428,-0.0192618408791294,-0.0189856140627951,-0.0187050333155312,-0.0184204104895043,-0.018132058107929,-0.0178402888036857,-0.0175454147663596,-0.0172477471990164,-0.0169475957860497,-0.0166452681732177,-0.0163410694611779,-0.0160353017134911,-0.0157282634802338,-0.0154202493380979,-0.0151115494480136,-0.0148024491309693,-0.0144932284629331,-0.0141841618894845,-0.0138755178607719
-0.0160390160797069,-0.0163957844965005,-0.0167530413420457,-0.0171104763089095,-0.0174677721594223,-0.0178246051476076,-0.0181806454646632,-0.0185355577072021,-0.0188890013675372,-0.0192406313450831,-0.0195900984779263,-0.0199370500935193,-0.0202811305773541,-0.0206219819584418,-0.0209592445103184,-0.0212925573661793,-0.0216215591468074,-0.0219458885997434,-0.0222651852482221,-0.0225790900481995,-0.0228872460519527,-0.0231892990764215,-0.0234848983746829,-0.0237736973087377,-0.0240553540218345,-0.0243295321085235,-0.0245959012806338,-0.0248541380272949,-0.0251039262671993,-0.0253449579913045,-0.0255769338940433,-0.0257995639913835,-0.0260125682238124,-0.0262156770426147,-0.0264086319776331,-0.0265911861849055,-0.0267631049725301,-0.026924166303173,-0.0270741612717609,-0.0272128945568613,-0.0273401848444546,-0.0274558652227443,-0.0275597835468302,-0.0276518027721582,-0.027731801255672,-0.0277996730237755,-0.0278553280062495,-0.0278986922354718,-0.0279297080101975,-0.0279483340235167,-0.0279545454545449,-0.0279483340235165,-0.027929708010197,-0.0278986922354723,-0.0278553280062497,-0.0277996730237731,-0.027731801255672,-0.0276518027721582,-0.0275597835468302,-0.0274558652227443,-0.0273401848444548,-0.027212894556861,-0.0270741612717584,-0.0269241663031727,-0.0267631049725301,-0.0265911861849055,-0.0264086319776329,-0.0262156770426147,-0.026012568223815,-0.0257995639913835,-0.0255769338940437,-0.0253449579913019,-0.025103926267199,-0.0248541380272922,-0.0245959012806343,-0.0243295321085235,-0.0240553540218316,-0.0237736973087377,-0.0234848983746829,-0.0231892990764215,-0.0228872460519527,-0.0225790900481995,-0.0222651852482192,-0.0219458885997463,-0.0216215591468074,-0.0212925573661791,-0.0209592445103184,-0.0206219819584417,-0.0202811305773543,-0.0199370500935192,-0.0195900984779289,-0.0192406313450801,-0.0188890013675347,-0.0185355577072022,-0.0181806454646634,-0.0178246051476079,-0.0174677721594196,-0.0171104763089123,-0.0167530413420487,-0.0163957844965004,-0.0160390160797041
-0.0183292986977741,-0.0187370116675007,-0.019145282810896,-0.0195537575103523,-0.019962073228408,-0.0203698599899633,-0.020776740891344,-0.0211823326354157,-0.0215862460918851,-0.0219880868817131,-0.0223874559846012,-0.022783950368312,-0.0231771636385603,-0.0235666867080868,-0.0239521084834742,-0.0243330165681404,-0.0247089979799211,-0.0250796398815076,-0.0254445303220485,-0.0258032589880022,-0.0261554179614849,-0.0265006024840604,-0.0268384117240883,-0.0271684495455846,-0.0274903252765457,-0.0278036544746942,-0.0281080596885319,-0.0284031712116284,-0.0286886278280218,-0.0289640775466835,-0.0292291783228715,-0.0294835987644351,-0.0297270188209213,-0.0299591304535476,-0.030179638284052,-0.0303882602205212,-0.0305847280583547,-0.0307687880545111,-0.0309402014734377,-0.031098745102877,-0.031244211738177,-0.0313764106334571,-0.0314951679183715,-0.031600326979166,-0.0316917488028261,-0.0317693122833083,-0.0318329144888787,-0.0318824708897352,-0.0319179155452185,-0.031939201250031,-0.0319462996389885,-0.031939201250031,-0.0319179155452214,-0.0318824708897352,-0.0318329144888785,-0.0317693122833078,-0.0316917488028261,-0.031600326979166,-0.031495167918371,-0.0313764106334546,-0.0312442117381773,-0.031098745102877,-0.0309402014734348,-0.030768788054514,-0.0305847280583547,-0.0303882602205241,-0.0301796382840518,-0.0299591304535447,-0.0297270188209213,-0.0294835987644351,-0.0292291783228711,-0.0289640775466837,-0.0286886278280245,-0.0284031712116255,-0.0281080596885319,-0.0278036544746942,-0.0274903252765455,-0.0271684495455848,-0.0268384117240885,-0.0265006024840573,-0.0261554179614851,-0.0258032589880024,-0.0254445303220485,-0.0250796398815103,-0.0247089979799238,-0.0243330165681406,-0.0239521084834742,-0.0235666867080866,-0.0231771636385629,-0.0227839503683123,-0.0223874559846013,-0.0219880868817102,-0.021586246091885,-0.0211823326354157,-0.0207767408913442,-0.0203698599899633,-0.019962073228408,-0.0195537575103522,-0.0191452828108989,-0.0187370116675034,-0.0183292986977741
-0.0207293153992278,-0.0211904138231895,-0.0216521435074188,-0.022114103401096,-0.0225758834965371,-0.0230370653745422,-0.0234972227801099,-0.023955922227636,-0.0244127236345589,-0.0248671809823273,-0.0253188430033926,-0.0257672538929444,-0.0262119540439166,-0.0266524808036517,-0.0270883692506338,-0.0275191529895775,-0.0279443649629079,-0.028363538276895,-0.0287762070403212,-0.0291819072136827,-0.0295801774668076,-0.0299705600426741,-0.0303526016252127,-0.0307258542088644,-0.0310898759674951,-0.0314442321204116,-0.031788495793063,-0.032122248870093,-0.0324450828383571,-0.032756599617523,-0.0330564123759285,-0.033344146329318,-0.0336194395202143,-0.0338819435755988,-0.0341313244407297,-0.0343672630869174,-0.0345894561911582,-0.034797616785607,-0.0349914748749478,-0.0351707780197887,-0.0353352918843364,-0.0354848007466726,-0.0356191079700705,-0.0357380364339588,-0.0358414289231219,-0.0359291484740376,-0.0360010786772134,-0.0360571239346099,-0.0360972096713776,-0.0361212825012114,-0.0361293103448268,-0.0361212825012114,-0.0360972096713776,-0.0360571239346097,-0.0360010786772162,-0.0359291484740405,-0.0358414289231219,-0.0357380364339588,-0.0356191079700705,-0.0354848007466695,-0.0353352918843364,-0.0351707780197887,-0.0349914748749478,-0.0347976167856072,-0.0345894561911608,-0.0343672630869174,-0.03413132444073,-0.0338819435755986,-0.0336194395202143,-0.0333441463293183,-0.0330564123759256,-0.0327565996175234,-0.0324450828383571,-0.032122248870093,-0.0317884957930628,-0.0314442321204114,-0.0310898759674978,-0.0307258542088618,-0.03035260162521,-0.0299705600426741,-0.0295801774668103,-0.0291819072136825,-0.0287762070403184,-0.0283635382768948,-0.0279443649629076,-0.0275191529895773,-0.027088369250637,-0.0266524808036517,-0.0262119540439192,-0.0257672538929445,-0.0253188430033924,-0.0248671809823275,-0.0244127236345619,-0.0239559222276331,-0.02349722278011,-0.0230370653745451,-0.0225758834965371,-0.0221141034010961,-0.0216521435074191,-0.0211904138231895,-0.0207293153992305
-0.0232249419951226,-0.0237415525992026,-0.0242588704617132,-0.024776446248856,-0.0252938205916455,-0.0258105246968978,-0.026326080992274,-0.0268400038043307,-0.0273518000684532,-0.0278609700693857,-0.0283670082109525,-0.0288694038134769,-0.0293676419372472,-0.0298612042303128,-0.0303495697987151,-0.0308322160972865,-0.0313086198388475,-0.0317782579197861,-0.0322406083596929,-0.0326951512528035,-0.0331413697288643,-0.033578750920944,-0.0340067869377318,-0.0344249758377431,-0.0348328226028853,-0.0352298401087039,-0.0356155500887181,-0.0359894840901775,-0.0363511844185542,-0.0367002050681682,-0.03703611263623,-0.0373584872177741,-0.0376669232788334,-0.0379610305053564,-0.0382404346253593,-0.0385047782019132,-0.038753721394601,-0.0389869426871796,-0.0392041395792899,-0.0394050292400536,-0.0395893491217243,-0.0397568575313638,-0.0399073341589293,-0.0400405805600845,-0.0401564205922964,-0.0402547008028429,-0.0403352907675485,-0.0403980833792223,-0.0404429950848606,-0.0404699660709129,-0.0404789603960409,-0.0404699660709129,-0.0404429950848606,-0.0403980833792221,-0.0403352907675485,-0.0402547008028404,-0.0401564205922964,-0.0400405805600843,-0.0399073341589293,-0.0397568575313665,-0.0395893491217243,-0.0394050292400536,-0.039204139579287,-0.0389869426871796,-0.0387537213945983,-0.0385047782019132,-0.0382404346253595,-0.0379610305053566,-0.0376669232788334,-0.0373584872177741,-0.03703611263623,-0.0367002050681655,-0.0363511844185544,-0.0359894840901751,-0.0356155500887181,-0.0352298401087037,-0.0348328226028851,-0.0344249758377457,-0.0340067869377316,-0.0335787509209409,-0.0331413697288616,-0.0326951512528038,-0.03224060835969,-0.0317782579197858,-0.0313086198388501,-0.0308322160972867,-0.0303495697987153,-0.0298612042303126,-0.0293676419372471,-0.0288694038134769,-0.0283670082109551,-0.0278609700693857,-0.0273518000684532,-0.0268400038043308,-0.0263260809922765,-0.0258105246968976,-0.0252938205916458,-0.0247764462488558,-0.0242588704617128,-0.0237415525992,-0.0232249419951225
-0.0258043785301296,-0.026378365564545,-0.0269531384077882,-0.0275281978215977,-0.0281030334179938,-0.0286771243381291,-0.0292499399689378,-0.0298209406965342,-0.0303895786949619,-0.0309552987489912,-0.0315175391093069,-0.0320757323785122,-0.032629306426044,-0.0331776853301156,-0.0337202903446268,-0.0342565408888476,-0.034785855557667,-0.035307653149893,-0.0358213537123049,-0.036326379596737,-0.0368221565276725,-0.037308114677526,-0.0377836897469483,-0.038248324047236,-0.0387014675819835,-0.0391425791251394,-0.0395711272924175,-0.0399865916031952,-0.0403884635299354,-0.0407762475321218,-0.0411494620718711,-0.041507640608222,-0.0418503325673092,-0.0421771042855397,-0.0424875399230966,-0.0427812423449507,-0.0430578339669203,-0.043316957564145,-0.0435582770395886,-0.0437814781502845,-0.0439862691890842,-0.0441723816198618,-0.0443395706642267,-0.0444876158379826,-0.0446163214356465,-0.0447255169615357,-0.0448150575061568,-0.0448848240666442,-0.0449347238103326,-0.0449646902805889,-0.0449746835443026,-0.0449646902805863,-0.0449347238103355,-0.0448848240666471,-0.0448150575061568,-0.0447255169615355,-0.0446163214356468,-0.0444876158379852,-0.0443395706642264,-0.0441723816198618,-0.0439862691890844,-0.0437814781502845,-0.0435582770395886,-0.0433169575641448,-0.0430578339669205,-0.0427812423449507,-0.0424875399230966,-0.0421771042855394,-0.0418503325673065,-0.041507640608222,-0.0411494620718709,-0.0407762475321245,-0.0403884635299354,-0.0399865916031981,-0.0395711272924177,-0.0391425791251394,-0.0387014675819839,-0.0382483240472331,-0.0377836897469486,-0.037308114677526,-0.0368221565276725,-0.0363263795967397,-0.0358213537123049,-0.0353076531498959,-0.034785855557667,-0.0342565408888504,-0.0337202903446239,-0.0331776853301182,-0.0326293064260468,-0.0320757323785124,-0.0315175391093068,-0.0309552987489912,-0.0303895786949648,-0.029820940696534,-0.0292499399689379,-0.028677124338129,-0.0281030334179966,-0.0275281978215975,-0.0269531384077883,-0.0263783655645451,-0.0258043785301267
-0.0284576900874498,-0.0290906968122823,-0.0297245701460103,-0.0303587595166611,-0.0309927020560806,-0.0316258233485799,-0.0322575382213046,-0.0328872515750521,-0.033514359254173,-0.0341382489539391,-0.0347583011636799,-0.0353738901438744,-0.0359843849351649,-0.0365891503971316,-0.0371875482746378,-0.0377789382892788,-0.0383626792534884,-0.0389381302045957,-0.0395046515562272,-0.0400616062640715,-0.0406083610032544,-0.0411442873541983,-0.0416687629939871,-0.0421811728900845,-0.0426809104932204,-0.043167378926261,-0.0436399921658213,-0.0440981762133361,-0.0445413702523867,-0.0449690277889629,-0.0453806177714906,-0.0457756256873569,-0.0461535546328542,-0.0465139263533361,-0.0468562822506255,-0.047180184354652,-0.047485216256492,-0.0477709839999576,-0.0480371169291518,-0.0482832684893633,-0.0485091169789149,-0.0487143662497016,-0.0488987463542236,-0.0490620141372049,-0.0492039537699125,-0.0493243772256073,-0.0494231246946095,-0.0495000649377006,-0.0495550955767681,-0.0495881433218455,-0.049599164133739,-0.0495881433218428,-0.0495550955767681,-0.0495000649377009,-0.0494231246946126,-0.0493243772256073,-0.0492039537699098,-0.0490620141372049,-0.0488987463542239,-0.0487143662497043,-0.0485091169789154,-0.0482832684893604,-0.0480371169291518,-0.0477709839999576,-0.047485216256492,-0.0471801843546522,-0.0468562822506255,-0.0465139263533363,-0.0461535546328569,-0.0457756256873569,-0.0453806177714906,-0.0449690277889658,-0.0445413702523867,-0.0440981762133361,-0.0436399921658213,-0.0431673789262608,-0.0426809104932209,-0.0421811728900845,-0.0416687629939869,-0.0411442873541985,-0.0406083610032544,-0.0400616062640744,-0.0395046515562272,-0.0389381302045984,-0.0383626792534855,-0.0377789382892788,-0.037187548274638,-0.0365891503971318,-0.0359843849351649,-0.0353738901438745,-0.0347583011636798,-0.034138248953939,-0.033514359254176,-0.0328872515750522,-0.0322575382213046,-0.0316258233485827,-0.0309927020560805,-0.0303587595166581,-0.0297245701460105,-0.0290906968122822,-0.02845769008745
-0.0311764523224373,-0.0318699346084531,-0.0325643662965709,-0.0332591442148323,-0.0339536517203523,-0.0346472595194843,-0.0353393265337165,-0.0360292008098647,-0.0367162204730629,-0.037399714720817,-0.038079004856275,-0.0387534053586475,-0.0394222249886054,-0.0400847679263256,-0.0407403349396929,-0.0413882245800252,-0.0420277344026205,-0.042658162209166,-0.0432788073091179,-0.0438889717968698,-0.0444879618415921,-0.0450750889863878,-0.0456496714534798,-0.0462110354519696,-0.0467585164846858,-0.0472914606506563,-0.0478092259395744,-0.0483111835147818,-0.0487967189811385,-0.0492652336342436,-0.0497161456874418,-0.0501488914731389,-0.0505629266149339,-0.0509577271671739,-0.051332790718583,-0.051687637456751,-0.0520218111902959,-0.0523348803256325,-0.0526264387955229,-0.0528961069364497,-0.0531435323123333,-0.0533683904819613,-0.0535703857078642,-0.0537492516044351,-0.0539047517233193,-0.0540366800742662,-0.0541448615798621,-0.0542291524626739,-0.0542894405637082,-0.0543256455910848,-0.0543377192982446,-0.0543256455910848,-0.054289440563708,-0.0542291524626741,-0.0541448615798592,-0.0540366800742658,-0.0539047517233193,-0.0537492516044351,-0.0535703857078642,-0.0533683904819613,-0.053143532312333,-0.0528961069364497,-0.0526264387955226,-0.0523348803256325,-0.0520218111902933,-0.0516876374567514,-0.0513327907185828,-0.0509577271671739,-0.0505629266149363,-0.0501488914731361,-0.0497161456874413,-0.0492652336342434,-0.0487967189811382,-0.0483111835147816,-0.0478092259395773,-0.0472914606506567,-0.0467585164846887,-0.0462110354519696,-0.04564967145348,-0.0450750889863876,-0.0444879618415923,-0.0438889717968696,-0.0432788073091153,-0.042658162209166,-0.0420277344026208,-0.0413882245800254,-0.0407403349396929,-0.0400847679263259,-0.0394222249886054,-0.0387534053586476,-0.038079004856278,-0.0373997147208172,-0.0367162204730629,-0.0360292008098675,-0.0353393265337167,-0.0346472595194816,-0.0339536517203523,-0.0332591442148351,-0.0325643662965707,-0.031869934608453,-0.0311764523224398
-0.0339534748789575,-0.0347087286561848,-0.0354650164029107,-0.03622168122,-0.0369780515375063,-0.0377334420078557,-0.0384871544488786,-0.039238478835072,-0.0399866943354917,-0.0407310703963398,-0.0414708678662806,-0.0422053401621921,-0.0429337344730487,-0.0436552929993181,-0.0443692542252296,-0.04507485422102,-0.045771327972161,-0.0464579107324825,-0.0471338393978726,-0.0477983538972386,-0.0484506985972022,-0.0490901237170129,-0.0497158867499772,-0.0503272538876951,-0.0509235014433476,-0.0515039172701355,-0.0520678021711101,-0.0526144712963765,-0.0531432555239504,-0.0536535028202114,-0.0541445795762354,-0.0546158719161001,-0.0550667869734209,-0.0554967541324145,-0.0559052262298509,-0.0562916807143365,-0.0566556207595237,-0.0569965763279201,-0.0573141051820907,-0.0576077938402453,-0.0578772584732827,-0.0581221457405972,-0.0583421335620937,-0.0585369318240374,-0.0587062830165823,-0.0588499628010368,-0.058967780505069,-0.0590595795443758,-0.0591252377694591,-0.0591646677365034,-0.0591778169014088,-0.0591646677365032,-0.0591252377694587,-0.059059579544376,-0.0589677805050719,-0.0588499628010344,-0.0587062830165821,-0.0585369318240379,-0.0583421335620933,-0.0581221457405974,-0.0578772584732825,-0.0576077938402453,-0.0573141051820933,-0.0569965763279205,-0.0566556207595237,-0.0562916807143337,-0.0559052262298507,-0.0554967541324149,-0.055066786973418,-0.0546158719161003,-0.0541445795762385,-0.0536535028202112,-0.0531432555239502,-0.0526144712963765,-0.0520678021711072,-0.0515039172701353,-0.0509235014433471,-0.0503272538876951,-0.0497158867499747,-0.0490901237170134,-0.048450698597202,-0.047798353897236,-0.0471338393978726,-0.0464579107324825,-0.0457713279721612,-0.04507485422102,-0.0443692542252296,-0.0436552929993181,-0.0429337344730489,-0.0422053401621922,-0.0414708678662807,-0.0407310703963397,-0.0399866943354918,-0.0392384788350719,-0.0384871544488785,-0.0377334420078559,-0.0369780515375064,-0.0362216812200029,-0.0354650164029107,-0.0347087286561873,-0.0339534748789545
-0.0367825834294505,-0.0376007672875204,-0.0384200712686193,-0.0392397837387575,-0.0400591771706932,-0.0408775091115778,-0.0416940232045392,-0.0425079502625585,-0.0433185093928234,-0.0441249091695407,-0.0449263488529869,-0.0457220196524345,-0.0465111060303127,-0.0472927870448887,-0.0480662377285432,-0.0488306304985151,-0.0495851365969062,-0.0503289275565286,-0.0510611766890787,-0.0517810605919806,-0.0524877606701495,-0.053180464668791,-0.0538583682132459,-0.0545206763519388,-0.0551666050982162,-0.0557953829670161,-0.0564062525021218,-0.0569984717898424,-0.0575713159548719,-0.058124078634139,-0.0586560734244517,-0.0591666352998563,-0.0596551219945056,-0.0601209153471458,-0.0605634226032092,-0.0609820776707102,-0.0613763423261875,-0.0617457073671739,-0.0620896937076418,-0.0624078534132206,-0.0626997706729782,-0.062965062704883,-0.0632033805921246,-0.0634144100477938,-0.0635978721055339,-0.0637535237340545,-0.063881158373615,-0.0639806063928261,-0.0640517354643166,-0.0640944508581769,-0.0641086956521753,-0.0640944508581771,-0.0640517354643171,-0.0639806063928261,-0.0638811583736152,-0.0637535237340519,-0.0635978721055339,-0.063414410047794,-0.0632033805921246,-0.062965062704883,-0.0626997706729813,-0.0624078534132206,-0.0620896937076443,-0.0617457073671712,-0.0613763423261873,-0.06098207767071,-0.060563422603209,-0.0601209153471458,-0.0596551219945056,-0.0591666352998563,-0.0586560734244548,-0.0581240786341364,-0.0575713159548719,-0.0569984717898453,-0.0564062525021189,-0.0557953829670161,-0.0551666050982162,-0.0545206763519386,-0.0538583682132461,-0.0531804646687912,-0.0524877606701519,-0.0517810605919808,-0.0510611766890756,-0.0503289275565313,-0.0495851365969062,-0.0488306304985153,-0.0480662377285432,-0.0472927870448887,-0.0465111060303127,-0.0457220196524346,-0.044926348852987,-0.0441249091695377,-0.0433185093928232,-0.0425079502625585,-0.0416940232045422,-0.0408775091115778,-0.0400591771706933,-0.0392397837387601,-0.0384200712686193,-0.0376007672875205,-0.0367825834294477
-0.0396584463367401,-0.0405406002694871,-0.0414239619025867,-0.0423077639626288,-0.0431912220403184,-0.044073535633801,-0.0449538892501015,-0.0458314535629614,-0.0467053866251113,-0.0475748351327782,-0.0484389357400422,-0.0492968164205044,-0.0501475978734207,-0.0509903949713582,-0.0518243182462297,-0.0526484754103493,-0.0534619729089998,-0.0542639175009187,-0.0550534178627953,-0.0558295862139533,-0.0565915399570949,-0.0573384033308959,-0.0580693090703153,-0.0587834000701239,-0.0594798310473232,-0.0601577701979348,-0.0608164008436942,-0.0614549230640433,-0.0620725553089854,-0.0626685359881178,-0.0632421250315214,-0.0637926054178726,-0.0643192846654859,-0.0648214962818934,-0.0652986011677374,-0.0657499889708766,-0.0661750793866103,-0.0665733234002397,-0.0669442044681854,-0.0672872396341198,-0.0676019805767485,-0.0678880145860496,-0.0681449654649986,-0.0683724943540207,-0.0685703004756522,-0.0687381217970866,-0.0688757356086194,-0.0689829590161541,-0.0690596493462439,-0.0691057044624712,-0.0691210629921246,-0.0691057044624737,-0.0690596493462412,-0.0689829590161508,-0.0688757356086196,-0.0687381217970866,-0.0685703004756522,-0.0683724943540209,-0.0681449654649986,-0.0678880145860523,-0.0676019805767483,-0.0672872396341195,-0.0669442044681856,-0.0665733234002426,-0.0661750793866132,-0.065749988970879,-0.0652986011677401,-0.0648214962818934,-0.0643192846654863,-0.0637926054178726,-0.0632421250315189,-0.0626685359881174,-0.0620725553089856,-0.0614549230640462,-0.0608164008436911,-0.0601577701979346,-0.0594798310473232,-0.0587834000701266,-0.0580693090703155,-0.0573384033308959,-0.0565915399570949,-0.055829586213956,-0.0550534178627951,-0.0542639175009187,-0.0534619729090027,-0.0526484754103465,-0.0518243182462326,-0.0509903949713582,-0.0501475978734207,-0.0492968164205045,-0.0484389357400421,-0.0475748351327754,-0.0467053866251113,-0.0458314535629587,-0.0449538892500987,-0.044073535633804,-0.0431912220403188,-0.0423077639626288,-0.0414239619025867,-0.0405406002694872,-0.03965844633674
-0.0425764356314988,-0.0435234966892054,-0.0444718543074472,-0.045420684758363,-0.0463691459173935,-0.047316378383356,-0.0482615066609213,-0.0492036404036742,-0.0501418757155425,-0.0510752965083573,-0.0520029759129419,-0.0529239777409297,-0.0538373579943816,-0.0547421664199577,-0.0556374481042885,-0.0565222451069316,-0.0573955981272132,-0.0582565482009438,-0.0591041384230375,-0.0599374156916876,-0.0607554324698421,-0.0615572485594109,-0.0623419328837278,-0.0631085652734658,-0.0638562382513894,-0.0645840588110511,-0.0652911501846263,-0.0659766535950015,-0.0666397299872867,-0.0672795617347843,-0.0678953543147054,-0.0684863379487322,-0.0690517692037558,-0.0695909325481234,-0.0701031418588278,-0.0705877418752268,-0.0710441095949648,-0.0714716556079376,-0.0718698253643166,-0.072238100372815,-0.0725759993255535,-0.0728830791461341,-0.0731589359576954,-0.0734032059680643,-0.0736155662691602,-0.0737957355483319,-0.0739434747093464,-0.0740585874011075,-0.0741409204525556,-0.0741903642122796,-0.0742068527918793,-0.0741903642122765,-0.0741409204525558,-0.074058587401107,-0.0739434747093435,-0.0737957355483347,-0.0736155662691607,-0.0734032059680643,-0.073158935957695,-0.0728830791461315,-0.0725759993255535,-0.0722381003728179,-0.0718698253643169,-0.0714716556079376,-0.0710441095949648,-0.070587741875227,-0.0701031418588278,-0.0695909325481234,-0.0690517692037587,-0.0684863379487319,-0.0678953543147085,-0.0672795617347843,-0.0666397299872867,-0.0659766535950015,-0.0652911501846238,-0.064584058811048,-0.0638562382513892,-0.0631085652734629,-0.062341932883728,-0.061557248559414,-0.0607554324698421,-0.0599374156916905,-0.05910413842304,-0.0582565482009438,-0.0573955981272107,-0.0565222451069312,-0.0556374481042885,-0.0547421664199548,-0.0538373579943787,-0.0529239777409301,-0.0520029759129415,-0.0510752965083572,-0.0501418757155454,-0.0492036404036771,-0.0482615066609242,-0.047316378383353,-0.0463691459173934,-0.0454206847583631,-0.0444718543074474,-0.0435234966892053,-0.042576435631499
-0.0455325146328656,-0.0465453300747536,-0.0475595320972894,-0.0485742397812369,-0.0495885525333926,-0.0506015512843985,-0.0516122997533587,-0.0526198457771568,-0.0536232227022795,-0.0546214508366272,-0.0556135389585488,-0.0565984858801917,-0.0575752820618991,-0.0585429112743139,-0.0595003523044912,-0.0604465807022543,-0.0613805705627415,-0.062301296340955,-0.0632077346939501,-0.0640988663461257,-0.0649736779729952,-0.0658311640985909,-0.0666703290016426,-0.0674901886255423,-0.0682897724869653,-0.0690681255780925,-0.0698243102571627,-0.0705574081222373,-0.0712665218628938,-0.0719507770846717,-0.0726093241011188,-0.0732413396882614,-0.0738460287964808,-0.0744226262148153,-0.0749703981827754,-0.0754886439450295,-0.0759766972442013,-0.0764339277474837,-0.0768597424026993,-0.0772535867197437,-0.0776149459735589,-0.0779433463249877,-0.0782383558560298,-0.0784995855164385,-0.0787266899786532,-0.0789193683985039,-0.0790773650793182,-0.0792004700373596,-0.0792885194669175,-0.0793413961034828,-0.0793590294840292,-0.0793413961034797,-0.0792885194669146,-0.0792004700373599,-0.0790773650793182,-0.0789193683985037,-0.0787266899786532,-0.0784995855164383,-0.0782383558560298,-0.0779433463249872,-0.0776149459735616,-0.0772535867197437,-0.0768597424027022,-0.0764339277474837,-0.0759766972441984,-0.0754886439450269,-0.0749703981827754,-0.0744226262148127,-0.0738460287964835,-0.0732413396882614,-0.0726093241011188,-0.0719507770846688,-0.0712665218628936,-0.0705574081222373,-0.0698243102571627,-0.0690681255780925,-0.0682897724869682,-0.0674901886255426,-0.0666703290016457,-0.0658311640985911,-0.0649736779729981,-0.0640988663461284,-0.0632077346939504,-0.0623012963409555,-0.061380570562739,-0.0604465807022543,-0.0595003523044912,-0.0585429112743139,-0.0575752820618991,-0.0565984858801918,-0.055613538958549,-0.054621450836627,-0.0536232227022824,-0.0526198457771569,-0.0516122997533615,-0.0506015512843982,-0.0495885525333923,-0.0485742397812372,-0.047559532097289,-0.0465453300747565,-0.0455325146328629
-0.0485231464395097,-0.0496024848507383,-0.0506833009149393,-0.0517646558530206,-0.0528455899196986,-0.0539251236800141,-0.0550022593569766,-0.056075982248222,-0.0571452622092421,-0.0582090552005465,-0.059266304895827,-0.0603159443479684,-0.0613568977095126,-0.062388082003894,-0.063408408943646,-0.0644167867914343,-0.0654121222596986,-0.0663933224443842,-0.0673592967881094,-0.0683089590680022,-0.069241229403167,-0.0701550362767285,-0.0710493185672219,-0.0719230275839757,-0.07277512910113,-0.0736046053847645,-0.0744104572076612,-0.0751917058460976,-0.0759473950531953,-0.0766765930031894,-0.0773783942011694,-0.078051921352795,-0.0786963271886054,-0.0793107962376332,-0.0798945465451055,-0.0804468313292053,-0.0809669405719469,-0.0814542025394984,-0.0819079852272695,-0.0823276977255651,-0.0827127915015553,-0.0830627615937307,-0.083377147715193,-0.0836555352623896,-0.0838975562262216,-0.0841028900026992,-0.0842712641006793,-0.0844024547444375,-0.0844962873692929,-0.0845526370086616,-0.0845714285714285,-0.0845526370086644,-0.0844962873692927,-0.084402454744438,-0.0842712641006791,-0.0841028900026994,-0.0838975562262216,-0.0836555352623896,-0.083377147715193,-0.0830627615937305,-0.0827127915015553,-0.082327697725568,-0.0819079852272726,-0.0814542025394984,-0.0809669405719498,-0.0804468313292053,-0.0798945465451055,-0.0793107962376363,-0.0786963271886052,-0.0780519213527953,-0.0773783942011694,-0.0766765930031896,-0.0759473950531953,-0.0751917058460976,-0.0744104572076614,-0.0736046053847648,-0.0727751291011272,-0.0719230275839728,-0.071049318567219,-0.0701550362767285,-0.0692412294031672,-0.0683089590680022,-0.067359296788112,-0.0663933224443842,-0.0654121222597013,-0.0644167867914343,-0.063408408943646,-0.062388082003894,-0.0613568977095125,-0.0603159443479686,-0.0592663048958242,-0.0582090552005465,-0.0571452622092419,-0.0560759822482193,-0.0550022593569739,-0.053925123680014,-0.0528455899196985,-0.0517646558530176,-0.0506833009149394,-0.0496024848507355,-0.0485231464395068
-0.0515452189049984,-0.0526917796448014,-0.0538399100673541,-0.0549886129254212,-0.0561368686997745,-0.0572836369552099,-0.0584278577721471,-0.0595684532514934,-0.0607043290902591,-0.0618343762250804,-0.0629574725405354,-0.0640724846389235,-0.0651782696678811,-0.0662736772019246,-0.0673575511738969,-0.0684287318519246,-0.0694860578573542,-0.0705283682189122,-0.0715545044581603,-0.0725633127011269,-0.073553645810803,-0.0745243655351169,-0.0754743446648434,-0.0764024691957623,-0.0773076404893378,-0.0781887774261201,-0.0790448185459567,-0.0798747241691971,-0.0806774784928994,-0.0814520916562158,-0.0821976017690591,-0.0829130768982758,-0.0835976170055848,-0.0842503558316201,-0.084870462720648,-0.0854571443804988,-0.0860096465725246,-0.0865272557265964,-0.0870093004762214,-0.0874551531092278,-0.0878642309295856,-0.0882359975262523,-0.0885699639451762,-0.0888656897608677,-0.0891227840442292,-0.0893409062237223,-0.0895197668371626,-0.0896591281718455,-0.0897588047910145,-0.0898186639450409,-0.0898386258660495,-0.0898186639450436,-0.0897588047910145,-0.0896591281718429,-0.0895197668371623,-0.089340906223722,-0.0891227840442292,-0.0888656897608679,-0.088569963945176,-0.0882359975262528,-0.087864230929583,-0.0874551531092249,-0.0870093004762216,-0.0865272557265933,-0.0860096465725246,-0.0854571443804986,-0.0848704627206507,-0.0842503558316201,-0.0835976170055848,-0.0829130768982758,-0.082197601769056,-0.0814520916562129,-0.0806774784928992,-0.0798747241691971,-0.0790448185459565,-0.0781887774261198,-0.0773076404893407,-0.0764024691957623,-0.0754743446648438,-0.0745243655351169,-0.073553645810803,-0.0725633127011271,-0.0715545044581629,-0.0705283682189095,-0.0694860578573568,-0.0684287318519274,-0.0673575511738969,-0.0662736772019246,-0.0651782696678811,-0.0640724846389238,-0.0629574725405326,-0.0618343762250806,-0.060704329090262,-0.0595684532514933,-0.0584278577721471,-0.0572836369552099,-0.0561368686997745,-0.054988612925424,-0.0538399100673541,-0.0526917796448014,-0.0515452189049959
-0.054595982734049,-0.0558104040069372,-0.0570264878660778,-0.0582431780409919,-0.0594593946710228,-0.0606740357415977,-0.0618859786005579,-0.0630940815520964,-0.0642971855256297,-0.0654941158165877,-0.0666836838958326,-0.0678646892842125,-0.0690359214883065,-0.0701961619933587,-0.0713441863090336,-0.0724787660633728,-0.0735986711401775,-0.0747026718547337,-0.0757895411627107,-0.0768580568967623,-0.0779070040252325,-0.0789351769272784,-0.0799413816784869,-0.0809244383409975,-0.0818831832520737,-0.0828164713049451,-0.0837231782157171,-0.0846022027700759,-0.0854524690436009,-0.0862729285893831,-0.0870625625867456,-0.0878203839449903,-0.0885454393560099,-0.0892368112898816,-0.0898936199275375,-0.0905150250248832,-0.0911002277027866,-0.0916484721576358,-0.0921590472873315,-0.0926312882278248,-0.093064577795537,-0.0934583478313242,-0.0938120804418117,-0.0941253091344127,-0.0943976198424399,-0.0946286518372272,-0.0948180985244407,-0.0949657081220681,-0.0950712842180614,-0.0951346862058551,-0.0951558295964128,-0.0951346862058551,-0.0950712842180612,-0.0949657081220685,-0.0948180985244407,-0.0946286518372301,-0.0943976198424401,-0.0941253091344127,-0.0938120804418117,-0.0934583478313216,-0.093064577795537,-0.092631288227822,-0.0921590472873319,-0.0916484721576387,-0.0911002277027895,-0.090515025024883,-0.0898936199275346,-0.0892368112898791,-0.0885454393560072,-0.08782038394499,-0.0870625625867456,-0.0862729285893831,-0.0854524690436012,-0.0846022027700732,-0.0837231782157173,-0.0828164713049451,-0.0818831832520766,-0.0809244383410004,-0.0799413816784897,-0.0789351769272779,-0.0779070040252328,-0.0768580568967596,-0.0757895411627134,-0.0747026718547339,-0.0735986711401775,-0.0724787660633726,-0.0713441863090334,-0.0701961619933587,-0.0690359214883065,-0.0678646892842125,-0.0666836838958356,-0.0654941158165878,-0.0642971855256325,-0.0630940815520993,-0.0618859786005581,-0.0606740357415976,-0.0594593946710229,-0.0582431780409947,-0.0570264878660778,-0.0558104040069369,-0.0545959827340519
-0.0576730000983912,-0.0589558658823442,-0.0602404879555339,-0.0615257505163257,-0.0628105128433446,-0.0640936108127331,-0.0653738584999043,-0.0666500498633332,-0.0679209605074724,-0.0691853495216653,-0.0704419613915468,-0.0716895279792193,-0.0729267705681262,-0.0741524019682982,-0.0753651286773938,-0.0765636530926881,-0.0777466757689038,-0.0789128977165765,-0.0800610227354326,-0.0811897597770417,-0.0822978253308397,-0.083383945827467,-0.0844468600531951,-0.0854853215691238,-0.0864981011287518,-0.0874839890873458,-0.0884417977966188,-0.0893703639780727,-0.0902685510684249,-0.0911352515305244,-0.0919693891232007,-0.0927699211235391,-0.0935358404952042,-0.0942661779964893,-0.0949600042219247,-0.0956164315714427,-0.0962346161412651,-0.0968137595308509,-0.0973531105605523,-0.097851966894728,-0.0983096765654747,-0.0987256393923246,-0.0990993082935476,-0.0994301904851393,-0.099717848563708,-0.0999619014700026,-0.100162025330095,-0.1003179541716,-0.100429480512727,-0.100496455822358,-0.100518790849673,-0.100496455822359,-0.100429480512728,-0.100317954171598,-0.100162025330096,-0.0999619014700002,-0.0997178485637082,-0.0994301904851393,-0.0990993082935474,-0.0987256393923217,-0.0983096765654776,-0.0978519668947253,-0.0973531105605494,-0.0968137595308509,-0.0962346161412622,-0.0956164315714425,-0.094960004221927,-0.0942661779964893,-0.0935358404952069,-0.0927699211235391,-0.0919693891232038,-0.091135251530527,-0.0902685510684249,-0.0893703639780727,-0.088441797796619,-0.0874839890873456,-0.0864981011287518,-0.0854853215691236,-0.0844468600531953,-0.0833839458274697,-0.0822978253308426,-0.0811897597770415,-0.0800610227354324,-0.0789128977165765,-0.077746675768904,-0.0765636530926883,-0.0753651286773938,-0.0741524019682978,-0.0729267705681289,-0.0716895279792196,-0.0704419613915441,-0.0691853495216654,-0.0679209605074724,-0.0666500498633305,-0.0653738584999042,-0.064093610812733,-0.0628105128433447,-0.0615257505163258,-0.0602404879555369,-0.0589558658823444,-0.0576730000983883
-0.0607741017440434,-0.062125947764621,-0.0634796445108593,-0.0648340161839843,-0.0661878607255538,-0.067539951416275,-0.0688890385638996,-0.0702338512775373,-0.0715730993253705,-0.0729054750724543,-0.0742296554948831,-0.075544304266447,-0.0768480739134573,-0.0781396080331924,-0.0794175435711526,-0.0806805131519526,-0.0819271474585996,-0.0831560776544096,-0.0843659378418766,-0.0855553675523471,-0.086723014260355,-0.0878675359161654,-0.0889876034900619,-0.0900819035215945,-0.0911491406671598,-0.0921880402389095,-0.0931973507282109,-0.0941758463065852,-0.0951223292972558,-0.0960356326103411,-0.0969146221347197,-0.0977581990798224,-0.0985653022605437,-0.0993349103186445,-0.100066043874128,-0.100757767600293,-0.101409192216295,-0.102019476391265,-0.102587828554305,-0.103113508604886,-0.103595829518518,-0.104034158842767,-0.104427920079096,-0.104776593946295,-0.105079719521598,-0.105336895256044,-0.105547779860865,-0.105712093062229,-0.105829616221961,-0.105900192822364,-0.105923728813559,-0.105900192822361,-0.105829616221961,-0.105712093062229,-0.105547779860868,-0.105336895256044,-0.105079719521598,-0.104776593946292,-0.104427920079096,-0.104034158842767,-0.103595829518518,-0.103113508604886,-0.102587828554306,-0.102019476391265,-0.101409192216298,-0.100757767600293,-0.100066043874128,-0.0993349103186449,-0.0985653022605464,-0.0977581990798224,-0.0969146221347166,-0.0960356326103409,-0.0951223292972556,-0.094175846306582,-0.0931973507282136,-0.0921880402389124,-0.0911491406671596,-0.0900819035215976,-0.0889876034900621,-0.0878675359161654,-0.0867230142603521,-0.0855553675523471,-0.0843659378418766,-0.08315607765441,-0.0819271474585967,-0.0806805131519526,-0.0794175435711526,-0.0781396080331924,-0.0768480739134574,-0.075544304266447,-0.0742296554948829,-0.0729054750724543,-0.0715730993253734,-0.0702338512775373,-0.0688890385638996,-0.067539951416278,-0.0661878607255508,-0.0648340161839815,-0.0634796445108594,-0.0621259477646239,-0.0607741017440435
-0.0638973509968441,-0.0653186699006481,-0.0667419346409807,-0.068165908993446,-0.0695893291244774,-0.0710109052723022,-0.0724293235215778,-0.0738432476689068,-0.0752513211760185,-0.0766521692071371,-0.0780444007466724,-0.0794266107931163,-0.0807973826245928,-0.0821552901313272,-0.0834989002099098,-0.084826775214015,-0.086137475455903,-0.087429561752846,-0.0887015980123218,-0.0899521538496761,-0.0911798072316399,-0.0923831471390393,-0.0935607762418229,-0.0947113135793465,-0.0958333972388308,-0.0969256870248041,-0.0979868671121922,-0.0990156486758129,-0.100010772488955,-0.100971011483658,-0.101895173265565,-0.102782102576033,-0.10363068369446,-0.104439842773858,-0.105208550102795,-0.105935822287084,-0.106620724344739,-0.107262371707957,-0.107859932126117,-0.108412627464097,-0.108919735390454,-0.109380590950304,-0.109794588018211,-0.110161180626517,-0.110479884165123,-0.110750276449008,-0.1109719986502,-0.111144756091276,-0.111268318898002,-0.111342522509056,-0.111367268041237,-0.111342522509056,-0.111268318898002,-0.111144756091276,-0.1109719986502,-0.110750276449011,-0.110479884165122,-0.110161180626514,-0.109794588018211,-0.109380590950307,-0.108919735390454,-0.1084126274641,-0.107859932126117,-0.107262371707957,-0.106620724344739,-0.105935822287083,-0.105208550102795,-0.104439842773858,-0.103630683694458,-0.102782102576033,-0.101895173265568,-0.100971011483657,-0.100010772488955,-0.0990156486758156,-0.0979868671121895,-0.0969256870248014,-0.0958333972388303,-0.0947113135793465,-0.0935607762418234,-0.0923831471390393,-0.0911798072316397,-0.0899521538496784,-0.0887015980123245,-0.0874295617528429,-0.086137475455903,-0.084826775214015,-0.0834989002099098,-0.0821552901313272,-0.0807973826245929,-0.0794266107931134,-0.0780444007466723,-0.0766521692071345,-0.0752513211760213,-0.0738432476689066,-0.072429323521578,-0.0710109052722994,-0.0695893291244774,-0.0681659089934461,-0.0667419346409805,-0.0653186699006509,-0.0638973509968412
-0.0670410134056241,-0.0685322592584982,-0.0700255466803972,-0.071519578626382,-0.0730130290839927,-0.0745045448369371,-0.0759927473270414,-0.0774762346115215,-0.0789535834122739,-0.0804233512534771,-0.0818840786834827,-0.0833342915766215,-0.0847725035102368,-0.0861972182119017,-0.0876069320714739,-0.0890001367123894,-0.0903753216162468,-0.0917309767944832,-0.0930655955007946,-0.0943776769775484,-0.0956657292293801,-0.0969282718169036,-0.0981638386633388,-0.0993709808666556,-0.100548269509834,-0.101694298461612,-0.102807687160115,-0.103887083371733,-0.104931165917503,-0.105938647359414,-0.106908276638929,-0.107838841660251,-0.108729171810857,-0.109578140411947,-0.110384667091696,-0.111147720074266,-0.111866318377836,-0.112539533915069,-0.113166493489755,-0.113746380683587,-0.114278437627394,-0.114761966651435,-0.115196331809713,-0.115580960273714,-0.115915343591189,-0.116199038806188,-0.116431669436887,-0.116612926308137,-0.116742568236213,-0.116820422563596,-0.11684638554217,-0.116820422563598,-0.116742568236216,-0.116612926308138,-0.116431669436886,-0.116199038806185,-0.115915343591189,-0.115580960273714,-0.115196331809713,-0.114761966651434,-0.114278437627396,-0.113746380683587,-0.113166493489755,-0.112539533915069,-0.111866318377833,-0.111147720074266,-0.110384667091696,-0.109578140411947,-0.108729171810857,-0.107838841660251,-0.106908276638929,-0.105938647359414,-0.104931165917503,-0.103887083371733,-0.102807687160113,-0.101694298461612,-0.100548269509834,-0.0993709808666525,-0.0981638386633361,-0.0969282718169033,-0.0956657292293803,-0.0943776769775515,-0.0930655955007949,-0.0917309767944829,-0.0903753216162466,-0.0890001367123923,-0.0876069320714736,-0.086197218211902,-0.0847725035102365,-0.0833342915766218,-0.0818840786834827,-0.0804233512534771,-0.0789535834122737,-0.0774762346115185,-0.0759927473270414,-0.074504544836937,-0.0730130290839925,-0.0715195786263791,-0.0700255466803972,-0.0685322592584983,-0.0670410134056239
-0.0702035310191491,-0.0717651232322034,-0.0733288533209723,-0.0748933630551649,-0.0764572638705071,-0.0780191387155958,-0.0795775440016964,-0.0811310116523473,-0.0826780512493207,-0.0842171522710566,-0.0857467864193745,-0.0872654100298451,-0.0887714665609833,-0.0902633891568836,-0.0917396032777797,-0.0931985293926485,-0.0946385857275769,-0.0960581910635052,-0.0974557675765595,-0.0988297437140604,-0.100178557098915,-0.101500657455156,-0.102794509546931,-0.104058596123342,-0.105291420861237,-0.106491511298087,-0.107657421746951,-0.108787736185452,-0.109881071110826,-0.110936078352891,-0.111951447837081,-0.112925910289561,-0.11385823987663,-0.114747256770817,-0.115591829636041,-0.11639087802463,-0.117143374679022,-0.117848347731336,-0.118504882794179,-0.119112124936438,-0.119669280538081,-0.120175619018264,-0.120630474431595,-0.121033246927591,-0.121383404068839,-0.121680482003888,-0.121924086491183,-0.12211389377089,-0.122249651281953,-0.122331178222099,-0.122358365949118,-0.122331178222102,-0.122249651281952,-0.12211389377089,-0.121924086491181,-0.121680482003888,-0.121383404068839,-0.121033246927591,-0.120630474431595,-0.120175619018261,-0.119669280538081,-0.119112124936441,-0.118504882794179,-0.117848347731335,-0.117143374679022,-0.116390878024629,-0.115591829636041,-0.114747256770817,-0.11385823987663,-0.11292591028956,-0.111951447837084,-0.110936078352891,-0.109881071110826,-0.108787736185452,-0.107657421746949,-0.10649151129809,-0.10529142086124,-0.104058596123345,-0.102794509546934,-0.101500657455154,-0.100178557098912,-0.0988297437140573,-0.0974557675765624,-0.0960581910635023,-0.0946385857275767,-0.0931985293926458,-0.0917396032777795,-0.0902633891568838,-0.0887714665609862,-0.0872654100298451,-0.0857467864193717,-0.0842171522710566,-0.0826780512493208,-0.0811310116523472,-0.0795775440016961,-0.0780191387155988,-0.0764572638705099,-0.0748933630551647,-0.0733288533209719,-0.0717651232322034,-0.0702035310191489
-0.0733835004920288,-0.0750158272606594,-0.0766503887431446,-0.0782857651862159,-0.0799205051285826,-0.0815531273314736,-0.0831821228167285,-0.0848059570092644,-0.086423071980231,-0.0880318887868272,-0.0896308099044097,-0.091218221746075,-0.0927924972645477,-0.0943519986309411,-0.0958950799844689,-0.0974200902469711,-0.0989253759958326,-0.100409284388403,-0.101870166131028,-0.103306378485283,-0.104716288303984,-0.10609827508918,-0.107450734064322,-0.108772079252457,-0.110060746552325,-0.111315196804111,-0.112533918836402,-0.113715432486069,-0.114858291582601,-0.115961086888526,-0.117022448987571,-0.118041051112316,-0.119015611903184,-0.119944898090713,-0.120827727093342,-0.121662969522976,-0.122449551590947,-0.123186457407225,-0.123872731165934,-0.124507479210631,-0.125089871973125,-0.125619145779873,-0.126094604520532,-0.126515621173528,-0.126881639183934,-0.127192173689481,-0.127446812590882,-0.127645217463139,-0.127787124305078,-0.127872344124731,-0.12790076335878,-0.127872344124731,-0.127787124305078,-0.127645217463139,-0.127446812590882,-0.127192173689481,-0.126881639183933,-0.126515621173525,-0.126094604520532,-0.125619145779873,-0.125089871973125,-0.124507479210634,-0.123872731165931,-0.123186457407225,-0.122449551590944,-0.121662969522976,-0.120827727093342,-0.119944898090713,-0.119015611903181,-0.118041051112316,-0.117022448987571,-0.115961086888526,-0.114858291582601,-0.113715432486069,-0.112533918836402,-0.111315196804111,-0.110060746552325,-0.108772079252454,-0.107450734064322,-0.106098275089177,-0.104716288303981,-0.103306378485283,-0.101870166131028,-0.100409284388405,-0.0989253759958324,-0.0974200902469711,-0.0958950799844689,-0.0943519986309411,-0.0927924972645477,-0.0912182217460751,-0.0896308099044127,-0.0880318887868274,-0.0864230719802308,-0.0848059570092645,-0.0831821228167287,-0.0815531273314736,-0.0799205051285825,-0.0782857651862159,-0.0766503887431447,-0.0750158272606594,-0.0733835004920289
-0.0765796543707861,-0.0782830756974332,-0.0799888290689292,-0.0816954328959031,-0.0834013724999436,-0.0851051021282276,-0.0868050470803775,-0.0884996059442379,-0.090187152936737,-0.0918660403456102,-0.0935346010674303,-0.0951911512369314,-0.0968339929422288,-0.0984614170202396,-0.100071705926145,-0.101663136670544,-0.103233983817436,-0.104782522536075,-0.106307031699259,-0.107805797020547,-0.109277114222449,-0.110719292227667,-0.11213065636501,-0.113509551581691,-0.114854345653398,-0.116163432383561,-0.117435234783029,-0.118668208221462,-0.119860843541665,-0.121011670128067,-0.122119258920671,-0.123182225365872,-0.124199232295593,-0.125168992726419,-0.126090272570482,-0.126961893250172,-0.127782734208912,-0.128551735310468,-0.129267899119679,-0.129930293057687,-0.130538051425176,-0.131090377287484,-0.131586544215785,-0.132025897879135,-0.13240785748235,-0.132731917045407,-0.132997646520397,-0.133204692742519,-0.133352780212257,-0.133441711706269,-0.133471368715083,-0.133441711706272,-0.13335278021226,-0.133204692742519,-0.132997646520397,-0.132731917045407,-0.13240785748235,-0.132025897879138,-0.131586544215785,-0.131090377287484,-0.130538051425179,-0.129930293057687,-0.129267899119679,-0.128551735310468,-0.127782734208912,-0.126961893250172,-0.126090272570482,-0.125168992726419,-0.124199232295596,-0.123182225365872,-0.122119258920671,-0.121011670128064,-0.119860843541665,-0.11866820822146,-0.117435234783026,-0.116163432383562,-0.114854345653401,-0.11350955158169,-0.11213065636501,-0.110719292227664,-0.109277114222451,-0.107805797020546,-0.106307031699262,-0.104782522536075,-0.103233983817436,-0.101663136670544,-0.100071705926146,-0.0984614170202367,-0.0968339929422317,-0.0951911512369317,-0.0935346010674303,-0.09186604034561,-0.0901871529367397,-0.088499605944238,-0.0868050470803747,-0.0851051021282279,-0.0834013724999438,-0.081695432895903,-0.0799888290689292,-0.0782830756974302,-0.0765796543707864
-0.0797908450339165,-0.0815656953935643,-0.0833429755869766,-0.0851211418977402,-0.0868986161329276,-0.0886737877221273,-0.090445015933556,-0.0922106322035503,-0.0939689425755706,-0.0957182302443561,-0.0974567582003578,-0.0991827719693098,-0.100894502441322,-0.102590168783508,-0.104267981429789,-0.105926145141181,-0.107562862129518,-0.109176335237264,-0.110764771165737,-0.112326383743849,-0.113859397229186,-0.115362049633029,-0.116832596060721,-0.118269312058676,-0.119670496959025,-0.121034477213057,-0.122359609704229,-0.123644285031707,-0.12488693075528,-0.126086014592505,-0.12724004755907,-0.128347587043311,-0.129407239806109,-0.130417664897365,-0.131377576480595,-0.13228574655727,-0.13314100758286,-0.133942254966765,-0.134688449448696,-0.135378619344255,-0.136011862653029,-0.136587349022739,-0.137104321563455,-0.137562098506371,-0.137960074702,-0.138297722953226,-0.138574595179067,-0.138790323405576,-0.138944620580806,-0.139037281211307,-0.139068181818183,-0.139037281211305,-0.138944620580806,-0.138790323405576,-0.138574595179067,-0.138297722953229,-0.137960074702001,-0.137562098506371,-0.137104321563454,-0.136587349022739,-0.136011862653029,-0.135378619344255,-0.134688449448695,-0.133942254966765,-0.133141007582857,-0.132285746557269,-0.131377576480594,-0.130417664897366,-0.129407239806109,-0.128347587043311,-0.12724004755907,-0.126086014592508,-0.124886930755278,-0.123644285031708,-0.12235960970423,-0.121034477213057,-0.119670496959025,-0.118269312058676,-0.116832596060724,-0.115362049633026,-0.113859397229186,-0.112326383743849,-0.110764771165737,-0.109176335237267,-0.107562862129518,-0.10592614514118,-0.104267981429789,-0.102590168783508,-0.100894502441324,-0.0991827719693097,-0.0974567582003578,-0.0957182302443562,-0.0939689425755703,-0.0922106322035503,-0.0904450159335588,-0.0886737877221271,-0.0868986161329277,-0.0851211418977429,-0.0833429755869768,-0.0815656953935671,-0.0797908450339164
-0.083016030856926,-0.0848626215548999,-0.0867117403017243,-0.0885617809832178,-0.0904111016150859,-0.0922580265268724,-0.0941008486675853,-0.0959378320293801,-0.097767214185162,-0.0995872089355367,-0.101396009060158,-0.103191789168036,-0.104972708640978,-0.106736914663942,-0.108482545335686,-0.110207732852776,-0.111910606759555,-0.113589297256472,-0.115241938558819,-0.116866672297582,-0.118461650953956,-0.120025041318746,-0.121555027967794,-0.123049816744224,-0.124507638238335,-0.125926751255734,-0.127305446264288,-0.12864204881038,-0.129934922894973,-0.131182474300011,-0.132383153855689,-0.133535460639253,-0.134637945096168,-0.135689212074466,-0.136687923763497,-0.137632802528431,-0.138522633631995,-0.139356267835497,-0.140132623871214,-0.140850690778788,-0.141509530098498,-0.142108277914807,-0.142646146743916,-0.143122427259591,-0.143536489851896,-0.143887786014139,-0.144175849553683,-0.144400297622897,-0.144560831567044,-0.144657237586523,-0.144689387211366,-0.14465723758652,-0.144560831567041,-0.144400297622899,-0.144175849553683,-0.143887786014136,-0.143536489851893,-0.143122427259591,-0.142646146743919,-0.142108277914807,-0.141509530098498,-0.140850690778789,-0.140132623871217,-0.139356267835497,-0.138522633631998,-0.137632802528431,-0.136687923763497,-0.135689212074463,-0.134637945096168,-0.133535460639256,-0.132383153855689,-0.131182474300014,-0.129934922894973,-0.128642048810381,-0.127305446264289,-0.125926751255734,-0.124507638238335,-0.123049816744224,-0.121555027967794,-0.120025041318746,-0.118461650953956,-0.116866672297585,-0.115241938558822,-0.113589297256472,-0.111910606759555,-0.110207732852776,-0.108482545335686,-0.106736914663942,-0.104972708640981,-0.103191789168036,-0.10139600906016,-0.0995872089355367,-0.0977672141851649,-0.0959378320293829,-0.0941008486675852,-0.0922580265268722,-0.0904111016150859,-0.0885617809832178,-0.0867117403017243,-0.0848626215548973,-0.083016030856923
-0.0862542642508622,-0.0881728855145141,-0.0900941334394477,-0.0920163392612539,-0.0939377969462214,-0.0958567654604734,-0.0977714711655255,-0.0996801103365033,-0.101580851798749,-0.103471839677999,-0.105351196259079,-0.107217024947374,-0.109067413327103,-0.110900436309853,-0.112714159366602,-0.114506641835898,-0.116275940300603,-0.118020112025292,-0.119737218445982,-0.121425328703652,-0.123082523212722,-0.124706897255424,-0.126296564592741,-0.127849661082547,-0.129364348295196,-0.130838817116951,-0.132271291331412,-0.133660031168994,-0.135003336814717,-0.136299551864339,-0.137547066719081,-0.138744321909217,-0.139889811336951,-0.140982085429172,-0.142019754190823,-0.143001490149941,-0.143926031185607,-0.144792183230403,-0.145598822839239,-0.146344899616898,-0.14702943849685,-0.147651541864531,-0.148210391518504,-0.148705250463607,-0.149135464530507,-0.149500463816734,-0.149799763944731,-0.15003296713299,-0.150199763077055,-0.150299929637588,-0.150333333333333,-0.150299929637585,-0.150199763077058,-0.150032967132989,-0.149799763944731,-0.149500463816737,-0.149135464530505,-0.148705250463606,-0.148210391518504,-0.147651541864531,-0.147029438496853,-0.146344899616895,-0.145598822839242,-0.1447921832304,-0.14392603118561,-0.143001490149944,-0.142019754190823,-0.140982085429171,-0.139889811336951,-0.138744321909217,-0.137547066719081,-0.136299551864339,-0.135003336814717,-0.133660031168994,-0.132271291331411,-0.130838817116951,-0.129364348295193,-0.12784966108255,-0.126296564592745,-0.124706897255424,-0.123082523212725,-0.121425328703655,-0.119737218445982,-0.118020112025292,-0.116275940300603,-0.114506641835898,-0.112714159366605,-0.110900436309853,-0.109067413327101,-0.107217024947374,-0.105351196259076,-0.103471839677997,-0.101580851798746,-0.0996801103365033,-0.0977714711655226,-0.0958567654604734,-0.0939377969462214,-0.0920163392612512,-0.0900941334394476,-0.0881728855145139,-0.0862542642508595
-0.089504681284883,-0.0914956041244773,-0.0934892526088025,-0.0954838950875148,-0.0974777612365004,-0.0994690444125332,-0.101455904139101,-0.103436468719535,-0.105408837972933,-0.107371086088036,-0.109321264589603,-0.111257405411493,-0.113177524070194,-0.115079622932015,-0.116961694566889,-0.11882172518122,-0.120657698121879,-0.122467597443153,-0.124249411527952,-0.126001136754508,-0.127720781199335,-0.129406368367019,-0.131055940937275,-0.132667564519391,-0.134239331404094,-0.135769364302784,-0.137255820063872,-0.138696893356072,-0.140090820308354,-0.141435882096323,-0.142730408464866,-0.143972781176988,-0.145161437378921,-0.146294872871634,-0.147371645279321,-0.148390377105396,-0.149349758667002,-0.150248550899327,-0.151085588021231,-0.151859780054269,-0.152570115187371,-0.153215661980146,-0.153795571397952,-0.154309078672601,-0.154755504982961,-0.155134258950279,-0.155444837943649,-0.155686829191513,-0.155859910695866,-0.155963851946227,-0.155998514431239,-0.15596385194623,-0.155859910695864,-0.155686829191513,-0.155444837943649,-0.155134258950282,-0.154755504982961,-0.154309078672601,-0.153795571397951,-0.153215661980149,-0.152570115187371,-0.151859780054266,-0.151085588021234,-0.150248550899327,-0.149349758666999,-0.148390377105396,-0.147371645279321,-0.146294872871634,-0.145161437378918,-0.143972781176988,-0.142730408464866,-0.141435882096323,-0.140090820308355,-0.138696893356072,-0.137255820063872,-0.135769364302787,-0.134239331404097,-0.132667564519391,-0.131055940937275,-0.129406368367019,-0.127720781199338,-0.126001136754508,-0.124249411527952,-0.122467597443153,-0.120657698121882,-0.11882172518122,-0.116961694566889,-0.115079622932017,-0.113177524070194,-0.111257405411493,-0.109321264589603,-0.107371086088036,-0.105408837972936,-0.103436468719535,-0.101455904139104,-0.099469044412533,-0.0974777612365005,-0.0954838950875121,-0.0934892526088025,-0.0914956041244774,-0.0895046812848803
-0.0927664926533981,-0.0948299705220625,-0.0968962733658861,-0.0989636064281487,-0.101030134868969,-0.103093986205776,-0.105153252889735,-0.107205995014086,-0.109250243149811,-0.111284001303471,-0.113305249991708,-0.115311949426326,-0.117302042803443,-0.11927345968978,-0.12122411949867,-0.123151935048002,-0.125054816191947,-0.126930673517841,-0.128777422099419,-0.130592985297089,-0.132375298595875,-0.134122313471104,-0.135832001272048,-0.13750235711315,-0.139131403762665,-0.140717195518112,-0.142257822058098,-0.143751412259806,-0.1451961379716,-0.146590217730121,-0.147931920411285,-0.149219568804844,-0.150451543102059,-0.151626284286531,-0.152742297418056,-0.153798154800068,-0.154792499021051,-0.155724045861059,-0.156591587054494,-0.157393992900913,-0.158130214715914,-0.158799287114697,-0.159400330121321,-0.159932551097222,-0.160395246483046,-0.160787803348479,-0.161109700745275,-0.161360510859281,-0.161539899957946,-0.161647629130319,-0.161683554817275,-0.161647629130319,-0.161539899957946,-0.161360510859282,-0.161109700745275,-0.160787803348481,-0.160395246483046,-0.159932551097222,-0.159400330121321,-0.158799287114697,-0.158130214715914,-0.157393992900913,-0.156591587054497,-0.155724045861057,-0.154792499021051,-0.153798154800068,-0.152742297418056,-0.151626284286529,-0.150451543102062,-0.149219568804844,-0.147931920411288,-0.146590217730118,-0.145196137971603,-0.143751412259806,-0.142257822058098,-0.140717195518115,-0.139131403762665,-0.137502357113153,-0.135832001272046,-0.134122313471107,-0.132375298595875,-0.130592985297089,-0.128777422099417,-0.126930673517842,-0.125054816191947,-0.123151935048002,-0.12122411949867,-0.11927345968978,-0.117302042803443,-0.115311949426326,-0.11330524999171,-0.111284001303471,-0.109250243149811,-0.107205995014089,-0.105153252889735,-0.103093986205776,-0.101030134868969,-0.0989636064281487,-0.0968962733658862,-0.0948299705220625,-0.0927664926534011
-0.0960389757888646,-0.0981752460670724,-0.100314440975866,-0.102454702445658,-0.104594130909735,-0.106730787830764,-0.108862698368143,-0.110987854181868,-0.113104216368233,-0.115209718522006,-0.117302269919397,-0.119379758815486,-0.121440055849425,-0.123481017550155,-0.125500489935061,-0.127496312193423,-0.129466320446241,-0.131408351573562,-0.133320247100071,-0.135199857129481,-0.137045044317805,-0.138853687875475,-0.140623687587921,-0.142352967844122,-0.144039481662386,-0.145681214702533,-0.147276189253593,-0.148822468185968,-0.150318158857115,-0.15176141695976,-0.153150450301724,-0.154483522506523,-0.155758956624153,-0.156975138641457,-0.158130520881888,-0.159223625284641,-0.160253046553395,-0.161217455165325,-0.162115600231386,-0.162946312199175,-0.16370850539031,-0.164401180364536,-0.165023426103381,-0.16557442200672,-0.166053439696035,-0.166459844618943,-0.166793097449924,-0.167052755283026,-0.16723847261275,-0.167350002100192,-0.167387195121953,-0.167350002100191,-0.16723847261275,-0.167052755283026,-0.166793097449927,-0.16645984461894,-0.166053439696035,-0.16557442200672,-0.165023426103381,-0.164401180364536,-0.16370850539031,-0.162946312199174,-0.162115600231386,-0.161217455165326,-0.160253046553392,-0.159223625284644,-0.158130520881891,-0.156975138641457,-0.155758956624154,-0.154483522506523,-0.153150450301721,-0.151761416959763,-0.150318158857115,-0.148822468185968,-0.147276189253593,-0.14568121470253,-0.144039481662384,-0.142352967844122,-0.140623687587923,-0.138853687875478,-0.137045044317808,-0.135199857129481,-0.133320247100071,-0.131408351573562,-0.129466320446244,-0.127496312193423,-0.125500489935063,-0.123481017550155,-0.121440055849425,-0.119379758815486,-0.117302269919394,-0.115209718522006,-0.113104216368233,-0.110987854181868,-0.10886269836814,-0.106730787830764,-0.104594130909732,-0.102454702445658,-0.100314440975866,-0.0981752460670722,-0.0960389757888616
-0.0993214679541533,-0.101530753280614,-0.103743063197873,-0.105956476129859,-0.10816902758503,-0.110378712769279,-0.112583489344412,-0.114781280327887,-0.116969977128802,-0.119147442714785,-0.121311514903719,-0.123460009773883,-0.125590725185531,-0.12770144440645,-0.129789939833584,-0.131853976802406,-0.133891317475241,-0.135899724799386,-0.137876966525551,-0.139820819276675,-0.141729072657027,-0.143599533391099,-0.145430029481617,-0.147218414375762,-0.148962571128566,-0.150660416552229,-0.152309905340084,-0.153909034153866,-0.155455845662874,-0.15694843252372,-0.158384941289332,-0.159763576236053,-0.161082603097816,-0.162340352696517,-0.163535224457954,-0.164665689803063,-0.165730295404232,-0.166727666297227,-0.167656508839163,-0.168515613503807,-0.169303857505647,-0.170020207244801,-0.170663720565334,-0.171233548820025,-0.171728938735297,-0.172149234070552,-0.172493877066813,-0.172762409680133,-0.172954474596083,-0.173069816022018,-0.173108280254776,-0.173069816022017,-0.17295447459608,-0.172762409680132,-0.172493877066813,-0.172149234070555,-0.171728938735297,-0.171233548820025,-0.170663720565337,-0.170020207244801,-0.169303857505647,-0.168515613503807,-0.167656508839163,-0.166727666297225,-0.165730295404232,-0.16466568980306,-0.163535224457954,-0.162340352696515,-0.161082603097813,-0.159763576236053,-0.15838494128933,-0.15694843252372,-0.155455845662874,-0.153909034153863,-0.152309905340082,-0.150660416552229,-0.148962571128568,-0.147218414375759,-0.145430029481615,-0.143599533391102,-0.14172907265703,-0.139820819276675,-0.137876966525551,-0.135899724799386,-0.133891317475241,-0.131853976802406,-0.129789939833584,-0.12770144440645,-0.125590725185531,-0.123460009773883,-0.121311514903719,-0.119147442714787,-0.116969977128803,-0.114781280327884,-0.112583489344413,-0.110378712769276,-0.10816902758503,-0.105956476129857,-0.103743063197872,-0.101530753280611,-0.0993214679541532
-0.102613360175534,-0.104895869643066,-0.107181503947873,-0.109468277825517,-0.111754161673722,-0.114037084251854,-0.116314935530848,-0.118585569689034,-0.120846808248766,-0.123096443348278,-0.125332241142479,-0.127551945326162,-0.129753280772274,-0.131933957277633,-0.134091673407932,-0.136224120433333,-0.138328986345686,-0.140403959947839,-0.142446735005238,-0.144455014449628,-0.146426514624345,-0.148358969560352,-0.150250135272105,-0.152097794061846,-0.153899758820975,-0.155653877316898,-0.157358036453691,-0.159010166494812,-0.160608245236165,-0.162150302117726,-0.163634422262113,-0.165058750428546,-0.166421494870764,-0.167720931087729,-0.16895540545612,-0.170123338733917,-0.1712232294247,-0.172253656992671,-0.173213284918692,-0.174100863588214,-0.17491523300233,-0.175655325303719,-0.176320167109803,-0.176908881645959,-0.177420690672248,-0.177854916197757,-0.178210981977244,-0.178488414785449,-0.178686845465176,-0.178806009745833,-0.178845748829952,-0.17880600974583,-0.178686845465176,-0.178488414785449,-0.178210981977244,-0.177854916197757,-0.177420690672249,-0.17690888164596,-0.176320167109803,-0.175655325303722,-0.17491523300233,-0.174100863588216,-0.173213284918695,-0.172253656992671,-0.1712232294247,-0.170123338733916,-0.168955405456123,-0.167720931087732,-0.166421494870764,-0.165058750428546,-0.163634422262113,-0.162150302117726,-0.160608245236165,-0.159010166494812,-0.157358036453688,-0.155653877316895,-0.153899758820972,-0.152097794061846,-0.150250135272105,-0.148358969560352,-0.146426514624342,-0.144455014449631,-0.142446735005238,-0.140403959947839,-0.138328986345686,-0.136224120433331,-0.134091673407932,-0.131933957277633,-0.129753280772271,-0.127551945326162,-0.125332241142482,-0.123096443348278,-0.120846808248769,-0.118585569689033,-0.116314935530851,-0.114037084251854,-0.111754161673725,-0.10946827782552,-0.107181503947873,-0.104895869643066,-0.102613360175534
-0.105914091899203,-0.108270022131792,-0.110629177717312,-0.112989509531953,-0.115348922687858,-0.117705279319445,-0.12005640152501,-0.122400074458901,-0.124734049569084,-0.127056047974181,-0.129363763973716,-0.131654868684618,-0.133927013796534,-0.136177835438045,-0.13840495814532,-0.14060599892434,-0.142778571397312,-0.144920290023528,-0.147028774384522,-0.149101653522956,-0.151136570324497,-0.153131185931406,-0.155083184176551,-0.156990276026196,-0.15885020401969,-0.160660746694266,-0.1624197229827,-0.164124996571885,-0.165774480210121,-0.167366139950998,-0.168897999321874,-0.170368143405021,-0.171774722819645,-0.173115957593221,-0.174390140910848,-0.175595642731514,-0.176730913260651,-0.177794486268518,-0.178784982244598,-0.179701111378374,-0.180541676357622,-0.181305574975593,-0.181991802539211,-0.182599454070924,-0.183127726297388,-0.183575919418977,-0.183943438654545,-0.184229795556743,-0.184434609093812,-0.184557606494455,-0.184598623853212,-0.184557606494452,-0.184434609093812,-0.184229795556743,-0.183943438654545,-0.183575919418974,-0.183127726297388,-0.182599454070921,-0.181991802539211,-0.181305574975593,-0.180541676357622,-0.179701111378374,-0.178784982244599,-0.177794486268521,-0.176730913260651,-0.175595642731513,-0.174390140910848,-0.173115957593221,-0.171774722819645,-0.170368143405021,-0.168897999321874,-0.167366139950997,-0.165774480210121,-0.164124996571885,-0.162419722982696,-0.160660746694269,-0.158850204019693,-0.156990276026193,-0.155083184176554,-0.153131185931406,-0.1511365703245,-0.149101653522959,-0.14702877438452,-0.14492029002353,-0.142778571397312,-0.140605998924339,-0.13840495814532,-0.136177835438045,-0.133927013796534,-0.131654868684618,-0.129363763973716,-0.127056047974182,-0.124734049569084,-0.122400074458904,-0.12005640152501,-0.117705279319448,-0.115348922687858,-0.112989509531956,-0.110629177717312,-0.108270022131789,-0.105914091899203
-0.109223146272702,-0.111652682397577,-0.114085544644489,-0.116519619869228,-0.118952747733745,-0.121382723579524,-0.123807301461071,-0.126224197334737,-0.128631092397377,-0.131025636568952,-0.133405452112412,-0.135768137383821,-0.138111270705001,-0.140432414350535,-0.14272911864042,-0.144998926129189,-0.147239375881894,-0.149448007826819,-0.15162236717452,-0.153760008892285,-0.155858502222891,-0.157915435236095,-0.159928419401195,-0.16189509416858,-0.163813131548194,-0.165680240672502,-0.167494172331612,-0.169252723467977,-0.170953741618281,-0.172595129289898,-0.174174848259628,-0.17569092378231,-0.177141448697292,-0.178524587420702,-0.179838579811927,-0.181081744902897,-0.18225248447909,-0.183349286501628,-0.184370728360192,-0.18531547994696,-0.186182306542305,-0.186970071503437,-0.187677738747836,-0.188304375023905,-0.188849151961787,-0.189311347898135,-0.189690349469166,-0.189985652967069,-0.190196865455576,-0.190323705641243,-0.190366004497752,-0.190323705641242,-0.190196865455576,-0.18998565296707,-0.189690349469166,-0.189311347898132,-0.188849151961787,-0.188304375023905,-0.187677738747836,-0.186970071503437,-0.186182306542308,-0.185315479946963,-0.184370728360192,-0.183349286501629,-0.18225248447909,-0.181081744902897,-0.179838579811924,-0.178524587420702,-0.177141448697295,-0.175690923782311,-0.174174848259625,-0.172595129289898,-0.170953741618281,-0.16925272346798,-0.167494172331609,-0.165680240672502,-0.163813131548191,-0.16189509416858,-0.159928419401192,-0.157915435236095,-0.155858502222891,-0.153760008892288,-0.151622367174519,-0.149448007826821,-0.147239375881894,-0.144998926129188,-0.14272911864042,-0.140432414350535,-0.138111270705001,-0.135768137383821,-0.133405452112412,-0.131025636568952,-0.128631092397379,-0.126224197334737,-0.123807301461073,-0.121382723579524,-0.118952747733745,-0.116519619869228,-0.114085544644489,-0.111652682397577,-0.109223146272702
-0.112540045967585,-0.115043362494381,-0.117550106151231,-0.120058099621747,-0.122565116962502,-0.125068886563697,-0.127567094274725,-0.13005738668987,-0.132537374588335,-0.135004636522612,-0.137456722548281,-0.139891158088047,-0.142305447921958,-0.1446970802955,-0.147063531136534,-0.149402268371643,-0.15171075633195,-0.153986460238033,-0.156226850753147,-0.158429408593582,-0.160591629184621,-0.162711027350282,-0.164785142024717,-0.166811540972908,-0.168787825508149,-0.170711635193615,-0.172580652515168,-0.174392607512589,-0.176145282356334,-0.177836515856909,-0.179464207894136,-0.181026323753599,-0.182520898357791,-0.183946040379642,-0.185299936226413,-0.186580853882215,-0.187787146597788,-0.188917256416503,-0.189969717526066,-0.190943159425802,-0.191836309899994,-0.192647997788163,-0.193377155543936,-0.194022821574627,-0.194584142354365,-0.195060374304254,-0.195450885433823,-0.195755156738602,-0.195972783349597,-0.196103475431014,-0.19614705882353,-0.196103475431014,-0.195972783349594,-0.1957551567386,-0.195450885433821,-0.195060374304255,-0.194584142354365,-0.194022821574627,-0.193377155543936,-0.192647997788163,-0.191836309899994,-0.190943159425804,-0.189969717526064,-0.188917256416503,-0.187787146597788,-0.186580853882212,-0.185299936226413,-0.183946040379645,-0.182520898357794,-0.181026323753599,-0.179464207894136,-0.177836515856912,-0.176145282356334,-0.174392607512589,-0.172580652515165,-0.170711635193612,-0.168787825508149,-0.166811540972908,-0.164785142024717,-0.162711027350282,-0.160591629184618,-0.158429408593579,-0.15622685075315,-0.153986460238033,-0.151710756331953,-0.149402268371646,-0.147063531136534,-0.1446970802955,-0.142305447921958,-0.139891158088048,-0.137456722548284,-0.135004636522609,-0.132537374588338,-0.13005738668987,-0.127567094274725,-0.125068886563694,-0.122565116962505,-0.120058099621747,-0.117550106151234,-0.115043362494382,-0.112540045967585
