-0.0271777936138784,-0.0277823305974076,-0.028387695213736,-0.0289933616530958,-0.0295987923625624,-0.0302034387610313,-0.0308067419940383,-0.0314081337272218,-0.0320070369770823,-0.0326028669775461,-0.0331950320806988,-0.0337829346899186,-0.0343659722235001,-0.0349435381067334,-0.0355150227902705,-0.0360798147924987,-0.0366373017635227,-0.0371868715682446,-0.0377279133859436,-0.0382598188236503,-0.0387819830405359,-0.0392938058804576,-0.0397946930097334,-0.0402840570571691,-0.0407613187532998,-0.0412259080657921,-0.0416772653279042,-0.0421148423569005,-0.0425381035593108,-0.0429465270199225,-0.0433396055714227,-0.043716847841625,-0.0440777792752677,-0.0444219431274086,-0.0447489014255131,-0.0450582358974024,-0.0453495488623111,-0.0456224640823998,-0.0458766275721724,-0.046111708363359,-0.0463273992229546,-0.0465234173222353,-0.0466995048547041,-0.046855429601089,-0.0469909854396503,-0.0471059928002319,-0.0472002990606574,-0.047273778884242,-0.0473263344973804,-0.047357895906346,-0.0473684210526314,-0.047357895906346,-0.0473263344973806,-0.0472737788842421,-0.0472002990606576,-0.047105992800232,-0.0469909854396502,-0.0468554296010889,-0.0466995048547043,-0.0465234173222354,-0.0463273992229546,-0.0461117083633589,-0.0458766275721726,-0.0456224640823998,-0.0453495488623109,-0.0450582358974022,-0.044748901425513,-0.0444219431274085,-0.0440777792752677,-0.0437168478416248,-0.0433396055714224,-0.0429465270199225,-0.0425381035593108,-0.0421148423569006,-0.0416772653279043,-0.0412259080657921,-0.0407613187532996,-0.0402840570571689,-0.0397946930097336,-0.0392938058804576,-0.0387819830405362,-0.0382598188236503,-0.0377279133859434,-0.0371868715682443,-0.0366373017635224,-0.0360798147924987,-0.0355150227902705,-0.0349435381067335,-0.0343659722235001,-0.0337829346899189,-0.0331950320806988,-0.0326028669775461,-0.0320070369770823,-0.0314081337272217,-0.0308067419940381,-0.0302034387610313,-0.029598792362563,-0.0289933616530939,-0.0283876952137363,-0.0277823305974077,-0.0271777936138772
-0.0261690532370606,-0.0267511520170613,-0.0273340477111562,-0.0279172340257146,-0.0285001933598121,-0.0290823974936698,-0.0296633083154587,-0.0302423785853119,-0.0308190527352491,-0.0313927677035759,-0.0319629538021863,-0.0325290356150609,-0.0330904329261254,-0.0336465616745063,-0.0341968349350997,-0.0347406639222561,-0.0352774590142699,-0.0358066307962612,-0.0363275911189422,-0.0368397541706669,-0.0373425375600879,-0.0378353634066647,-0.0383176594362102,-0.0387888600786016,-0.0392484075647405,-0.0396957530198098,-0.0401303575498521,-0.0405516933186715,-0.0409592446120702,-0.0413525088864207,-0.0417309977986075,-0.0420942382143841,-0.0424417731922457,-0.0427731629399529,-0.0430879857409115,-0.0433858388476771,-0.0436663393399411,-0.0439291249444379,-0.044173854814319,-0.0444002102656467,-0.0446078954687836,-0.0447966380925734,-0.0449661898993547,-0.0451163272889859,-0.0452468517902127,-0.0453575904978679,-0.0454483964545517,-0.0455191489756193,-0.0455697539164641,-0.0456001438812711,-0.0456102783725909,-0.0456001438812711,-0.0455697539164642,-0.0455191489756194,-0.0454483964545516,-0.0453575904978679,-0.0452468517902129,-0.0451163272889858,-0.0449661898993546,-0.0447966380925735,-0.0446078954687836,-0.0444002102656468,-0.0441738548143189,-0.0439291249444379,-0.0436663393399412,-0.0433858388476771,-0.0430879857409115,-0.042773162939953,-0.0424417731922456,-0.0420942382143839,-0.0417309977986073,-0.0413525088864207,-0.0409592446120702,-0.0405516933186716,-0.0401303575498522,-0.0396957530198098,-0.0392484075647403,-0.0387888600786017,-0.0383176594362103,-0.0378353634066647,-0.0373425375600879,-0.0368397541706669,-0.0363275911189419,-0.0358066307962609,-0.0352774590142696,-0.0347406639222561,-0.0341968349350997,-0.0336465616745063,-0.0330904329261254,-0.0325290356150609,-0.0319629538021863,-0.0313927677035759,-0.0308190527352491,-0.0302423785853119,-0.0296633083154587,-0.0290823974936698,-0.0285001933598126,-0.0279172340257143,-0.0273340477111553,-0.0267511520170611,-0.0261690532370583
-0.0251251497969987,-0.0256840282138706,-0.0262436717553275,-0.0268035943241764,-0.0273632989669876,-0.0279222785350711,-0.028480016382288,-0.0290359870985861,-0.0295896572780144,-0.0301404863198374,-0.0306879272612418,-0.0312314276399901,-0.0317704303852694,-0.0323043747348377,-0.032832697176481,-0.0333548324116565,-0.0338702143391172,-0.0343782770561913,-0.034878455875313,-0.0353701883533094,-0.0358529153308659,-0.0363260819795371,-0.0367891388535881,-0.0372415429439186,-0.037682758731264,-0.0381122592358414,-0.0385295270605824,-0.0389340554250795,-0.0393253491873657,-0.0397029258506619,-0.0400663165522302,-0.0404150670315094,-0.0407487385747391,-0.0410669089333269,-0.0413691732132739,-0.0416551447330378,-0.0419244558472925,-0.0421767587341288,-0.0424117261433373,-0.0426290521035263,-0.042828452585927,-0.04300966612288,-0.0431724543791127,-0.0433166026740642,-0.0434419204536492,-0.0435482417100183,-0.0436354253480152,-0.043703355497197,-0.043751941768457,-0.0437811194544508,-0.0437908496732026,-0.0437811194544506,-0.0437519417684569,-0.043703355497197,-0.0436354253480151,-0.0435482417100184,-0.0434419204536491,-0.0433166026740641,-0.0431724543791128,-0.0430096661228798,-0.042828452585927,-0.0426290521035265,-0.0424117261433374,-0.0421767587341288,-0.0419244558472926,-0.0416551447330378,-0.0413691732132738,-0.0410669089333268,-0.0407487385747391,-0.0404150670315094,-0.04006631655223,-0.0397029258506618,-0.0393253491873658,-0.0389340554250795,-0.0385295270605826,-0.0381122592358412,-0.0376827587312639,-0.0372415429439187,-0.0367891388535882,-0.0363260819795371,-0.0358529153308662,-0.0353701883533094,-0.034878455875313,-0.034378277056191,-0.0338702143391169,-0.0333548324116565,-0.032832697176481,-0.032304374734838,-0.0317704303852694,-0.0312314276399902,-0.0306879272612418,-0.0301404863198374,-0.0295896572780144,-0.0290359870985863,-0.028480016382288,-0.027922278535071,-0.0273632989669881,-0.0268035943241758,-0.0262436717553282,-0.0256840282138714,-0.0251251497969963
-0.0240442120885532,-0.0245790463600125,-0.0251146128387598,-0.0256504463405437,-0.0261860712919343,-0.0267210023628637,-0.0272547451344152,-0.0277867968008014,-0.0283166469043367,-0.0288437781020862,-0.029367666962747,-0.0298877847921896,-0.0304035984859791,-0.0309145714070657,-0.031420164286736,-0.0319198361468005,-0.0324130452408991,-0.0328992500127041,-0.0333779100687174,-0.0338484871632739,-0.0343104461932902,-0.0347632562002274,-0.0352063913766822,-0.0356393320749676,-0.0360615658150034,-0.036472588288805,-0.0368719043588332,-0.0372590290474576,-0.0376334885147782,-0.03799482102206,-0.0383425778780434,-0.0386763243654286,-0.03899564064486,-0.0393001226337828,-0.0395893828576047,-0.0398630512706509,-0.0401207760444835,-0.0403622243212364,-0.0405870829297047,-0.0407950590620403,-0.040985880909,-0.0411592982518225,-0.041315083008929,-0.0414530297357752,-0.0415729560763204,-0.0416747031647284,-0.0417581359760583,-0.0418231436248616,-0.0418696396107644,-0.0418975620102708,-0.0419068736141908,-0.0418975620102708,-0.0418696396107646,-0.0418231436248617,-0.0417581359760582,-0.0416747031647284,-0.0415729560763203,-0.041453029735775,-0.0413150830089289,-0.0411592982518223,-0.040985880909,-0.0407950590620402,-0.0405870829297046,-0.0403622243212363,-0.0401207760444835,-0.0398630512706508,-0.0395893828576046,-0.0393001226337827,-0.0389956406448598,-0.0386763243654286,-0.0383425778780433,-0.03799482102206,-0.0376334885147783,-0.0372590290474576,-0.0368719043588333,-0.036472588288805,-0.0360615658150034,-0.0356393320749677,-0.0352063913766823,-0.0347632562002274,-0.0343104461932902,-0.0338484871632739,-0.0333779100687171,-0.0328992500127041,-0.0324130452408991,-0.0319198361468005,-0.031420164286736,-0.0309145714070659,-0.0304035984859792,-0.0298877847921896,-0.029367666962747,-0.0288437781020862,-0.0283166469043367,-0.0277867968008013,-0.0272547451344151,-0.0267210023628636,-0.0261860712919349,-0.0256504463405438,-0.0251146128387602,-0.0245790463600141,-0.0240442120885517
-0.022924233740525,-0.0234341554549992,-0.0239447752705779,-0.0244556496712719,-0.0249663252358408,-0.0254763392408699,-0.0259852202974544,-0.0264924890204782,-0.0269976587293523,-0.0275002361789535,-0.0279997223193856,-0.028495613083069,-0.0289874001975497,-0.0294745720223085,-0.029956614407745,-0.0304330115744103,-0.0309032470104658,-0.0313668043852536,-0.0318231684767816,-0.0322718261108442,-0.0327122671094362,-0.0331439852460442,-0.0335664792053508,-0.0339792535448354,-0.0343818196557177,-0.0347736967206568,-0.0351544126655988,-0.0355235051031493,-0.0358805222648512,-0.0362250239197391,-0.0365565822765723,-0.0368747828671643,-0.0371792254082581,-0.0374695246394469,-0.0377453111346878,-0.0380062320850172,-0.038251952050151,-0.038482153676727,-0.0386965383810425,-0.0388948269942251,-0.0390767603678949,-0.0392420999384694,-0.0393906282483998,-0.0395221494227396,-0.0396364895995847,-0.0397334973130625,-0.0398130438276878,-0.0398750234230516,-0.0399193536279637,-0.0399459754033212,-0.0399548532731378,-0.0399459754033212,-0.0399193536279635,-0.0398750234230513,-0.0398130438276877,-0.0397334973130623,-0.0396364895995846,-0.0395221494227395,-0.0393906282483997,-0.0392420999384693,-0.0390767603678949,-0.0388948269942253,-0.0386965383810424,-0.0384821536767271,-0.0382519520501509,-0.0380062320850172,-0.0377453111346878,-0.0374695246394469,-0.0371792254082581,-0.0368747828671644,-0.0365565822765722,-0.036225023919739,-0.0358805222648514,-0.0355235051031495,-0.0351544126655987,-0.0347736967206568,-0.0343818196557177,-0.0339792535448355,-0.0335664792053511,-0.0331439852460442,-0.0327122671094365,-0.0322718261108442,-0.0318231684767813,-0.0313668043852536,-0.0309032470104655,-0.03043301157441,-0.029956614407745,-0.0294745720223088,-0.0289874001975497,-0.0284956130830691,-0.0279997223193855,-0.0275002361789535,-0.0269976587293522,-0.0264924890204782,-0.0259852202974542,-0.0254763392408698,-0.0249663252358414,-0.0244556496712708,-0.0239447752705776,-0.0234341554550014,-0.0229242337405241
-0.0217630607865923,-0.0222471536201463,-0.0227319091941411,-0.0232169064578429,-0.0237017149569944,-0.0241858954063431,-0.0246690002940766,-0.0251505745172005,-0.0256301560467824,-0.0261072766218665,-0.0265814624707513,-0.0270522350582107,-0.0275191118571324,-0.0279816071429398,-0.0284392328090671,-0.028891499201656,-0.0293379159715565,-0.029777992941621,-0.0302112409872116,-0.0306371729277506,-0.0310553044270958,-0.0314651549004429,-0.0318662484254187,-0.0322581146549744,-0.0326402897296537,-0.0330123171867839,-0.0333737488641071,-0.0337241457953725,-0.0340630790953869,-0.0343901308320454,-0.0347048948828633,-0.0350069777735616,-0.0352959994962871,-0.0355715943050896,-0.0358334114863302,-0.0360811161017512,-0.0363143897020037,-0.0365329310085117,-0.0367364565616247,-0.036924701333111,-0.03709741930114,-0.0372543839860045,-0.0373953889449546,-0.0375202482246269,-0.0376287967696816,-0.0377208907863925,-0.0377964080600668,-0.0378552482253128,-0.0378973329883238,-0.0379226063004841,-0.0379310344827585,-0.0379226063004841,-0.0378973329883239,-0.0378552482253125,-0.0377964080600667,-0.0377208907863926,-0.0376287967696815,-0.0375202482246268,-0.0373953889449548,-0.0372543839860046,-0.03709741930114,-0.0369247013331111,-0.0367364565616247,-0.0365329310085118,-0.0363143897020038,-0.0360811161017512,-0.0358334114863303,-0.0355715943050896,-0.0352959994962871,-0.0350069777735617,-0.0347048948828631,-0.0343901308320452,-0.0340630790953869,-0.0337241457953726,-0.0333737488641073,-0.0330123171867837,-0.0326402897296537,-0.0322581146549744,-0.031866248425419,-0.0314651549004429,-0.0310553044270961,-0.0306371729277506,-0.0302112409872113,-0.029777992941621,-0.0293379159715562,-0.028891499201656,-0.0284392328090671,-0.02798160714294,-0.0275191118571324,-0.0270522350582108,-0.0265814624707512,-0.0261072766218665,-0.0256301560467822,-0.0251505745172006,-0.0246690002940766,-0.0241858954063432,-0.0237017149569935,-0.0232169064578417,-0.022731909194142,-0.0222471536201465,-0.0217630607865906
-0.0205583778390696,-0.0210156739647837,-0.0214735961452851,-0.0219317466368851,-0.0223897188128984,-0.0228470977044804,-0.0233034605716027,-0.0237583775032614,-0.024211412045896,-0.0246621218588932,-0.0251100593959385,-0.0255547726108752,-0.025995805686629,-0.0264326997856555,-0.0268649938202748,-0.0272922252411642,-0.0277139308421963,-0.028129647579726,-0.0285389134043556,-0.0289412681031361,-0.0293362541501009,-0.029723417562969,-0.030102308763803,-0.0304724834413714,-0.0308335034129174,-0.0311849374830231,-0.0315263622972203,-0.0318573631880068,-0.0321775350109073,-0.0324864829682319,-0.0327838234181955,-0.033069184667084,-0.0333422077421815,-0.0336025471432153,-0.0338498715701186,-0.034083864624967,-0.0343042254860104,-0.0345106695517921,-0.0347029290534232,-0.034880753633173,-0.0350439108876216,-0.0351921868737284,-0.035325386576275,-0.0354433343352499,-0.0355458742318664,-0.0356328704320256,-0.0357042074861648,-0.0357597905845672,-0.0357995457673392,-0.0358234200884069,-0.0358313817330211,-0.0358234200884069,-0.0357995457673394,-0.0357597905845673,-0.0357042074861647,-0.0356328704320257,-0.0355458742318666,-0.0354433343352501,-0.0353253865762751,-0.0351921868737283,-0.0350439108876215,-0.0348807536331731,-0.0347029290534232,-0.034510669551792,-0.0343042254860104,-0.034083864624967,-0.0338498715701187,-0.0336025471432153,-0.0333422077421814,-0.0330691846670839,-0.0327838234181954,-0.0324864829682317,-0.0321775350109073,-0.0318573631880068,-0.0315263622972204,-0.031184937483023,-0.0308335034129174,-0.0304724834413714,-0.0301023087638033,-0.029723417562969,-0.0293362541501012,-0.0289412681031361,-0.0285389134043553,-0.0281296475797258,-0.0277139308421961,-0.027292225241164,-0.0268649938202747,-0.0264326997856557,-0.0259958056866289,-0.0255547726108752,-0.0251100593959386,-0.0246621218588932,-0.0242114120458958,-0.0237583775032615,-0.0233034605716027,-0.0228470977044804,-0.0223897188128994,-0.0219317466368837,-0.021473596145286,-0.0210156739647844,-0.0205583778390673
-0.0193076926787537,-0.0197371688333214,-0.0201672329561386,-0.0205975115005684,-0.0210276225773812,-0.0214571764626897,-0.0218857761341895,-0.022313017834852,-0.0227384916631141,-0.0231617821885034,-0.0235824690915387,-0.0240001278266486,-0.0244143303067507,-0.0248246456080453,-0.0252306406934856,-0.0256318811533026,-0.0260279319608796,-0.0264183582421976,-0.0268027260569989,-0.0271806031897532,-0.0275515599484476,-0.0279151699691715,-0.028271011024417,-0.0286186658329769,-0.0289577228692894,-0.0292877771700496,-0.0296084311358938,-0.0299192953259445,-0.0302199892430107,-0.0305101421072322,-0.0307893936159746,-0.031057394687805,-0.0313138081883962,-0.0315583096362575,-0.0317905878862237,-0.0320103457886875,-0.0322173008226283,-0.0324111857005435,-0.0325917489434765,-0.0327587554244069,-0.0329119868783601,-0.0330512423776898,-0.0331763387710826,-0.0332871110849422,-0.033383412885925,-0.0334651166035061,-0.0335321138115886,-0.0335843154682801,-0.0336216521130952,-0.0336440740209761,-0.0336515513126492,-0.0336440740209761,-0.0336216521130951,-0.0335843154682801,-0.0335321138115888,-0.0334651166035061,-0.0333834128859249,-0.0332871110849423,-0.0331763387710826,-0.0330512423776898,-0.03291198687836,-0.0327587554244069,-0.0325917489434766,-0.0324111857005435,-0.0322173008226282,-0.0320103457886875,-0.0317905878862236,-0.0315583096362576,-0.0313138081883962,-0.0310573946878051,-0.0307893936159747,-0.0305101421072321,-0.0302199892430108,-0.0299192953259445,-0.0296084311358938,-0.0292877771700495,-0.0289577228692892,-0.0286186658329769,-0.028271011024417,-0.0279151699691716,-0.0275515599484477,-0.0271806031897532,-0.0268027260569989,-0.0264183582421975,-0.0260279319608794,-0.0256318811533026,-0.0252306406934858,-0.0248246456080454,-0.0244143303067506,-0.0240001278266486,-0.0235824690915387,-0.0231617821885033,-0.0227384916631141,-0.0223130178348521,-0.0218857761341894,-0.0214571764626898,-0.0210276225773823,-0.0205975115005664,-0.0201672329561398,-0.019737168833322,-0.0193076926787518
-0.0180083190450435,-0.0184088922125564,-0.0188100137790935,-0.0192113353370472,-0.0196125006976589,-0.020013146364771,-0.0204129020349791,-0.0208113911233902,-0.0212082313140926,-0.0216030351343513,-0.0219954105514445,-0.022384961590968,-0.0227712889753444,-0.0231539907811851,-0.0235326631140721,-0.0239069007992469,-0.0242762980866164,-0.0246404493684151,-0.0249989499077988,-0.0253513965765793,-0.0256973886002578,-0.0260365283084621,-0.0263684218888502,-0.0266926801425037,-0.0270089192388044,-0.0273167614677633,-0.0276158359877516,-0.0279057795665756,-0.0281862373138338,-0.0284568634024954,-0.0287173217776579,-0.0289672868504522,-0.0292064441750964,-0.0294344911071313,-0.0296511374409118,-0.0298561060244751,-0.0300491333499659,-0.0302299701178594,-0.0303983817732885,-0.0305541490128664,-0.0306970682604655,-0.0308269521105159,-0.0309436297374641,-0.0310469472701457,-0.0311367681299222,-0.0312129733315404,-0.0312754617457884,-0.0313241503231352,-0.0313589742776641,-0.0313798872307256,-0.0313868613138687,-0.0313798872307256,-0.031358974277664,-0.0313241503231353,-0.0312754617457883,-0.0312129733315405,-0.0311367681299223,-0.0310469472701458,-0.0309436297374641,-0.030826952110516,-0.0306970682604655,-0.0305541490128663,-0.0303983817732887,-0.0302299701178595,-0.030049133349966,-0.029856106024475,-0.0296511374409117,-0.0294344911071312,-0.0292064441750962,-0.0289672868504521,-0.0287173217776578,-0.0284568634024952,-0.0281862373138337,-0.0279057795665757,-0.0276158359877517,-0.0273167614677632,-0.0270089192388043,-0.0266926801425038,-0.0263684218888504,-0.0260365283084621,-0.0256973886002581,-0.0253513965765793,-0.0249989499077985,-0.024640449368415,-0.0242762980866162,-0.0239069007992468,-0.0235326631140721,-0.0231539907811851,-0.0227712889753443,-0.0223849615909682,-0.0219954105514444,-0.0216030351343514,-0.0212082313140927,-0.0208113911233902,-0.0204129020349792,-0.0200131463647709,-0.0196125006976585,-0.0192113353370471,-0.0188100137790927,-0.0184088922125584,-0.0180083190450437
-0.016657357376248,-0.0170278800435724,-0.0173989099697092,-0.0177701248841555,-0.0181411953189898,-0.0185117850470837,-0.0188815515447331,-0.0192501464779746,-0.0196172162117601,-0.0199824023410767,-0.020345342243009,-0.0207056696486598,-0.0210630152337582,-0.0214170072267076,-0.0217672720327464,-0.0221134348728218,-0.0224551204357074,-0.0227919535418273,-0.0231235598171912,-0.0234495663757857,-0.0237696025087156,-0.0240833003783449,-0.0243902957156432,-0.02469022851891,-0.0249827437520224,-0.0252674920403242,-0.0255441303622638,-0.0258123227348745,-0.0260717408911905,-0.0263220649476945,-0.0265629840599041,-0.0267941970642217,-0.0270154131041963,-0.0272263522393794,-0.0274267460349918,-0.0276163381306659,-0.0277948847865777,-0.0279621554053419,-0.0281179330281057,-0.0282620148033491,-0.0283942124269724,-0.0285143525523378,-0.0286222771690121,-0.0287178439490547,-0.0288009265597856,-0.0288714149420778,-0.0289292155533063,-0.028974251574213,-0.0290064630790397,-0.0290258071684057,-0.0290322580645162,-0.0290258071684058,-0.0290064630790397,-0.0289742515742129,-0.0289292155533062,-0.0288714149420777,-0.0288009265597856,-0.0287178439490546,-0.0286222771690122,-0.0285143525523378,-0.0283942124269723,-0.028262014803349,-0.0281179330281057,-0.0279621554053419,-0.0277948847865777,-0.0276163381306659,-0.0274267460349918,-0.0272263522393794,-0.0270154131041963,-0.0267941970642217,-0.026562984059904,-0.0263220649476944,-0.0260717408911905,-0.0258123227348746,-0.025544130362264,-0.0252674920403241,-0.0249827437520223,-0.0246902285189101,-0.0243902957156433,-0.0240833003783449,-0.0237696025087157,-0.0234495663757858,-0.023123559817191,-0.0227919535418273,-0.0224551204357072,-0.0221134348728219,-0.0217672720327464,-0.0214170072267078,-0.0210630152337583,-0.0207056696486599,-0.020345342243009,-0.0199824023410766,-0.0196172162117599,-0.0192501464779746,-0.0188815515447332,-0.0185117850470837,-0.0181411953189913,-0.0177701248841533,-0.0173989099697098,-0.0170278800435729,-0.0166573573762469
-0.015251673209476,-0.0155909281411612,-0.015930647525008,-0.0162705362863364,-0.0166102927604253,-0.0169496090937433,-0.0172881716675405,-0.0176256615431244,-0.0179617549280673,-0.0182961236625048,-0.0186284357246116,-0.0189583557542581,-0.0192855455937786,-0.019609664844707,-0.0199303714392657,-0.0202473222253263,-0.0205601735634958,-0.0208685819349221,-0.0211722045583566,-0.0214707000149599,-0.0217637288792881,-0.0220509543548559,-0.0223320429126353,-0.0226066649308163,-0.0228744953341302,-0.0231352142310142,-0.0233885075468829,-0.0236340676517627,-0.0238715939805415,-0.0241007936440916,-0.0243213820295325,-0.0245330833879161,-0.0247356314076396,-0.0249287697719212,-0.0251122526987056,-0.0252858454614114,-0.0254493248889762,-0.0256024798437097,-0.025745111675523,-0.0258770346511676,-0.0259980763571856,-0.0261080780753472,-0.0262068951294331,-0.0262943972022989,-0.026370468622251,-0.0264350086178517,-0.026487931540369,-0.0265291670531823,-0.0265586602875595,-0.0265763719643208,-0.0265822784810127,-0.0265763719643208,-0.0265586602875595,-0.0265291670531823,-0.0264879315403689,-0.0264350086178517,-0.026370468622251,-0.0262943972022989,-0.0262068951294331,-0.0261080780753473,-0.0259980763571856,-0.0258770346511676,-0.025745111675523,-0.0256024798437097,-0.0254493248889762,-0.0252858454614114,-0.0251122526987056,-0.0249287697719212,-0.0247356314076397,-0.024533083387916,-0.0243213820295324,-0.0241007936440915,-0.0238715939805416,-0.0236340676517628,-0.023388507546883,-0.0231352142310141,-0.0228744953341302,-0.0226066649308163,-0.0223320429126354,-0.022050954354856,-0.0217637288792883,-0.02147070001496,-0.0211722045583564,-0.0208685819349219,-0.0205601735634956,-0.0202473222253263,-0.0199303714392657,-0.019609664844707,-0.0192855455937785,-0.0189583557542581,-0.0186284357246117,-0.0182961236625047,-0.0179617549280673,-0.0176256615431245,-0.0172881716675405,-0.0169496090937433,-0.0166102927604255,-0.016270536286337,-0.015930647525007,-0.0155909281411609,-0.015251673209476
-0.0137878729014422,-0.0140945673745677,-0.0144016817234199,-0.0147089491935171,-0.0150160970728245,-0.0153228470544767,-0.0156289156197145,-0.0159340144404251,-0.0162378508006042,-0.0165401280359816,-0.0168405459909833,-0.0171388014921293,-0.0174345888369006,-0.0177276002970422,-0.0180175266352018,-0.0183040576337483,-0.018586882634552,-0.0188656910884548,-0.0191401731131101,-0.0194100200578209,-0.019674925073967,-0.0199345836895689,-0.0201886943865057,-0.0204369591788738,-0.0206790841909505,-0.0209147802332055,-0.0211437633747938,-0.0213657555109513,-0.0215804849237158,-0.0217876868343965,-0.0219871039462256,-0.0221784869756391,-0.0223615951706569,-0.0225361968148524,-0.0227020697154411,-0.0228590016740482,-0.0230067909387607,-0.0231452466361185,-0.0232741891817482,-0.0233934506684051,-0.0235028752302501,-0.0236023193822537,-0.0236916523336957,-0.0237707562747988,-0.0238395266356193,-0.0238978723163967,-0.0239457158886539,-0.0239829937664243,-0.0240096563470776,-0.0240256681213074,-0.024031007751938,-0.0240256681213074,-0.0240096563470776,-0.0239829937664243,-0.0239457158886539,-0.0238978723163968,-0.0238395266356193,-0.0237707562747988,-0.0236916523336957,-0.0236023193822537,-0.0235028752302501,-0.0233934506684051,-0.0232741891817482,-0.0231452466361185,-0.0230067909387607,-0.0228590016740482,-0.0227020697154411,-0.0225361968148524,-0.0223615951706569,-0.0221784869756391,-0.0219871039462255,-0.0217876868343965,-0.0215804849237159,-0.0213657555109513,-0.0211437633747939,-0.0209147802332054,-0.0206790841909504,-0.0204369591788738,-0.0201886943865058,-0.0199345836895689,-0.019674925073967,-0.0194100200578208,-0.0191401731131099,-0.0188656910884548,-0.018586882634552,-0.0183040576337484,-0.0180175266352017,-0.0177276002970423,-0.0174345888369005,-0.0171388014921293,-0.0168405459909834,-0.0165401280359817,-0.0162378508006041,-0.0159340144404252,-0.0156289156197143,-0.0153228470544767,-0.0150160970728261,-0.0147089491935166,-0.0144016817234207,-0.0140945673745674,-0.0137878729014398
-0.0122622762743356,-0.0125350357048989,-0.0128081685528994,-0.0130814375796289,-0.0133546002480163,-0.0136274090452147,-0.0138996118231677,-0.0141709521566092,-0.014441169717892,-0.0147100006679694,-0.0149771780627955,-0.0152424322743432,-0.0155054914253787,-0.015766081837075,-0.0160239284884861,-0.016278755486853,-0.016530286547658,-0.0167782454832977,-0.0170223566991988,-0.0172623456961589,-0.0174979395776561,-0.0177288675608397,-0.0179548614898798,-0.0181756563503321,-0.0183909907831511,-0.0186006075969669,-0.0188042542772338,-0.0190016834908443,-0.0191926535848078,-0.0193769290775904,-0.0195542811417236,-0.0197244880763004,-0.0198873357679967,-0.0200426181392793,-0.0201901375824874,-0.0203297053785113,-0.0204611420988263,-0.0205842779896844,-0.0206989533373127,-0.0208050188130194,-0.0209023357971643,-0.0209907766810085,-0.0210702251455261,-0.0211405764163225,-0.0212017374938791,-0.021253627358416,-0.0212961771487399,-0.0213293303145261,-0.0213530427415622,-0.0213672828495651,-0.0213720316622691,-0.0213672828495651,-0.0213530427415622,-0.0213293303145261,-0.0212961771487399,-0.021253627358416,-0.0212017374938791,-0.0211405764163225,-0.0210702251455261,-0.0209907766810085,-0.0209023357971643,-0.0208050188130194,-0.0206989533373127,-0.0205842779896844,-0.0204611420988263,-0.0203297053785113,-0.0201901375824874,-0.0200426181392793,-0.0198873357679968,-0.0197244880763004,-0.0195542811417235,-0.0193769290775903,-0.0191926535848078,-0.0190016834908444,-0.0188042542772339,-0.0186006075969667,-0.018390990783151,-0.0181756563503322,-0.01795486148988,-0.0177288675608397,-0.0174979395776562,-0.0172623456961589,-0.0170223566991986,-0.0167782454832976,-0.0165302865476579,-0.0162787554868529,-0.0160239284884861,-0.015766081837075,-0.0155054914253787,-0.0152424322743435,-0.0149771780627954,-0.0147100006679693,-0.0144411697178918,-0.0141709521566092,-0.0138996118231677,-0.0136274090452147,-0.0133546002480164,-0.0130814375796281,-0.0128081685528994,-0.0125350357048999,-0.0122622762743336
-0.0106708857226099,-0.0109082466047323,-0.0111459324424103,-0.011383736785627,-0.0116214485736206,-0.0118588524156071,-0.0120957288871471,-0.0123318548416854,-0.012567003736734,-0.0128009459741129,-0.0130334492536077,-0.0132642789393481,-0.0134931984381578,-0.0137199695890768,-0.0139443530632059,-0.0141661087729757,-0.0143849962899006,-0.0146007752698319,-0.0148132058846876,-0.0150220492596003,-0.0152270679143883,-0.01542802620823,-0.0156246907863913,-0.0158168310278372,-0.0160042194925354,-0.0161866323672517,-0.0163638499086201,-0.0165356568822691,-0.0167018429967824,-0.0168622033312724,-0.0170165387553564,-0.0171646563403325,-0.0173063697603701,-0.0174414996825494,-0.0175698741446084,-0.0176913289192855,-0.0178057078641778,-0.0179128632560726,-0.0180126561087506,-0.0181049564733044,-0.018189643720064,-0.018266606801273,-0.0183357444937158,-0.0183969656205534,-0.0184501892516866,-0.0184953448820318,-0.0185323725871584,-0.0185612231558075,-0.0185818581988816,-0.0185942502345671,-0.0185983827493261,-0.0185942502345672,-0.0185818581988816,-0.0185612231558075,-0.0185323725871584,-0.0184953448820318,-0.0184501892516866,-0.0183969656205534,-0.0183357444937158,-0.018266606801273,-0.018189643720064,-0.0181049564733044,-0.0180126561087506,-0.0179128632560726,-0.0178057078641778,-0.0176913289192855,-0.0175698741446084,-0.0174414996825494,-0.0173063697603701,-0.0171646563403325,-0.0170165387553563,-0.0168622033312723,-0.0167018429967824,-0.0165356568822692,-0.0163638499086202,-0.0161866323672516,-0.0160042194925354,-0.0158168310278371,-0.0156246907863914,-0.0154280262082299,-0.0152270679143886,-0.0150220492596004,-0.0148132058846875,-0.0146007752698318,-0.0143849962899005,-0.0141661087729758,-0.013944353063206,-0.0137199695890769,-0.0134931984381578,-0.0132642789393483,-0.0130334492536078,-0.012800945974113,-0.012567003736734,-0.0123318548416855,-0.0120957288871471,-0.0118588524156069,-0.0116214485736207,-0.011383736785627,-0.0111459324424091,-0.0109082466047337,-0.0106708857226092
-0.00900935123472001,-0.00920975330180361,-0.0094104297265002,-0.00961120620456157,-0.00981190453892102,-0.0100123428767055,-0.0102123359594562,-0.0104116953861589,-0.0106102298886379,-0.0108077456188192,-0.0110040464473208,-0.0111989342727829,-0.0113922093413072,-0.0115836705753267,-0.0117731159111915,-0.0119603426447126,-0.0121451477838675,-0.0123273284078386,-0.0125066820315203,-0.0126830069745985,-0.0128561027342824,-0.0130257703607394,-0.0131918128342643,-0.0133540354431937,-0.0135122461615622,-0.013666256025483,-0.0138158795072299,-0.0139609348859881,-0.0141012446142435,-0.0142366356787806,-0.0143669399552649,-0.0144919945553963,-0.0146116421656305,-0.0147257313764871,-0.0148341170014786,-0.0149366603847219,-0.0150332296963216,-0.0151237002146431,-0.015207954594632,-0.0152858831213706,-0.0153573839481053,-0.0154223633180229,-0.0154807357690984,-0.0155324243213895,-0.0155773606462018,-0.0156154852166058,-0.0156467474388405,-0.0156711057641978,-0.0156885277810416,-0.0156989902866767,-0.015702479338843,-0.0156989902866767,-0.0156885277810416,-0.0156711057641978,-0.0156467474388405,-0.0156154852166058,-0.0155773606462018,-0.0155324243213895,-0.0154807357690984,-0.0154223633180229,-0.0153573839481053,-0.0152858831213706,-0.015207954594632,-0.0151237002146431,-0.0150332296963216,-0.0149366603847219,-0.0148341170014786,-0.0147257313764871,-0.0146116421656305,-0.0144919945553963,-0.0143669399552649,-0.0142366356787805,-0.0141012446142436,-0.0139609348859882,-0.0138158795072299,-0.013666256025483,-0.0135122461615621,-0.0133540354431939,-0.0131918128342643,-0.0130257703607394,-0.0128561027342826,-0.0126830069745985,-0.0125066820315201,-0.0123273284078386,-0.0121451477838673,-0.0119603426447126,-0.0117731159111916,-0.0115836705753269,-0.0113922093413071,-0.0111989342727831,-0.0110040464473207,-0.0108077456188191,-0.0106102298886379,-0.0104116953861589,-0.0102123359594562,-0.0100123428767055,-0.00981190453892083,-0.00961120620456191,-0.00941042972650041,-0.00920975330180329,-0.00900935123471969
-0.00727293068540409,-0.00743470818803866,-0.00759670716987303,-0.00775878692125097,-0.00792080358998149,-0.00808261037267039,-0.00824405771671448,-0.0084049935326368,-0.00856526341640231,-0.00872471088131519,-0.00888317759906027,-0.00904050364941485,-0.00919652777811978,-0.00935108766236529,-0.00950402018331181,-0.00965516170503488,-0.00980434835925255,-0.00995141633516405,-0.0100962021737032,-0.0102385430654839,-0.0103782771516927,-0.0105152438271647,-0.0106492840448583,-0.0107802406209325,-0.0109079585396154,-0.011032285257043,-0.011153071003242,-0.0112701690814241,-0.0113834361637592,-0.0114927325827962,-0.0115979226177046,-0.0116988747745193,-0.0117954620595787,-0.0118875622453629,-0.0119750581279542,-0.0120578377753612,-0.0121357947659706,-0.0122088284164169,-0.012276843998187,-0.0123397529423073,-0.012397473031495,-0.0124499285791897,-0.0124970505949209,-0.0125387769355027,-0.0125750524415966,-0.012605829059217,-0.0126310659458097,-0.0126507295605719,-0.0126647937387356,-0.0126732397495856,-0.0126760563380282,-0.0126732397495856,-0.0126647937387356,-0.0126507295605718,-0.0126310659458097,-0.012605829059217,-0.0125750524415966,-0.0125387769355027,-0.0124970505949209,-0.0124499285791897,-0.0123974730314949,-0.0123397529423073,-0.012276843998187,-0.0122088284164169,-0.0121357947659706,-0.0120578377753612,-0.0119750581279542,-0.0118875622453628,-0.0117954620595787,-0.0116988747745193,-0.0115979226177045,-0.0114927325827961,-0.0113834361637593,-0.0112701690814242,-0.011153071003242,-0.0110322852570428,-0.0109079585396154,-0.0107802406209327,-0.0106492840448583,-0.0105152438271648,-0.0103782771516929,-0.0102385430654838,-0.010096202173703,-0.00995141633516398,-0.00980434835925244,-0.00965516170503494,-0.00950402018331192,-0.00935108766236545,-0.00919652777811977,-0.00904050364941505,-0.00888317759906032,-0.00872471088131505,-0.00856526341640237,-0.0084049935326368,-0.00824405771671433,-0.00808261037267033,-0.00792080358998309,-0.00775878692125109,-0.00759670716987315,-0.00743470818803887,-0.00727293068540436
-0.00545644463525514,-0.00557781661369662,-0.00569935475472702,-0.0058209534923122,-0.00594250490276227,-0.00606389884827625,-0.00618502312848608,-0.0063057636397592,-0.00642600454198867,-0.00654562843257171,-0.00666451652724889,-0.00678254884744765,-0.0068996044137479,-0.00701556144505985,-0.00713029756308022,-0.00724369000156796,-0.00735561581995796,-0.00746595212080992,-0.00757457627056889,-0.007681366123096,-0.0077862002454102,-0.00788895814506785,-0.00798952049859205,-0.00808776938035382,-0.00818358849129648,-0.00827686338688817,-0.00836748170368107,-0.00845533338385421,-0.00854031089711429,-0.00862230945933125,-0.00870122724728848,-0.00877696560893333,-0.00884942926852156,-0.00891852652605993,-0.00898416945046323,-0.00904627406585694,-0.00910476053047357,-0.00915955330760961,-0.00921058132813071,-0.00925777814403652,-0.00930108207262012,-0.00934043633078501,-0.00937578915910966,-0.00940709393528109,-0.00943430927654844,-0.00945739913088231,-0.00947633285655852,-0.00949108528991989,-0.00950163680110713,-0.00950797333758535,-0.00951008645533142,-0.00950797333758534,-0.00950163680110714,-0.00949108528991989,-0.00947633285655852,-0.00945739913088231,-0.00943430927654844,-0.00940709393528109,-0.00937578915910969,-0.009340436330785,-0.00930108207262012,-0.00925777814403651,-0.0092105813281307,-0.00915955330760961,-0.00910476053047357,-0.00904627406585694,-0.00898416945046323,-0.00891852652605993,-0.00884942926852158,-0.00877696560893334,-0.00870122724728839,-0.00862230945933116,-0.00854031089711434,-0.00845533338385433,-0.00836748170368104,-0.00827686338688813,-0.00818358849129643,-0.0080877693803539,-0.007989520498592,-0.00788895814506791,-0.00778620024541027,-0.00768136612309608,-0.00757457627056889,-0.0074659521208098,-0.00735561581995772,-0.00724369000156805,-0.00713029756308031,-0.00701556144506002,-0.00689960441374782,-0.00678254884744775,-0.00666451652724881,-0.00654562843257173,-0.00642600454198847,-0.00630576363975935,-0.00618502312848607,-0.00606389884827613,-0.00594250490276416,-0.00582095349231054,-0.0056993547547281,-0.00557781661369677,-0.00545644463525502
-0.0035542247302319,-0.00363328413909067,-0.00371245178311395,-0.00379165889858577,-0.00387083518605782,-0.0039499089038517,-0.00402880696677196,-0.00410745504987264,-0.00418577769710124,-0.00426369843462502,-0.00434113988862632,-0.00441802390733449,-0.00449427168704576,-0.00456980390186388,-0.00464454083687901,-0.00471840252448608,-0.00479130888352854,-0.00486317986094055,-0.00493393557554621,-0.00500349646366323,-0.0050717834261468,-0.00513871797650037,-0.00520422238967019,-0.00526821985113418,-0.00533063460588876,-0.00539139210693252,-0.00545041916284294,-0.00550764408403911,-0.00556299682732384,-0.00561640913829862,-0.00566781469124799,-0.00571714922609253,-0.00576435068201631,-0.00580935932737988,-0.00585211788553908,-0.00589257165619913,-0.00593066863194432,-0.00596635960959606,-0.00599959829606582,-0.00603034140838419,-0.00605854876760372,-0.00608418338629036,-0.00610721154933694,-0.00612760288785137,-0.00614533044589329,-0.00616037073985334,-0.00617270381029248,-0.00618231326608084,-0.00618918632069972,-0.00619331382059394,-0.00619469026548673,-0.00619331382059394,-0.00618918632069973,-0.00618231326608083,-0.00617270381029247,-0.00616037073985335,-0.00614533044589331,-0.00612760288785137,-0.00610721154933694,-0.00608418338629036,-0.00605854876760371,-0.00603034140838419,-0.00599959829606582,-0.00596635960959606,-0.00593066863194432,-0.00589257165619913,-0.00585211788553908,-0.00580935932737988,-0.00576435068201634,-0.00571714922609253,-0.0056678146912479,-0.00561640913829857,-0.00556299682732376,-0.00550764408403916,-0.00545041916284306,-0.00539139210693237,-0.0053306346058887,-0.00526821985113413,-0.00520422238967033,-0.00513871797650042,-0.00507178342614681,-0.00500349646366328,-0.00493393557554606,-0.00486317986094054,-0.0047913088835283,-0.00471840252448605,-0.00464454083687912,-0.0045698039018639,-0.00449427168704566,-0.00441802390733476,-0.00434113988862636,-0.00426369843462499,-0.00418577769710116,-0.00410745504987262,-0.00402880696677205,-0.00394990890385177,-0.00387083518605807,-0.00379165889858557,-0.00371245178311352,-0.0036332841390927,-0.00355422473023109
-0.0015600546183193,-0.00159475613701131,-0.00162950516332624,-0.00166427151483027,-0.00169902433501113,-0.00173373213431902,-0.00176836283349465,-0.00180288380911545,-0.00183726194128267,-0.00187146366336368,-0.00190545501369571,-0.00193920168914941,-0.00197266910044261,-0.00200582242908742,-0.00203862668584634,-0.0020710467705664,-0.00210304753325357,-0.00213459383624365,-0.00216565061732003,-0.00219618295362343,-0.00222615612619391,-0.00225553568498095,-0.00228428751415389,-0.00231237789754142,-0.00233977358402627,-0.00236644185271919,-0.00239235057773468,-0.00241746829239007,-0.00244176425264926,-0.00246520849963302,-0.00248777192101821,-0.00250942631115067,-0.00253014442969814,-0.002549900058673,-0.00256866805765785,-0.00258642441707143,-0.00260314630931695,-0.00261881213766042,-0.00263340158269269,-0.0026468956462351,-0.00265927669255632,-0.00267052848677484,-0.00268063623033045,-0.00268958659341599,-0.00269736774426996,-0.0027039693752399,-0.00270938272553623,-0.00271360060060604,-0.00271661738806716,-0.0027184290701528,-0.0027190332326284,-0.0027184290701528,-0.00271661738806716,-0.00271360060060604,-0.00270938272553623,-0.00270396937523991,-0.00269736774426996,-0.00268958659341598,-0.00268063623033046,-0.00267052848677484,-0.0026592766925563,-0.00264689564623511,-0.00263340158269267,-0.00261881213766041,-0.00260314630931693,-0.00258642441707143,-0.00256866805765785,-0.00254990005867298,-0.00253014442969817,-0.00250942631115066,-0.00248777192101812,-0.00246520849963286,-0.0024417642526492,-0.00241746829239025,-0.00239235057773486,-0.00236644185271907,-0.00233977358402621,-0.00231237789754156,-0.00228428751415384,-0.00225553568498084,-0.00222615612619416,-0.00219618295362355,-0.0021656506173198,-0.00213459383624345,-0.00210304753325358,-0.00207104677056635,-0.00203862668584645,-0.00200582242908764,-0.00197266910044266,-0.00193920168914963,-0.00190545501369568,-0.00187146366336377,-0.00183726194128264,-0.00180288380911553,-0.00176836283349452,-0.00173373213431893,-0.00169902433501268,-0.00166427151482956,-0.00162950516332766,-0.00159475613701326,-0.00156005461831787
7.09386380415442e-05,7.25165818167766e-05,7.40966858535869e-05,7.56775776995519e-05,7.72578542506283e-05,7.88360836173541e-05,8.04108070950578e-05,8.19805412348971e-05,8.35437800123809e-05,8.50989970891462e-05,8.66446481640717e-05,8.8179173408904e-05,8.97009999834544e-05,9.12085446251508e-05,9.27002163071119e-05,9.41744189588672e-05,9.56295542436714e-05,9.70640243853537e-05,9.84762350385095e-05,9.98645981946211e-05,0.000101227535116799,0.000102563479296024,0.000103870879420854,0.000105148202353125,0.000106393936101553,0.000107606592785368,0.000108784711579685,0.00010992686163483,0.000111031644961304,0.000112097699272108,0.000113123700774762,0.000114108366904779,0.000115050458992623,0.000115948784856782,0.000116802201314858,0.000117609616605689,0.000118369992715233,0.000119082347599126,0.000119745757295294,0.000120359357920631,0.000120922347544999,0.000121433987937577,0.000121893606179839,0.000122300596140206,0.000122654419806069,0.000122954608468921,0.000123200763759093,0.00012339255852663,0.000123529737565912,0.000123612118181468,0.000123639590593421,0.000123612118181468,0.000123529737565914,0.000123392558526627,0.000123200763759087,0.000122954608468921,0.000122654419806057,0.000122300596140209,0.000121893606179826,0.000121433987937588,0.000120922347544997,0.000120359357920654,0.000119745757295293,0.000119082347599128,0.000118369992715243,0.000117609616605691,0.000116802201314849,0.000115948784856806,0.000115050458992641,0.000114108366904793,0.000113123700774868,0.000112097699272187,0.000111031644961394,0.000109926861634829,0.000108784711579601,0.000107606592785289,0.00010639393610172,0.000105148202353057,0.000103870879420681,0.000102563479296144,0.000101227535116932,9.98645981944157e-05,9.84762350386137e-05,9.70640243854598e-05,9.56295542437341e-05,9.41744189588561e-05,9.27002163071122e-05,9.12085446252708e-05,8.9700999983372e-05,8.81791734091419e-05,8.66446481642691e-05,8.50989970893334e-05,8.35437800124073e-05,8.19805412349828e-05,8.04108070952547e-05,7.88360836179169e-05,7.72578542518887e-05,7.56775777007723e-05,7.40966858522873e-05,7.25165818173945e-05,7.09386380416954e-05
0.000361277242576492,0.000369313415694444,0.000377360590621438,0.000385411777713429,0.000393459831223407,0.000401497458805556,0.000409517231549222,0.000417511594526574,0.000425472877835805,0.000433393308120541,0.000441265020543449,0.000449080071190307,0.000456830449879741,0.000464508093350916,0.000472104898800845,0.000479612737740744,0.000487023470139589,0.000494328958821781,0.000501521084083826,0.00050859175849459,0.000515532941841843,0.000522336656187517,0.000528995000992026,0.000535500168268864,0.000541844457728684,0.000548020291872274,0.000554020230991293,0.000559836988035531,0.000565463443305213,0.000570892658926936,0.000576117893072838,0.000581132613881263,0.000585930513039617,0.0005905055189898,0.000594851809717244,0.000598963825086334,0.00060283627868518,0.000606464169144971,0.000609842790899718,0.000612967744353565,0.000615834945426289,0.000618440634446126,0.000620781384364469,0.000622854108266357,0.000624656066153931,0.000626184870982558,0.000627438493929586,0.000628415268881431,0.000629113896123471,0.000629533445221753,0.00062967335708808,0.000629533445221753,0.000629113896123443,0.000628415268881431,0.000627438493929586,0.00062618487098256,0.000624656066153957,0.000622854108266357,0.000620781384364498,0.000618440634446127,0.000615834945426288,0.000612967744353566,0.000609842790899689,0.00060646416914497,0.000602836278685182,0.000598963825086306,0.000594851809717245,0.000590505518989773,0.000585930513039588,0.00058113261388109,0.000576117893072985,0.000570892658927021,0.000565463443305159,0.000559836988035502,0.000554020230991263,0.000548020291872363,0.000541844457728653,0.00053550016826881,0.000528995000991836,0.000522336656187672,0.000515532941841645,0.000508591758494506,0.000501521084083967,0.000494328958821635,0.000487023470139764,0.000479612737740776,0.000472104898801062,0.000464508093350774,0.00045683044987968,0.000449080071190461,0.000441265020543535,0.000433393308120589,0.000425472877835703,0.000417511594526632,0.000409517231549417,0.0004014974588053,0.000393459831222853,0.000385411777712064,0.000377360590622711,0.000369313415694517,0.000361277242578228
0.000662524757635814,0.000677261815550972,0.000692019049026655,0.000706783640172161,0.000721542484828685,0.000736282209998902,0.000750989192247252,0.000765649577042716,0.00078024929901051,0.000794774103056719,0.000809209566325754,0.000823541120947928,0.000837754077529924,0.000851833649339307,0.000865764977129642,0.000879533154550774,0.000893123254086109,0.000906520353455198,0.000919709562418738,0.000932676049919837,0.000945405071493604,0.000957881996875712,0.000970092337738601,0.000982021775482136,0.000993656189005523,0.0010049816823856,0.00101598461238563,0.00102665161571933,0.00103696963599456,0.00104692595025979,0.00105650819507935,0.00106570439206233,0.00107450297277103,0.00108289280293779,0.00109086320591775,0.00109840398531023,0.00110550544668031,0.00111215841831637,0.00111835427096188,0.00112408493646103,0.00112934292526278,0.00113412134272973,0.00113841390420211,0.00114221494877089,0.00114551945171789,0.00114832303558411,0.00115062197983322,0.00115241322907892,0.00115369439985213,0.00115446378588549,0.00115472036190087,0.00115446378588549,0.0011536943998521,0.00115241322907895,0.00115062197983322,0.00114832303558411,0.00114551945171789,0.00114221494877092,0.00113841390420214,0.00113412134272973,0.00112934292526275,0.00112408493646103,0.00111835427096185,0.00111215841831637,0.00110550544668031,0.00109840398531023,0.00109086320591775,0.00108289280293801,0.0010745029727712,0.00106570439206228,0.00105650819507946,0.00104692595025951,0.00103696963599437,0.00102665161571936,0.00101598461238574,0.00100498168238575,0.00099365618900564,0.000982021775482109,0.000970092337738523,0.000957881996875742,0.000945405071493668,0.000932676049919701,0.000919709562418713,0.000906520353455051,0.00089312325408622,0.00087953315455086,0.000865764977129896,0.000851833649339245,0.000837754077530006,0.000823541120947846,0.000809209566325741,0.000794774103056894,0.000780249299010716,0.000765649577042837,0.000750989192247364,0.000736282209997163,0.000721542484829529,0.000706783640171849,0.000692019049027881,0.000677261815550889,0.000662524757635952
0.000975193612908311,0.000996885609450774,0.00101860730311403,0.00104033982679155,0.00106206389200888,0.00108375981457833,0.00110540754168355,0.00112698668035052,0.00114847652725686,0.00116985609982578,0.00119110416854638,0.00121219929045616,0.00123311984371784,0.00125384406321722,0.00127435007710406,0.00129461594419467,0.00131461969214956,0.00133433935633669,0.00135375301928639,0.00137283885064162,0.00139157514750335,0.0014099403750683,0.0014279132074548,0.00144547256860924,0.00146259767318413,0.00147926806727884,0.00149546366893088,0.00151116480824686,0.00152635226706142,0.00154100731801257,0.00155511176292229,0.00156864797037332,0.00158159891237357,0.00159394820000042,0.00160568011792316,0.00161677965769907,0.00162723254974663,0.00163702529389935,0.00164614518844937,0.00165458035759293,0.00166231977719515,0.00166935329879552,0.00167567167178104,0.00168126656365965,0.00168613057837089,0.00169025727257833,0.00169364116989281,0.00169627777298341,0.00169816357353745,0.00169929606004001,0.00169967372334773,0.00169929606004004,0.00169816357353745,0.00169627777298341,0.00169364116989281,0.00169025727257833,0.00168613057837089,0.00168126656365965,0.00167567167178103,0.00166935329879549,0.00166231977719515,0.00165458035759293,0.00164614518844931,0.00163702529389935,0.00162723254974663,0.00161677965769902,0.00160568011792308,0.00159394820000028,0.00158159891237363,0.00156864797037334,0.00155511176292223,0.00154100731801268,0.00152635226706142,0.00151116480824683,0.00149546366893068,0.00147926806727896,0.00146259767318428,0.00144547256860947,0.00142791320745478,0.00140994037506847,0.00139157514750322,0.0013728388506416,0.00135375301928628,0.00133433935633671,0.00131461969214962,0.00129461594419444,0.00127435007710394,0.00125384406321724,0.00123311984371793,0.00121219929045588,0.00119110416854634,0.00116985609982589,0.00114847652725697,0.00112698668035052,0.00110540754168326,0.00108375981457876,0.00106206389200902,0.00104033982679347,0.00101860730311359,0.000996885609450548,0.000975193612910652
0.00129980970771739,0.00132872239470842,0.00135767466420431,0.00138664136873905,0.0014155967992164,0.00144451471910468,0.00147336840053669,0.0015021306622581,0.00153077390935945,0.00155927017472062,0.00158759116208938,0.00161570829070967,0.00164359274140786,0.00167121550404046,0.00169854742619814,0.00172555926305906,0.00175222172827453,0.00177850554576887,0.00180438150232801,0.00182982050084796,0.00185479361410997,0.00187927213894584,0.00190322765065342,0.00192663205751958,0.00194945765530603,0.00197167718155083,0.00199326386953872,0.00201419150179039,0.00203443446292291,0.0020539677917319,0.00207276723234852,0.00209080928432435,0.0021080712515,0.00212453128951538,0.00214016845182268,0.00215496273406669,0.00216889511670053,0.00218194760571034,0.00219410327132646,0.00220534628460496,0.00221566195176881,0.00222503674620403,0.002233458338014,0.00224091562104086,0.00224739873727182,0.00225289909855452,0.0022574094055552,0.00226092366390059,0.00226343719745382,0.00226494665868329,0.00226545003609174,0.00226494665868332,0.00226343719745385,0.00226092366390059,0.0022574094055552,0.00225289909855452,0.00224739873727179,0.00224091562104083,0.00223345833801401,0.00222503674620406,0.00221566195176883,0.00220534628460496,0.00219410327132652,0.00218194760571026,0.00216889511670048,0.0021549627340665,0.00214016845182277,0.00212453128951536,0.00210807125149985,0.00209080928432432,0.00207276723234855,0.00205396779173204,0.00203443446292308,0.00201419150179036,0.00199326386953874,0.00197167718155086,0.00194945765530599,0.0019266320575196,0.00190322765065343,0.00187927213894561,0.00185479361410988,0.00182982050084783,0.00180438150232798,0.00177850554576894,0.00175222172827444,0.00172555926305917,0.00169854742619807,0.00167121550404059,0.00164359274140771,0.00161570829070978,0.00158759116208959,0.00155927017472079,0.00153077390935955,0.0015021306622581,0.00147336840053652,0.00144451471910401,0.00141559679921666,0.00138664136873773,0.001357674664204,0.00132872239470838,0.00129980970771765
0.00163690779526368,0.00167331881945948,0.00170977969165255,0.00174625874252781,0.0017827235954845,0.00181914120969904,0.00185547792558726,0.0018916995125947,0.00192777121923263,0.00196365782527089,0.00199932369598893,0.00203473283837771,0.00206984895917878,0.00210463552463643,0.00213905582183367,0.00217307302147413,0.00220665024196495,0.0022397506146505,0.00227233735003962,0.00230437380486354,0.00233582354979766,0.00236665043767399,0.00239681867200927,0.0024262928756679,0.00245503815947853,0.00248302019061837,0.00251020526058011,0.00253656035253384,0.00256205320789586,0.00258665239191877,0.00261032735811516,0.00263304851133204,0.00265478726929298,0.00267551612243026,0.00269520869183077,0.00271383978512601,0.0027313854501603,0.00274782302627693,0.00276313119306894,0.00277729001644796,0.00279028099189118,0.00280208708473612,0.00281269276739901,0.00282208405340473,0.00283024852812209,0.00283717537611144,0.00284285540499919,0.00284728106580628,0.00285044646966701,0.00285234740088678,0.00285298132629828,0.00285234740088678,0.002850446469667,0.00284728106580631,0.00284285540499918,0.00283717537611144,0.00283024852812209,0.0028220840534047,0.00281269276739898,0.00280208708473621,0.00279028099189129,0.00277729001644801,0.00276313119306903,0.0027478230262767,0.00273138545016032,0.00271383978512595,0.00269520869183094,0.00267551612243026,0.00265478726929275,0.00263304851133193,0.00261032735811496,0.00258665239191857,0.00256205320789574,0.00253656035253395,0.00251020526057989,0.0024830201906182,0.00245503815947845,0.00242629287566806,0.00239681867200929,0.00236665043767399,0.00233582354979768,0.00230437380486362,0.00227233735003972,0.00223975061465032,0.00220665024196476,0.00217307302147424,0.00213905582183377,0.00210463552463652,0.00206984895917864,0.00203473283837785,0.00199932369598901,0.00196365782527078,0.00192777121923274,0.00189169951259477,0.00185547792558721,0.00181914120969856,0.00178272359548326,0.00174625874252748,0.00170977969165115,0.00167331881946187,0.00163690779526343
0.00198702483373846,0.00203122378587754,0.00207548324796636,0.0021197647769627,0.00216402907125785,0.00220823602295001,0.00225234477303077,0.00229631376939662,0.0023401008275878,0.00238366319414443,0.00242695761246092,0.0024699403910093,0.00251256747379191,0.00255479451287425,0.00259657694283976,0.00263787005700014,0.00267862908518495,0.00271880927292832,0.00275836596186092,0.00279725467111155,0.0028354311795133,0.00287285160840639,0.00290947250482322,0.00294525092483798,0.0029801445168594,0.0030141116046417,0.00304711126978915,0.00307910343352555,0.00311004893750192,0.00313990962341505,0.00316864841121136,0.00319622937565156,0.00322261782101671,0.00324778035373717,0.00327168495273297,0.00329430103725802,0.00331559953204708,0.00333555292957177,0.00335413534921859,0.00337132259321121,0.00338709219910767,0.00340142348871372,0.00341429761326182,0.00342569759471958,0.0034356083630993,0.00344401678965464,0.00345091171586185,0.00345628397809608,0.00346012642792631,0.00346243394796616,0.00346320346323091,0.00346243394796616,0.00346012642792637,0.00345628397809619,0.00345091171586193,0.00344401678965452,0.00343560836309932,0.00342569759471936,0.00341429761326176,0.00340142348871372,0.00338709219910792,0.00337132259321133,0.00335413534921836,0.00333555292957171,0.00331559953204705,0.0032943010372581,0.00327168495273288,0.00324778035373739,0.00322261782101662,0.00319622937565145,0.00316864841121133,0.00313990962341505,0.00311004893750183,0.0030791034335255,0.00304711126978924,0.00301411160464159,0.00298014451685939,0.00294525092483798,0.00290947250482304,0.00287285160840658,0.00283543117951338,0.0027972546711116,0.0027583659618608,0.00271880927292814,0.00267862908518512,0.00263787005700028,0.00259657694283968,0.00255479451287433,0.00251256747379175,0.00246994039100931,0.00242695761246098,0.00238366319414454,0.00234010082758773,0.00229631376939676,0.00225234477303071,0.00220823602295012,0.00216402907125951,0.00211976477696257,0.00207548324796558,0.00203122378587772,0.00198702483373914
0.00235069060057782,0.00240297885565379,0.0024553386952251,0.00250772464039476,0.00256009019656404,0.00261238791527321,0.00266456945948817,0.00271658567222947,0.00276838664842736,0.00281992180987318,0.00287113998312696,0.00292198948022674,0.00297241818203553,0.00302237362404897,0.0030718030844772,0.00312065367440301,0.00316887242980857,0.00321640640525466,0.00326320276898653,0.00330920889923308,0.00335437248145869,0.00339864160632063,0.00344196486807864,0.00348429146319929,0.00352557128889262,0.00356575504131649,0.00360479431318016,0.00364264169048036,0.00367925084809743,0.00371457664398627,0.00374857521169318,0.00378120405093243,0.00381242211596622,0.0038421899015262,0.00387046952602587,0.00389722481182409,0.00392242136229357,0.00394602663547109,0.00396801001406695,0.00398834287162243,0.00400699863461355,0.00402395284031778,0.00403918319026208,0.00405266959909045,0.00406439423870189,0.00407434157752409,0.00408249841479741,0.00408885390976839,0.00409339960569823,0.0040961294486151,0.00409703980075035,0.0040961294486151,0.00409339960569794,0.00408885390976839,0.00408249841479741,0.00407434157752381,0.0040643942387019,0.00405266959909045,0.00403918319026233,0.00402395284031784,0.00400699863461369,0.00398834287162214,0.00396801001406706,0.00394602663547113,0.0039224213622936,0.0038972248118239,0.00387046952602593,0.00384218990152607,0.00381242211596648,0.00378120405093238,0.00374857521169315,0.00371457664398647,0.0036792508480975,0.00364264169048042,0.00360479431318034,0.00356575504131643,0.00352557128889264,0.00348429146319948,0.00344196486807863,0.00339864160632067,0.00335437248145873,0.00330920889923303,0.00326320276898648,0.00321640640525472,0.0031688724298084,0.00312065367440295,0.0030718030844773,0.00302237362404903,0.0029724181820355,0.00292198948022682,0.0028711399831268,0.0028199218098732,0.00276838664842746,0.0027165856722296,0.00266456945948806,0.00261238791527191,0.00256009019656239,0.00250772464039728,0.00245533869522396,0.00240297885565505,0.00235069060057769
0.00272841461598884,0.00278910488265289,0.00284987823646737,0.00291068189069481,0.00297146187968676,0.00303216313066123,0.00309272953947997,0.00315310405030538,0.00321322873900155,0.00327304490012953,0.00333249313737332,0.00339151345721832,0.0034500453656909,0.00350802796795415,0.00356540007054387,0.00362210028601279,0.00367806713974542,0.00373323917869067,0.00378755508174906,0.00384095377154644,0.00389337452731248,0.00394475709857934,0.00399504181940282,0.00404416972281318,0.00409208265518259,0.00413872339021218,0.00418403574221808,0.00422796467841138,0.00427045642985545,0.00431145860079234,0.00435092027602564,0.00438879212605185,0.00442502650964131,0.00445957757356579,0.00449240134918344,0.00452345584559762,0.00455270113911101,0.00458009945870949,0.00460561526732178,0.00462921533860496,0.0046508688290324,0.00467054734505438,0.00468822500513609,0.00470387849647817,0.00471748712624682,0.00472903286715639,0.00473850039726486,0.00474587713385686,0.00475115326131163,0.0047543217528656,0.0047553783862102,0.0047543217528656,0.00475115326131163,0.00474587713385714,0.00473850039726486,0.00472903286715638,0.00471748712624655,0.00470387849647844,0.00468822500513638,0.0046705473450541,0.00465086882903241,0.00462921533860467,0.00460561526732149,0.0045800994587095,0.00455270113911101,0.00452345584559763,0.00449240134918343,0.00445957757356551,0.00442502650964131,0.00438879212605184,0.00435092027602563,0.00431145860079235,0.00427045642985545,0.00422796467841138,0.00418403574221837,0.00413872339021246,0.00409208265518259,0.00404416972281318,0.00399504181940293,0.00394475709857932,0.00389337452731277,0.00384095377154609,0.00378755508174894,0.00373323917869062,0.00367806713974528,0.00362210028601267,0.00356540007054382,0.00350802796795435,0.00345004536569091,0.00339151345721836,0.00333249313737333,0.00327304490012964,0.00321322873900171,0.00315310405030544,0.00309272953947981,0.00303216313066212,0.00297146187968728,0.00291068189069321,0.0028498782364666,0.00278910488265149,0.00272841461599044
0.00312066808309085,0.00319008355133488,0.00325959405184308,0.0033291392089357,0.00339865729853482,0.00346808533026038,0.00353735913410276,0.00360641345152964,0.00367518203087999,0.00374359772686363,0.00381159260398964,0.00387909804371074,0.00394604485507234,0.00401236338862553,0.00407798365336179,0.00414283543640152,0.00420684842516456,0.00426995233173598,0.00433207701912229,0.00439315262909468,0.00445310971129643,0.00451187935328543,0.00456939331117948,0.00462558414055819,0.00468038532727529,0.0047337314178315,0.00478555814894703,0.00483580257598507,0.00488440319985968,0.00493130009208059,0.00497643501757341,0.00501975155492505,0.00506119521371343,0.00510071354857115,0.00513825626965764,0.00517377534920992,0.00520722512385686,0.00523856239239363,0.00526774650872387,0.00529473946968385,0.00531950599749423,0.00534201361657537,0.00536223272450634,0.00538013665689772,0.0053957017459876,0.00540890737277966,0.00541973601255537,0.00542817327363229,0.00543420792923528,0.00543783194239138,0.00543904048376725,0.00543783194239138,0.00543420792923499,0.0054281732736323,0.00541973601255565,0.00540890737277966,0.00539570174598788,0.00538013665689772,0.00536223272450662,0.00534201361657537,0.00531950599749423,0.00529473946968386,0.00526774650872358,0.00523856239239363,0.00520722512385658,0.00517377534920992,0.00513825626965766,0.00510071354857114,0.00506119521371344,0.00501975155492504,0.00497643501757312,0.00493130009208059,0.00488440319985968,0.00483580257598507,0.00478555814894729,0.00473373141783122,0.00468038532727529,0.00462558414055818,0.0045693933111795,0.00451187935328543,0.00445310971129641,0.00439315262909468,0.00433207701912228,0.00426995233173597,0.00420684842516456,0.00414283543640123,0.00407798365336179,0.00401236338862579,0.00394604485507241,0.00387909804371092,0.00381159260398958,0.00374359772686364,0.00367518203087999,0.00360641345152973,0.00353735913410258,0.00346808533025916,0.00339865729853484,0.00332913920893774,0.00325959405184562,0.0031900835513356,0.00312066808309103
0.00352785906647684,0.00360633200319369,0.00368491237217354,0.00376353191979811,0.00384212086810868,0.00392060800761539,0.00399892079527698,0.00407698545749929,0.00415472709797182,0.00423206981015356,0.00430893679419527,0.00438525047806537,0.00446093264263595,0.004535904550459,0.00461008707795971,0.0046834008507419,0.00475576638170104,0.00482710421161454,0.00489733505187433,0.00496637992901127,0.0050341603306475,0.00510059835250831,0.00516561684611384,0.00522913956676134,0.00529109132140688,0.00535139811604791,0.00540998730220428,0.0054667877220972,0.00552172985211778,0.00557474594418738,0.00562577016460242,0.00567473872997239,0.00572159003985573,0.00576626480570978,0.00580870617577515,0.00584885985553057,0.00588667422335729,0.00592210044107185,0.0059550925589938,0.00598560761523133,0.00601360572888954,0.00603905018691181,0.00606190752429304,0.00608214759742153,0.00609974365031981,0.00611467237358185,0.00612691395583094,0.00613645212752803,0.00614327419700648,0.00614737107861312,0.0061487373128732,0.00614737107861314,0.0061432741970062,0.00613645212752804,0.00612691395583066,0.00611467237358185,0.00609974365031981,0.00608214759742181,0.00606190752429276,0.00603905018691153,0.00601360572888954,0.00598560761523133,0.0059550925589938,0.00592210044107213,0.00588667422335729,0.00584885985553057,0.00580870617577515,0.00576626480570977,0.00572159003985573,0.00567473872997237,0.00562577016460242,0.00557474594418737,0.0055217298521178,0.0054667877220972,0.00540998730220427,0.00535139811604789,0.00529109132140716,0.00522913956676133,0.00516561684611383,0.00510059835250831,0.00503416033064752,0.00496637992901128,0.00489733505187462,0.00482710421161481,0.00475576638170105,0.00468340085074193,0.00461008707795968,0.00453590455045871,0.00446093264263595,0.00438525047806565,0.00430893679419531,0.00423206981015326,0.00415472709797154,0.00407698545749929,0.00399892079527753,0.00392060800761623,0.00384212086810654,0.0037635319198,0.00368491237217522,0.00360633200319249,0.00352785906647785
0.00395029847411834,0.00403816806197069,0.00412615794643844,0.0042141917009521,0.00430219119207242,0.00439007668341082,0.00447776694534432,0.00456517937034432,0.00465223009372837,0.00473883411961482,0.00482490545184447,0.00491035722961285,0.00499510186753254,0.00507905119983122,0.00516211662837306,0.00524420927416653,0.0053252401320155,0.0054051202279445,0.00548376077902311,0.00556107335519471,0.00563697004270781,0.00571136360873006,0.00578416766672669,0.00585529684216089,0.00592466693808424,0.00599219510016765,0.0060577999807233,0.00612140190126599,0.00618292301316314,0.00624228745591997,0.0062994215126523,0.00635425376230177,0.00640671522815272,0.00645673952222429,0.00650426298510904,0.00654922482085123,0.00659156722646069,0.00663123551568217,0.00666817823664356,0.00670234728303184,0.00673369799845956,0.00676218927370781,0.00678778363654325,0.0068104473338425,0.00683015040576331,0.00684686675174303,0.00686057418811355,0.00687125449715976,0.00687889346746549,0.00688348092542632,0.00688501075782925,0.00688348092542632,0.0068788934674652,0.00687125449715976,0.00686057418811384,0.00684686675174303,0.00683015040576303,0.00681044733384221,0.00678778363654297,0.00676218927370752,0.00673369799845956,0.00670234728303184,0.00666817823664384,0.00663123551568217,0.00659156722646069,0.00654922482085123,0.00650426298510932,0.00645673952222428,0.00640671522815271,0.00635425376230177,0.00629942151265228,0.00624228745591998,0.00618292301316287,0.00612140190126599,0.00605779998072331,0.00599219510016794,0.00592466693808427,0.00585529684216089,0.00578416766672696,0.00571136360873006,0.00563697004270754,0.00556107335519469,0.0054837607790231,0.00540512022794476,0.0053252401320158,0.00524420927416649,0.00516211662837304,0.00507905119983121,0.00499510186753255,0.00491035722961283,0.00482490545184447,0.00473883411961482,0.00465223009372839,0.00456517937034462,0.00447776694534524,0.00439007668341229,0.00430219119207098,0.00421419170095239,0.00412615794643839,0.00403816806196955,0.00395029847411948
0.00438815345353114,0.00448576259317498,0.00458350536322936,0.004681296865929,0.00477905030744689,0.00487667711333502,0.00497408705039815,0.00507118835480811,0.00516788786623811,0.00526409116777937,0.00535970273137334,0.00545462606847844,0.00554876388565653,0.0056420182447543,0.00573429072733052,0.00582548260295942,0.00591549500102085,0.00600422908557565,0.00609158623290589,0.00617746821128092,0.00626177736250155,0.00634441678476331,0.00642529051636151,0.0065043037197619,0.00658136286554354,0.00665637591572162,0.00672925250595012,0.006799904126102,0.00686824429872585,0.00693418875487433,0.0069976556068115,0.00705856551709778,0.00711684186357171,0.00717241089974161,0.00722520191012933,0.00727514736009495,0.00732218303970865,0.00736624820123584,0.00740728568982869,0.00744524206702254,0.0074800677266723,0.00751171700297238,0.00754014827023076,0.00756532403409384,0.00758721101394139,0.00760578021619836,0.00762100699833727,0.00763287112337306,0.00764135680468216,0.00764645274100873,0.00764815214154439,0.00764645274100873,0.00764135680468217,0.00763287112337278,0.00762100699833757,0.00760578021619836,0.0075872110139411,0.00756532403409355,0.00754014827023076,0.00751171700297239,0.0074800677266723,0.00744524206702253,0.00740728568982868,0.00736624820123585,0.00732218303970837,0.00727514736009524,0.00722520191012933,0.0071724108997416,0.00711684186357145,0.00705856551709805,0.0069976556068115,0.00693418875487434,0.00686824429872554,0.006799904126102,0.00672925250594986,0.00665637591572162,0.00658136286554353,0.00650430371976189,0.00642529051636123,0.00634441678476332,0.00626177736250154,0.00617746821128093,0.0060915862329059,0.00600422908557566,0.00591549500102054,0.00582548260295943,0.00573429072733053,0.0056420182447543,0.0055487638856565,0.00545462606847844,0.00535970273137334,0.00526409116777909,0.0051678878662384,0.00507118835480813,0.00497408705040009,0.00487667711333339,0.00477905030744719,0.0046812968659285,0.0045835053632291,0.00448576259317551,0.00438815345353333
0.00484138346995266,0.00494907416039729,0.00505691228325669,0.00516480417210848,0.00527265406863257,0.00538036424997774,0.00548783516322231,0.00559496556671851,0.0057016526780851,0.00580779232857058,0.00591327912351141,0.00601800660855509,0.00612186744131981,0.00622475356811947,0.00632655640537391,0.00642716702529388,0.00652647634541646,0.00662437532154269,0.00672075514361257,0.00681550743404058,0.00690852444800958,0.00699969927522147,0.00708892604257566,0.00717610011725246,0.00726111830965286,0.00734387907565821,0.00742428271764891,0.00750223158373851,0.00757763026465933,0.00765038578775429,0.00772040780752015,0.00778760879215751,0.00785190420559144,0.00791321268443196,0.00797145620935869,0.00802656027042322,0.00807845402577825,0.0081270704533663,0.00817234649510622,0.00821422319314568,0.00825264581777459,0.00828756398659848,0.00831893177461961,0.00834670781488363,0.00837085538938434,0.008391342509949,0.00840814198884784,0.00842123149892111,0.00843059362302566,0.00843621589265624,0.00843809081561595,0.00843621589265625,0.00843059362302565,0.0084212314989211,0.00840814198884783,0.008391342509949,0.00837085538938462,0.00834670781488335,0.00831893177461962,0.0082875639865985,0.00825264581777459,0.00821422319314595,0.00817234649510594,0.0081270704533663,0.00807845402577825,0.00802656027042294,0.00797145620935898,0.00791321268443194,0.00785190420559143,0.0077876087921578,0.00772040780752015,0.00765038578775432,0.00757763026465932,0.00750223158373851,0.00742428271764919,0.00734387907565821,0.00726111830965313,0.00717610011725248,0.00708892604257566,0.00699969927522148,0.00690852444800985,0.00681550743404058,0.00672075514361284,0.0066243753215427,0.00652647634541645,0.00642716702529389,0.00632655640537388,0.0062247535681195,0.00612186744131954,0.00601800660855481,0.00591327912351142,0.00580779232857059,0.00570165267808509,0.00559496556671824,0.00548783516322338,0.0053803642499774,0.00527265406863342,0.00516480417210768,0.00505691228325722,0.00494907416039725,0.00484138346995205
0.00530965239003128,0.005427759153408,0.00554602760917752,0.00566435503130008,0.00578263639950747,0.00590076453898675,0.00601863026784475,0.0061361225521268,0.00625312866811947,0.00636953437164976,0.00648522407405579,0.00660008102449478,0.00671398749820062,0.00682682499030459,0.0069384744147912,0.00704881630814398,0.00715773103721162,0.00726509901080726,0.00737080089453141,0.00747471782828685,0.00757673164594872,0.00767672509662667,0.00777458206694872,0.00787018780378586,0.00796342913682165,0.00805419470037334,0.0081423751538563,0.00822786340028402,0.00831055480220289,0.00839034739444153,0.00846714209308763,0.00854084290007946,0.00861135710283291,0.00867859546831756,0.0087424724310186,0.00880290627422597,0.00885981930411947,0.00891313801612398,0.0089627932530465,0.00900872035450689,0.00905085929721978,0.00908915482569878,0.00912355657298225,0.00915401917101635,0.00918050235035109,0.0092029710288484,0.00922139538912482,0.00923575094449,0.00924601859317668,0.00925218466069963,0.0092542409302009,0.00925218466069964,0.00924601859317639,0.00923575094448972,0.0092213953891251,0.0092029710288484,0.0091805023503508,0.00915401917101606,0.00912355657298225,0.0090891548256988,0.00905085929721977,0.00900872035450691,0.0089627932530465,0.00891313801612398,0.00885981930411918,0.00880290627422627,0.00874247243101858,0.00867859546831755,0.00861135710283291,0.00854084290007946,0.00846714209308763,0.00839034739444153,0.00831055480220261,0.00822786340028404,0.00814237515385602,0.00805419470037363,0.00796342913682165,0.00787018780378586,0.00777458206694842,0.00767672509662667,0.00757673164594844,0.00747471782828685,0.00737080089453143,0.0072650990108073,0.00715773103721132,0.007048816308144,0.0069384744147912,0.00682682499030463,0.0067139874982006,0.00660008102449477,0.00648522407405577,0.00636953437164978,0.00625312866811972,0.00613612255212737,0.00601863026784444,0.00590076453898564,0.00578263639950971,0.00566435503129897,0.00554602760917716,0.00542775915340937,0.00530965239003106
0.00579220706350353,0.00592104766903212,0.00605006466196815,0.00617914598026881,0.00630817705915864,0.00643704098350381,0.00656561864868526,0.00669378892970104,0.00682142885822062,0.00694841380726994,0.00707461768319808,0.00719991312454805,0.00732417170742941,0.00744726415695012,0.00756906056425614,0.00768943060868245,0.00780824378451479,0.00792536963181573,0.00804067797077261,0.00815403913898111,0.00826532423107947,0.00837440534011949,0.00848115580005128,0.00858545042868977,0.00868716577051423,0.00878618033864582,0.00888237485534968,0.00897563249039504,0.00906583909660946,0.00915288344196986,0.00923665743756551,0.00931705636078811,0.00939397907309833,0.00946732823174218,0.00953701049479318,0.00960293671891999,0.00966502214929051,0.00972318660104818,0.00977735463181853,0.00982745570472189,0.00987342434140491,0.00991520026462242,0.0099527285299352,0.00998595964612596,0.0100148496839546,0.0100393603729304,0.0100594591857895,0.0100751194104289,0.0100863202090651,0.0100930466644404,0.0100952898129287,0.0100930466644404,0.0100863202090651,0.0100751194104289,0.0100594591857898,0.0100393603729304,0.0100148496839549,0.00998595964612567,0.0099527285299352,0.00991520026462214,0.00987342434140491,0.0098274557047219,0.00977735463181854,0.00972318660104818,0.00966502214929021,0.00960293671892026,0.00953701049479347,0.0094673282317419,0.00939397907309807,0.00931705636078811,0.00923665743756551,0.00915288344196984,0.00906583909660974,0.00897563249039504,0.00888237485534994,0.00878618033864581,0.00868716577051425,0.00858545042868977,0.00848115580005099,0.00837440534011946,0.00826532423107976,0.00815403913898113,0.00804067797077235,0.00792536963181567,0.00780824378451453,0.00768943060868271,0.00756906056425585,0.00744726415695038,0.00732417170742941,0.00719991312454835,0.00707461768319809,0.00694841380726996,0.00682142885822062,0.00669378892969852,0.0065656186486841,0.0064370409835024,0.00630817705916037,0.00617914598027047,0.00605006466196673,0.00592104766903351,0.00579220706350236
0.00628770872048972,0.00642757115808115,0.00656762507236291,0.00670774881480418,0.00684781802004002,0.00698770577128571,0.00712728277496647,0.00726641754428938,0.00740497659144294,0.00754282462808172,0.007679824773714,0.00781583877158663,0.00795072721162553,0.00808434975995548,0.00821656539450437,0.00834723264616315,0.00847620984494055,0.00860335537053959,0.00872852790675176,0.0088515866990386,0.00897239181466666,0.00909080440472611,0.00920668696736066,0.00931990361151762,0.00943032032051705,0.00953780521473288,0.00964222881266583,0.00974346428969541,0.00984138773378558,0.00993587839742885,0.0100268189451133,0.0101140956956027,0.0101975988583339,0.010277222763244,0.0103528660833547,0.0104244320494545,0.0104918286562533,0.0105549688593798,0.0106137707626458,0.0106681577950062,0.0107180588766791,0.0107634085739256,0.0108041472420163,0.0108402211559445,0.0108715826284889,0.0108981901152601,0.0109200083064089,0.0109370082047117,0.0109491671897912,0.0109564690682733,0.0109589041097275,0.0109564690682733,0.0109491671897912,0.0109370082047117,0.0109200083064088,0.0108981901152598,0.0108715826284886,0.0108402211559448,0.0108041472420164,0.0107634085739256,0.0107180588766791,0.0106681577950065,0.0106137707626461,0.0105549688593798,0.010491828656253,0.0104244320494548,0.0103528660833545,0.0102772227632443,0.0101975988583339,0.0101140956956027,0.0100268189451133,0.00993587839742885,0.00984138773378529,0.00974346428969512,0.00964222881266612,0.00953780521473319,0.00943032032051733,0.0093199036115176,0.00920668696736041,0.00909080440472612,0.00897239181466666,0.0088515866990386,0.00872852790675177,0.00860335537053988,0.00847620984494027,0.00834723264616313,0.00821656539450435,0.00808434975995517,0.00795072721162554,0.00781583877158692,0.00767982477371373,0.0075428246280817,0.00740497659144296,0.00726641754428853,0.00712728277496755,0.00698770577128482,0.00684781802004225,0.00670774881480418,0.00656762507236119,0.00642757115808112,0.00628770872049028
0.0067939972661778,0.00694512147705946,0.00709645258240237,0.00724785913849337,0.00739920676602395,0.00755035832882446,0.00770117412255508,0.00785151207305973,0.00800122794404114,0.00815017555368779,0.0082982069998422,0.00844517289326853,0.00859092259854269,0.00873530448205664,0.00887816616659116,0.00901935479189378,0.00915871728065484,0.00929610060926149,0.00943135208267229,0.00956431961274445,0.00969485199931022,0.009822799213297,0.00994801268114906,0.010070345569818,0.010189653071554,0.0103057926877351,0.0104186245109665,0.0105280115046639,0.0106338197793497,0.0107359188648848,0.0108341819778594,0.0109284862833841,0.0110187131505199,0.0111047484006134,0.0111864825478011,0.0112638110309814,0.0113366344365644,0.0114048587113353,0.0114683953647963,0.0115271616603733,0.011581080794916,0.0116300820659372,0.0116741010260927,0.011713079624419,0.0117469663339025,0.0117757162649853,0.0117992912646568,0.0118176600008259,0.0118307980317146,0.011838687860053,0.0118413189719124,0.011838687860053,0.0118307980317143,0.0118176600008259,0.0117992912646565,0.0117757162649853,0.0117469663339025,0.011713079624419,0.0116741010260927,0.0116300820659374,0.011581080794916,0.0115271616603736,0.0114683953647963,0.0114048587113353,0.0113366344365644,0.0112638110309814,0.0111864825478011,0.0111047484006131,0.0110187131505196,0.0109284862833841,0.0108341819778594,0.0107359188648848,0.0106338197793497,0.0105280115046636,0.0104186245109668,0.0103057926877351,0.010189653071554,0.010070345569818,0.00994801268114906,0.00982279921329696,0.00969485199931025,0.00956431961274443,0.00943135208267229,0.00929610060926148,0.00915871728065482,0.00901935479189378,0.00887816616659112,0.00873530448205664,0.00859092259854269,0.00844517289326827,0.00829820699984218,0.0081501755536878,0.00800122794404057,0.00785151207306006,0.00770117412255283,0.00755035832882506,0.0073992067660214,0.00724785913849252,0.00709645258240343,0.00694512147705839,0.00679399726617641
0.00730775910587432,0.00747031132438744,0.007633086082714,0.0077959419973711,0.00795873452729247,0.00812131616607523,0.00828353664494308,0.00844524314609635,0.0086062805260944,0.00876649154886194,0.00892571712788504,0.00908379657711975,0.00924056787009639,0.00939586790667764,0.0095495327868856,0.00970139809117948,0.00985129916654945,0.00999907141774189,0.0101445506029225,0.0102875731330471,0.0104279763741978,0.0105655989521073,0.0107002810580935,0.0108318647555982,0.0109601942865137,0.0110851163764776,0.0112064805383029,0.0113241393727027,0.0114379488654827,0.0115477686803559,0.0116534624465557,0.0117548980404215,0.0118519478601485,0.0119444890928963,0.0120324039734843,0.0121155800339045,0.0121939103429141,0.0122672937349977,0.012335635028009,0.0123988452288374,0.0124568417264804,0.0125095484719315,0.0125568961443407,0.0125988223029321,0.0126352715242218,0.0126661955241048,0.012691553264441,0.0127113110438075,0.0127254425721403,0.0127339290290265,0.0127367591054742,0.0127339290290265,0.0127254425721403,0.0127113110438076,0.0126915532644407,0.0126661955241048,0.012635271524222,0.0125988223029321,0.0125568961443407,0.0125095484719315,0.0124568417264804,0.0123988452288374,0.012335635028009,0.0122672937349978,0.0121939103429141,0.0121155800339045,0.0120324039734843,0.0119444890928963,0.0118519478601485,0.0117548980404215,0.0116534624465557,0.0115477686803561,0.0114379488654827,0.0113241393727027,0.0112064805383026,0.0110851163764779,0.0109601942865137,0.0108318647555982,0.0107002810580935,0.0105655989521071,0.0104279763741975,0.0102875731330471,0.0101445506029225,0.00999907141774217,0.00985129916654942,0.00970139809117945,0.00954953278688558,0.00939586790667793,0.00924056787009633,0.00908379657711975,0.00892571712788504,0.00876649154886333,0.00860628052609469,0.00844524314609751,0.00828353664494508,0.00812131616607498,0.00795873452729218,0.00779594199737393,0.00763308608271346,0.00747031132438708,0.00730775910587494
0.00782405461673033,0.00799809120130995,0.00817236604821189,0.00834672778516511,0.00852102165923022,0.00869508974263146,0.00886877115005383,0.00904190226707242,0.00921431698931333,0.00938584697192109,0.00955632188887039,0.00972556970159566,0.00989341693640661,0.010059688970089,0.0102242103230781,0.0103868049595416,0.0105472965936816,0.0107055090015371,0.0108612663375354,0.0110143934550152,0.0111647162299194,0.011312061886838,0.0114562593265551,0.0115971394542429,0.0117345355074342,0.0118682833828848,0.0119982219614387,0.012124193430004,0.0122460435997363,0.0123636222195452,0.0124767832840268,0.0125853853349414,0.0126892917553756,0.0127883710557233,0.012882497150656,0.0129715496262648,0.0130554139965807,0.0131339819487129,0.0132071515758656,0.0132748275975368,0.0133369215662296,0.0133933520600524,0.0134440448606134,0.0134889331156774,0.013527957486073,0.0135610662764075,0.0135882155491831,0.013609369221962,0.013624499147277,0.0136335851750482,0.0136366151972992,0.0136335851750479,0.013624499147277,0.013609369221962,0.0135882155491832,0.0135610662764074,0.0135279574860727,0.0134889331156774,0.0134440448606137,0.0133933520600524,0.0133369215662296,0.0132748275975365,0.0132071515758656,0.0131339819487129,0.0130554139965804,0.0129715496262646,0.012882497150656,0.012788371055723,0.0126892917553756,0.0125853853349414,0.0124767832840267,0.0123636222195455,0.012246043599736,0.0121241934300037,0.011998221961439,0.011868283382885,0.0117345355074345,0.0115971394542429,0.0114562593265548,0.011312061886838,0.0111647162299194,0.0110143934550152,0.0108612663375353,0.0107055090015371,0.0105472965936813,0.0103868049595418,0.010224210323078,0.0100596889700888,0.00989341693640658,0.00972556970159594,0.0095563218888704,0.00938584697191885,0.00921431698931535,0.00904190226707247,0.00886877115005352,0.00869508974262889,0.00852102165923074,0.00834672778516482,0.00817236604821359,0.00799809120131018,0.00782405461673152
0.00833563863403466,0.0085210547832336,0.0087067247737867,0.00889248733578839,0.00907817759761595,0.00926362730522005,0.00944866505363059,0.00963311653032291,0.00981680477001268,0.00999955042044125,0.0101811720186365,0.0103614862771107,0.0105403083794148,0.0107174522844125,0.0108927310386236,0.0110659570959282,0.0112369426438963,0.0114054999359792,0.0115714416287563,0.0117345811234187,0.0118947329106247,0.0120517129178631,0.0122053388584162,0.0123554305810138,0.0125018104192499,0.0126443035398171,0.0127827382886148,0.0129169465337757,0.0130467640046574,0.0131720306258442,0.0132925908452144,0.0134082939551347,0.0135189944058501,0.0136245521101693,0.0137248327385427,0.0138197080036712,0.0139090559338005,0.0139927611338878,0.0140707150338557,0.0141428161231851,0.0142089701711476,0.0142690904319955,0.01432309783449,0.0143709211551919,0.0144124971749761,0.0144477708182925,0.0144766952747441,0.0144992321026041,0.0145153513139552,0.0145250314411817,0.0145282595846159,0.0145250314411817,0.0145153513139549,0.0144992321026044,0.0144766952747442,0.0144477708182925,0.0144124971749761,0.0143709211551919,0.0143230978344903,0.0142690904319955,0.014208970171148,0.0141428161231848,0.0140707150338555,0.0139927611338879,0.0139090559338005,0.0138197080036709,0.0137248327385427,0.0136245521101694,0.0135189944058501,0.0134082939551347,0.0132925908452147,0.0131720306258439,0.0130467640046574,0.0129169465337757,0.0127827382886145,0.0126443035398171,0.0125018104192496,0.0123554305810138,0.0122053388584162,0.0120517129178631,0.011894732910625,0.0117345811234187,0.0115714416287566,0.0114054999359791,0.0112369426438963,0.0110659570959279,0.0108927310386235,0.0107174522844122,0.0105403083794147,0.010361486277111,0.0101811720186366,0.00999955042044243,0.00981680477001412,0.00963311653032406,0.00944866505362918,0.00926362730521835,0.00907817759761631,0.00889248733578757,0.00870672477378698,0.00852105478323195,0.00833563863403208
0.00883197116245535,0.00902842762544181,0.00922515304436798,0.00942197654676445,0.00961872344398704,0.00981521546356101,0.0100112709944784,0.0102067053450471,0.0104013310128631,0.0105949579664187,0.0107873939378137,0.0109784447259949,0.0111679145099067,0.0113556061708859,0.0115413216236004,0.0117248621547906,0.0119060287690302,0.012084622540696,0.0122604449712984,0.0124332983512939,0.0126029861254787,0.0127693132610327,0.0129320866172609,0.0130911153160693,0.0132462111121832,0.0133971887621212,0.0135438663909078,0.013686065855528,0.0138236131041009,0.0139563385297718,0.0140840773183117,0.014206669788437,0.0143239617238625,0.0144358046961234,0.0145420563772277,0.0146425808412108,0.0147372488537019,0.0148259381486413,0.0149085336913156,0.0149849279269217,0.0150550210139112,0.0151187210413956,0.0151759442299637,0.0152266151152883,0.0152706667139606,0.0153080406710431,0.0153386873888873,0.0153625661368146,0.0153796451413229,0.0153899016565427,0.0153933220147143,0.0153899016565427,0.0153796451413232,0.0153625661368146,0.0153386873888876,0.0153080406710431,0.0152706667139606,0.015226615115288,0.0151759442299634,0.0151187210413953,0.015055021013911,0.014984927926922,0.0149085336913153,0.0148259381486413,0.0147372488537019,0.0146425808412108,0.0145420563772277,0.0144358046961232,0.0143239617238625,0.014206669788437,0.0140840773183117,0.0139563385297718,0.0138236131041012,0.0136860658555278,0.0135438663909078,0.0133971887621211,0.0132462111121834,0.0130911153160693,0.0129320866172609,0.0127693132610327,0.0126029861254787,0.0124332983512939,0.0122604449712984,0.0120846225406957,0.0119060287690299,0.0117248621547906,0.0115413216236005,0.0113556061708859,0.0111679145099067,0.0109784447259955,0.0107873939378135,0.0105949579664187,0.0104013310128628,0.0102067053450494,0.0100112709944801,0.00981521546356157,0.00961872344398707,0.00942197654676252,0.00922515304436744,0.00902842762544093,0.00883197116245704
0.00929775667017047,0.00950457396560046,0.00971167440132065,0.00991887809329275,0.0101260011400437,0.0103328558672643,0.010539251086042,0.0107449923643085,0.010949882311053,0.0111537208727774,0.0113563056416484,0.011557432174727,0.0117568943236354,0.0119544845739549,0.0121499943936165,0.0123432145895083,0.01253393567147,0.0127219482228262,0.012907043276561,0.013089012696213,0.0132676495605385,0.0134427485509656,0.013614106340836,0.0137815219854182,0.0139447973116517,0.0141037373065787,0.0142581505033984,0.0144078493640885,0.014552650657521,0.0146923758320186,0.0148268513812863,0.0149559092026782,0.0150793869467625,0.0151971283571702,0.0153089835997357,0.0154148095799527,0.0155144702478149,0.015607836889126,0.0156947884024063,0.0157752115605675,0.0158490012565596,0.015916060732246,0.0159763017898095,0.0160296449850426,0.0160760198019267,0.0161153648079698,0.0161476277898132,0.0161727658687005,0.0161907455954421,0.0162015430245822,0.0162051437675444,0.0162015430245821,0.0161907455954421,0.0161727658687008,0.0161476277898129,0.0161153648079696,0.016076019801927,0.0160296449850425,0.0159763017898098,0.015916060732246,0.0158490012565596,0.0157752115605677,0.0156947884024063,0.015607836889126,0.0155144702478149,0.0154148095799524,0.0153089835997354,0.0151971283571705,0.0150793869467625,0.0149559092026782,0.0148268513812863,0.0146923758320186,0.014552650657521,0.0144078493640888,0.0142581505033987,0.0141037373065788,0.0139447973116518,0.0137815219854181,0.013614106340836,0.0134427485509656,0.0132676495605385,0.013089012696213,0.0129070432765607,0.0127219482228262,0.01253393567147,0.0123432145895084,0.0121499943936165,0.0119544845739546,0.0117568943236351,0.0115574321747281,0.0113563056416484,0.0111537208727754,0.0109498823110538,0.0107449923643082,0.0105392510860411,0.0103328558672668,0.010126001140045,0.00991887809329395,0.00971167440132154,0.00950457396560161,0.00929775667016908
0.00971075258119668,0.00992675646865879,0.0101430560731848,0.0103594635204897,0.0105757867404026,0.0107918297223336,0.0110073927849724,0.0112222728597969,0.011436263787909,0.011649156629659,0.0118607399864847,0.0120708003343218,0.0122791223679129,0.0124854893552812,0.0126896835015982,0.0128914863216284,0.0130906790198941,0.0132870428776661,0.0134803596458481,0.0136704119427912,0.0138569836560428,0.0140398603470093,0.0142188296574917,0.0143936817170183,0.0145642095499048,0.0147302094809358,0.0148914815385711,0.015047829854559,0.0151990630588515,0.0153449946687056,0.0154854434708718,0.0156202338957735,0.0157491963825993,0.015872167734248,0.0159889914610879,0.0160995181125165,0.0162036055953384,0.0163011194780169,0.0163919332798811,0.0164759287444224,0.0165529960958532,0.0166230342781502,0.016685951175847,0.0167416638159144,0.0167900985500913,0.0168311912171226,0.0168648872843922,0.016891141968517,0.0169099203345311,0.0169211973733497,0.0169249580572708,0.0169211973733497,0.0169099203345314,0.016891141968517,0.0168648872843922,0.0168311912171228,0.0167900985500913,0.0167416638159143,0.0166859511758473,0.0166230342781499,0.0165529960958535,0.0164759287444224,0.0163919332798811,0.0163011194780169,0.0162036055953384,0.0160995181125162,0.0159889914610882,0.0158721677342483,0.0157491963825993,0.0156202338957735,0.0154854434708721,0.0153449946687059,0.0151990630588515,0.015047829854559,0.0148914815385709,0.0147302094809358,0.0145642095499045,0.0143936817170183,0.0142188296574917,0.0140398603470093,0.0138569836560425,0.0136704119427912,0.0134803596458481,0.0132870428776658,0.0130906790198938,0.0128914863216283,0.0126896835015982,0.0124854893552821,0.0122791223679121,0.0120708003343223,0.0118607399864863,0.0116491566296591,0.0114362637879093,0.0112222728597971,0.0110073927849733,0.0107918297223358,0.0105757867404029,0.0103594635204902,0.0101430560731841,0.00992675646865882,0.00971075258119747
0.0100384210437371,0.0102617135178574,0.0104853116873784,0.010709021338601,0.0109326439203593,0.0111559768081073,0.0113788135827188,0.0116009443235616,0.0118221559153477,0.0120422323682091,0.0122609551503934,0.0124781035329259,0.0126934549455368,0.0129067853430946,0.0131178695817526,0.0133264818039608,0.0135323958314587,0.0137353855653238,0.0139352253921138,0.0141316905951032,0.0143245577695892,0.0145136052412096,0.0146986134861944,0.0148793655524443,0.0150556474803255,0.0152272487220408,0.0153939625584396,0.0155555865121181,0.0157119227556574,0.0158627785138549,0.0160079664588101,0.0161473050967287,0.0162806191453339,0.0164077399007898,0.0165285055930586,0.0166427617286478,0.0167503614197343,0.0168511656986765,0.0169450438169865,0.0170318735278433,0.0171115413513125,0.0171839428214511,0.0172489827145562,0.0173065752578504,0.0173566443179713,0.0173991235686807,0.0174339566372756,0.0174610972292547,0.0174805092308464,0.0174921667890879,0.0174960543692009,0.0174921667890879,0.0174805092308467,0.0174610972292547,0.0174339566372756,0.0173991235686808,0.0173566443179716,0.0173065752578501,0.0172489827145559,0.0171839428214511,0.0171115413513125,0.0170318735278434,0.0169450438169862,0.0168511656986765,0.016750361419734,0.0166427617286478,0.0165285055930586,0.0164077399007901,0.0162806191453339,0.0161473050967287,0.0160079664588101,0.0158627785138549,0.0157119227556574,0.0155555865121181,0.0153939625584396,0.0152272487220409,0.0150556474803257,0.0148793655524444,0.0146986134861944,0.0145136052412096,0.0143245577695889,0.0141316905951032,0.0139352253921138,0.0137353855653237,0.0135323958314584,0.013326481803962,0.0131178695817526,0.0129067853430939,0.0126934549455368,0.0124781035329247,0.0122609551503945,0.0120422323682108,0.011822155915348,0.0116009443235615,0.0113788135827191,0.0111559768081094,0.0109326439203607,0.0107090213386024,0.0104853116873767,0.0102617135178558,0.0100384210437362
0.0102327064111214,0.01046032052708,0.0106882462549214,0.0109162856221009,0.0111442362346582,0.0113718915464168,0.0115990411431778,0.011825471041468,0.0120509640013291,0.0122752998525869,0.0124982558339873,0.0127196069445278,0.0129391263062747,0.0131565855378876,0.0133717551380459,0.013584404877913,0.0137943042017346,0.0140012226346298,0.014204930196594,0.0144051978216951,0.0146017977814156,0.0147945041110699,0.0149830930381846,0.0151673434117326,0.0153470371310668,0.0155219595734114,0.0156919000187374,0.0158566520708571,0.0160160140735649,0.0161697895206531,0.0163177874586447,0.0164598228810814,0.0165957171132432,0.0167252981861705,0.0168484011988988,0.0169648686678425,0.0170745508622849,0.0171773061249808,0.0172730011769124,0.017361511405273,0.0174427211338171,0.0175165238747498,0.0175828225613911,0.0176415297609031,0.0176925678664249,0.0177358692680276,0.0177713765019617,0.017799042377734,0.0178188300826207,0.0178307132632959,0.0178346760843184,0.0178307132632959,0.0178188300826207,0.017799042377734,0.0177713765019619,0.0177358692680276,0.0176925678664249,0.0176415297609031,0.0175828225613914,0.0175165238747498,0.0174427211338171,0.0173615114052733,0.0172730011769126,0.0171773061249809,0.0170745508622848,0.0169648686678425,0.0168484011988988,0.0167252981861705,0.0165957171132432,0.0164598228810814,0.0163177874586447,0.0161697895206531,0.0160160140735646,0.0158566520708571,0.0156919000187377,0.0155219595734114,0.0153470371310668,0.0151673434117323,0.0149830930381846,0.0147945041110699,0.0146017977814156,0.0144051978216954,0.0142049301965949,0.0140012226346286,0.0137943042017357,0.013584404877912,0.0133717551380474,0.0131565855378896,0.0129391263062751,0.0127196069445281,0.012498255833987,0.0122752998525866,0.0120509640013299,0.011825471041468,0.0115990411431756,0.0113718915464159,0.0111442362346577,0.010916285622102,0.0106882462549197,0.0104603205270809,0.0102327064111214
0.0102216940280702,0.0104490631869532,0.0106767436223649,0.0109045375748157,0.0111322428681626,0.0113596531785114,0.0115865583181099,0.0118127445337735,0.0120379948193364,0.0122620892415697,0.0124848052789541,0.0127059181726323,0.0129252012888343,0.0131424264920037,0.013357364527807,0.0135697854151792,0.0137794588464886,0.013986154594891,0.0141896429278837,0.0143896950260541,0.0145860834059662,0.014778582346115,0.0149669683148509,0.0151510203991479,0.0153305207330775,0.0155052549248399,0.0156750124811817,0.015839587228038,0.015998777726224,0.0161523876810118,0.0163002263444263,0.016442108909113,0.0165778568926405,0.0167072985111209,0.0168302690410561,0.0169466111683421,0.0170561753234024,0.0171588200014429,0.0172544120668799,0.0173428270410135,0.0174239493720887,0.0174976726869124,0.0175639000232677,0.0176225440424105,0.017673527221,0.0177167820218698,0.0177522510431116,0.0177798871450186,0.0177996535544849,0.0178115239465452,0.0178154825028013,0.0178115239465452,0.0177996535544847,0.0177798871450183,0.0177522510431116,0.0177167820218698,0.017673527221,0.0176225440424103,0.0175639000232674,0.0174976726869124,0.017423949372089,0.0173428270410135,0.0172544120668797,0.0171588200014429,0.0170561753234024,0.0169466111683423,0.0168302690410558,0.0167072985111209,0.0165778568926405,0.016442108909113,0.0163002263444266,0.0161523876810121,0.0159987777262243,0.0158395872280395,0.0156750124811832,0.0155052549248388,0.0153305207330766,0.0151510203991471,0.0149669683148509,0.0147785823461158,0.0145860834059679,0.0143896950260524,0.0141896429278839,0.0139861545948887,0.0137794588464891,0.0135697854151789,0.0133573645278078,0.0131424264920034,0.0129252012888363,0.0127059181726317,0.0124848052789518,0.0122620892415694,0.012037994819335,0.0118127445337728,0.0115865583181122,0.0113596531785122,0.0111322428681629,0.0109045375748155,0.0106767436223639,0.0104490631869513,0.0102216940280698
0.00989592014801041,0.0101160428629194,0.0103364669337151,0.0105570009036684,0.0107774490401564,0.0109976115949994,0.0112172850793041,0.0114362625523768,0.0116543339242184,0.0118712862710552,0.0120869041633128,0.012300970005386,0.0125132643865114,0.012723566442002,0.0129316542240507,0.0131373050812798,0.013340296046153,0.0135404042293469,0.0137374072201248,0.0139310834917391,0.0141212128108391,0.0143075766498523,0.0144899586012685,0.0146681447927427,0.0148419243019149,0.0150110895698307,0.0151754368118304,0.0153347664247884,0.0154888833895543,0.0156375976674759,0.0157807245898746,0.0159180852393587,0.0160495068218842,0.0161748230284525,0.0162938743854446,0.0164065085924872,0.0165125808469081,0.0166119541537904,0.0167044996206914,0.0167900967361491,0.0168686336311439,0.0169400073226796,0.0170041239388109,0.0170608989243449,0.0171102572266807,0.0171521334611158,0.0171864720551846,0.0172132273715666,0.0172323638091406,0.017243855881947,0.0172476882757255,0.017243855881947,0.0172323638091406,0.0172132273715666,0.0171864720551845,0.017152133461113,0.0171102572266807,0.0170608989243449,0.017004123938811,0.0169400073226824,0.0168686336311439,0.016790096736151,0.0167044996206903,0.0166119541537898,0.0165125808469062,0.0164065085924852,0.0162938743854438,0.0161748230284531,0.0160495068218822,0.0159180852393576,0.015780724589876,0.0156375976674753,0.0154888833895548,0.0153347664247873,0.0151754368118315,0.0150110895698309,0.0148419243019161,0.0146681447927416,0.014489958601268,0.0143075766498507,0.0141212128108397,0.0139310834917386,0.013737407220124,0.0135404042293463,0.0133402960461538,0.0131373050812792,0.0129316542240518,0.0127235664420006,0.0125132643865117,0.0123009700053874,0.0120869041633136,0.0118712862710538,0.0116543339242181,0.0114362625523753,0.0112172850793041,0.0109976115949986,0.0107774490401577,0.0105570009036687,0.0103364669337137,0.0101160428629192,0.00989592014801077
0.00908518291027136,0.00928727176080188,0.0094896372782122,0.00969210369113668,0.00989449130262354,0.0100966167291451,0.0102982931529233,0.010499330587173,0.0106995361538146,0.0108987143731561,0.0110966674649946,0.0112931956605531,0.0114880975246041,0.0116811702871121,0.0118722101836585,0.0120610128038935,0.0122473734472111,0.0124310874848112,0.0126119507272704,0.0127897597967332,0.0129643125027774,0.0131354082210084,0.0133028482734106,0.0134664363094308,0.013625978686823,0.0137812848511918,0.0139321677132206,0.0140784440225585,0.0142199347372725,0.0143564653878895,0.0144878664349817,0.0146139736192138,0.014734628302936,0.0148496778022514,0.0149589757086419,0.0150623821991575,0.0151597643342885,0.0152509963426261,0.0153359598914145,0.015414544342271,0.0154866469911947,0.015552173292226,0.0156110370640039,0.0156631606786446,0.0157084752323358,0.0157469206971062,0.0157784460533474,0.0158030094026373,0.0158205780605298,0.0158311286290364,0.0158346470485433,0.0158311286290364,0.0158205780605326,0.0158030094026374,0.0157784460533474,0.0157469206971062,0.0157084752323358,0.0156631606786447,0.015611037064004,0.015552173292226,0.0154866469911975,0.0154145443422711,0.0153359598914145,0.0152509963426233,0.0151597643342913,0.0150623821991576,0.0149589757086419,0.0148496778022513,0.0147346283029333,0.0146139736192138,0.0144878664349845,0.0143564653878895,0.0142199347372725,0.0140784440225613,0.0139321677132235,0.0137812848511918,0.0136259786868245,0.0134664363094337,0.0133028482734122,0.0131354082210087,0.0129643125027782,0.0127897597967342,0.0126119507272696,0.0124310874848126,0.0122473734472105,0.0120610128038912,0.0118722101836574,0.0116811702871147,0.0114880975246041,0.0112931956605551,0.0110966674649958,0.0108987143731558,0.0106995361538151,0.0104993305871738,0.010298293152922,0.0100966167291462,0.00989449130262332,0.0096921036911356,0.00948963727821361,0.00928727176080313,0.0090851829102705
0.00751778822440324,0.00768501228536125,0.00785246528205241,0.00802000176755341,0.00818747304660497,0.00835472737338827,0.00852161016031641,0.00868796419752069,0.00885362988265059,0.00901844546057678,0.00918224727255001,0.00934487001431777,0.00950614700267877,0.00966591044990622,0.00982399174544235,0.00998022174424062,0.0101344310610651,0.0102864503701071,0.0104361107091237,0.0105832437874331,0.0107276822969287,0.010869260225348,0.0110078131710284,0.0111431786582136,0.0112751964522316,0.0114037088735221,0.0115285611098112,0.0116496015254748,0.0117666819672697,0.011879658065565,0.0119883895302197,0.0120927404402676,0.0121925795265539,0.0122877804465258,0.0123782220503691,0.0124637886376811,0.0125443702039504,0.0126198626761144,0.0126901681364329,0.0127551950340885,0.0128148583837842,0.0128690799508284,0.0129177884220484,0.0129609195620851,0.0129984163545534,0.0130302291276331,0.0130563156637306,0.0130766412928205,0.0130911789692477,0.0130999093316935,0.0131028207461341,0.0130999093316906,0.0130911789692477,0.0130766412928205,0.0130563156637307,0.0130302291276359,0.0129984163545535,0.0129609195620851,0.0129177884220457,0.0128690799508255,0.0128148583837842,0.0127551950340857,0.0126901681364329,0.0126198626761144,0.0125443702039504,0.0124637886376811,0.0123782220503691,0.0122877804465258,0.0121925795265511,0.0120927404402677,0.0119883895302226,0.011879658065565,0.0117666819672696,0.0116496015254748,0.0115285611098112,0.0114037088735221,0.0112751964522316,0.0111431786582164,0.0110078131710256,0.010869260225348,0.0107276822969259,0.0105832437874331,0.0104361107091236,0.0102864503701071,0.0101344310610651,0.00998022174423779,0.00982399174544379,0.009665910449907,0.00950614700267954,0.00934487001431672,0.00918224727255001,0.00901844546057762,0.00885362988264865,0.00868796419752044,0.00852161016031561,0.00835472737338683,0.00818747304660472,0.00802000176755424,0.00785246528205408,0.007685012285362,0.00751778822440397
0.00474573452340438,0.00485129761929703,0.00495700523485149,0.00506276555416879,0.00516848471078107,0.00527406691250187,0.00537941457322993,0.00548442845150182,0.00558900779555649,0.00569305049466046,0.00579645323638217,0.00589911166953794,0.00600092057245422,0.00610177402621587,0.00620156559247953,0.00630018849548608,0.00639753580786423,0.00649350063975201,0.00658797633080305,0.00668085664459001,0.00677203596496195,0.0068614094938011,0.0069488734496872,0.00703432526698505,0.00711766379476192,0.00719878949506064,0.00727760463994087,0.00735401350677939,0.00742792257125952,0.00749924069754859,0.00756787932505215,0.0076337526512989,0.00769677781035499,0.00775687504628064,0.00781396788115246,0.00786798327708088,0.00791885179180896,0.00796650772739921,0.00801088927158067,0.00805193863130454,0.00808960215812621,0.00812383046503523,0.00815457853435342,0.00818180581639338,0.00820547631857416,0.00822555868468866,0.00824202626414766,0.00825485717089885,0.00826403433189909,0.00826954552498166,0.00827138340596506,0.00826954552498177,0.00826403433189909,0.0082548571708988,0.00824202626414766,0.00822555868468583,0.00820547631857427,0.00818180581639621,0.00815457853435614,0.00812383046503806,0.00808960215812621,0.00805193863130177,0.00801088927158078,0.00796650772739932,0.00791885179180896,0.00786798327708371,0.00781396788115241,0.0077568750462807,0.00769677781035216,0.00763375265129895,0.00756787932505215,0.00749924069754859,0.00742792257125946,0.00735401350677656,0.00727760463994082,0.00719878949506059,0.00711766379476186,0.007034325266985,0.0069488734496872,0.00686140949380387,0.00677203596496478,0.00668085664459284,0.00658797633080299,0.0064935006397549,0.00639753580786423,0.00630018849548319,0.00620156559247675,0.00610177402621587,0.00600092057245422,0.00589911166953788,0.00579645323638206,0.00569305049466051,0.00558900779555649,0.00548442845150188,0.0053794145732291,0.00527406691250221,0.00516848471078057,0.00506276555417018,0.0049570052348521,0.00485129761929559,0.00474573452340377
0,0,0,0,0,0,0,0,0,0,0,0,0,0,0,0,0,0,0,0,0,0,0,0,0,0,0,0,0,0,0,0,0,0,0,0,0,0,0,0,0,0,0,0,0,0,0,0,0,0,0,0,0,0,0,0,0,0,0,0,0,0,0,0,0,0,0,0,0,0,0,0,0,0,0,0,0,0,0,0,0,0,0,0,0,0,0,0,0,0,0,0,0,0,0,0,0,0,0,0,0
-0.00401577197366582,-0.00410509793992958,-0.00419454619664417,-0.00428403905052127,-0.00437349707311074,-0.00446283920645246,-0.00455198287459285,-0.00464084410084531,-0.00472933763051847,-0.0048173770589941,-0.00490487496477598,-0.00499174304740774,-0.00507789226982808,-0.00516323300498162,-0.005247675186275,-0.00533112846161166,-0.00541350235059174,-0.00549470640456184,-0.00557465036907018,-0.00565324434839676,-0.00573039897167371,-0.00580602556025073,-0.00588003629579043,-0.00595234438873482,-0.00602286424662435,-0.00609151164187938,-0.00615820387852639,-0.00622285995746974,-0.00628540073978301,-0.00634574910763874,-0.00640383012234425,-0.00645957117908713,-0.00651290215790923,-0.00656375557049305,-0.00661206670232173,-0.00665777374978582,-0.00670081795185118,-0.00674114371587764,-0.00677869873721326,-0.00681343411220914,-0.0068453044443364,-0.00687426794301504,-0.0069002865149338,-0.00692332584754018,-0.00694335548442371,-0.00696034889242036,-0.00697428352019158,-0.00698514084806712,-0.00699290642908712,-0.00699756992103118,-0.00699912510936318,-0.00699756992103129,-0.00699290642908712,-0.00698514084806712,-0.00697428352019169,-0.00696034889242314,-0.00694335548442382,-0.00692332584754018,-0.00690028651493646,-0.00687426794301782,-0.00684530444433629,-0.00681343411221191,-0.00677869873721049,-0.00674114371588042,-0.00670081795185395,-0.00665777374978582,-0.00661206670232173,-0.00656375557049316,-0.00651290215790934,-0.00645957117908702,-0.00640383012234436,-0.00634574910763874,-0.00628540073978312,-0.00622285995746974,-0.00615820387852639,-0.00609151164187949,-0.00602286424662146,-0.00595234438873193,-0.00588003629579048,-0.00580602556025078,-0.00573039897167371,-0.00565324434839398,-0.0055746503690729,-0.00549470640456184,-0.00541350235059168,-0.00533112846161177,-0.005247675186275,-0.00516323300498167,-0.00507789226982813,-0.00499174304740768,-0.00490487496477876,-0.00481737705899421,-0.0047293376305213,-0.00464084410084542,-0.00455198287459291,-0.00446283920644974,-0.00437349707311074,-0.00428403905052122,-0.00419454619664417,-0.00410509793992964,-0.00401577197366298
-0.00394501707704142,-0.00403276918663287,-0.00412064143201463,-0.00420855748878562,-0.00429643932796842,-0.00438420731978589,-0.00447178034321222,-0.00455907590116367,-0.00464601024107925,-0.00473249848071855,-0.00481845473888698,-0.0049037922709157,-0.00498842360851509,-0.00507226070378697,-0.00515521507704708,-0.00523719796813188,-0.00531812049083963,-0.00539789379015215,-0.00547642920184277,-0.00555363841407447,-0.00562943363063406,-0.00570372773532268,-0.00577643445709219,-0.0058474685355594,-0.0059167458863314,-0.00598418376586085,-0.00604970093521562,-0.00611321782243723,-0.00617465668297268,-0.00623394175775427,-0.00629099942845313,-0.0063457583694928,-0.00639814969638208,-0.00644810710989863,-0.0064955670357425,-0.00654046875923653,-0.00658275455468027,-0.0066223698089265,-0.00665926313888987,-0.00669338650257811,-0.00672469530330522,-0.00675314848681596,-0.00677870863097496,-0.00680134202777971,-0.00682101875745278,-0.00683771275432232,-0.00685140186437583,-0.00686206789425758,-0.00686969665155535,-0.00687427797626383,-0.00687580576333613,-0.00687427797626095,-0.00686969665155535,-0.00686206789425758,-0.00685140186437583,-0.00683771275431955,-0.00682101875745267,-0.00680134202777971,-0.00677870863097207,-0.00675314848681308,-0.00672469530330522,-0.00669338650257822,-0.00665926313889265,-0.0066223698089265,-0.00658275455468016,-0.0065404687592393,-0.00649556703573961,-0.0064481071098984,-0.00639814969638208,-0.0063457583694928,-0.00629099942845024,-0.00623394175775427,-0.00617465668297268,-0.00611321782243734,-0.00604970093521562,-0.00598418376586074,-0.00591674588633129,-0.0058474685355564,-0.00577643445709497,-0.00570372773532257,-0.00562943363063684,-0.00555363841407441,-0.00547642920184288,-0.00539789379015509,-0.00531812049084246,-0.00523719796812905,-0.00515521507704708,-0.00507226070378697,-0.00498842360851792,-0.00490379227091564,-0.00481845473888709,-0.00473249848071577,-0.00464601024108191,-0.00455907590116378,-0.00447178034321494,-0.00438420731978861,-0.00429643932796853,-0.00420855748878279,-0.00412064143201474,-0.00403276918663553,-0.00394501707703865
-0.00350651441245986,-0.00358451256329384,-0.00366261749639335,-0.00374076137109042,-0.0038188748316117,-0.00389688709930402,-0.00397472607003385,-0.00405231841656251,-0.00412958969572275,-0.00420646446023387,-0.00428286637490843,-0.0043587183370527,-0.00443394260078617,-0.00450846090504925,-0.00458219460498732,-0.00465506480644684,-0.00472699250324315,-0.00479789871690617,-0.00486770463855168,-0.00493633177252473,-0.00500370208146517,-0.00506973813245704,-0.00513436324377847,-0.00519750163203714,-0.00525907855913488,-0.00531902047874888,-0.00537725518195264,-0.00543371194148778,-0.00548832165438717,-0.00554101698246823,-0.00559173249034373,-0.00564040478053252,-0.00568697262529161,-0.00573137709479854,-0.0057735616812622,-0.00581347241866159,-0.00585105799769792,-0.0058862698756833,-0.00591906238094397,-0.00594939281151863,-0.005977221527805,-0.00600251203887292,-0.0060252310821951,-0.00604534869653151,-0.00606283828779086,-0.00607767668759374,-0.00608984420442937,-0.00609932466719643,-0.00610610546101442,-0.00611017755520427,-0.00611153552331634,-0.00611017755520149,-0.00610610546101431,-0.00609932466719643,-0.00608984420442937,-0.00607767668759363,-0.00606283828779086,-0.00604534869653128,-0.00602523108219499,-0.00600251203887581,-0.005977221527805,-0.00594939281151596,-0.00591906238094109,-0.0058862698756833,-0.00585105799769792,-0.0058134724186617,-0.0057735616812622,-0.00573137709479865,-0.00568697262529438,-0.00564040478053263,-0.00559173249034395,-0.00554101698246823,-0.00548832165438717,-0.0054337119414849,-0.00537725518195264,-0.00531902047875177,-0.00525907855913788,-0.00519750163204002,-0.00513436324377847,-0.00506973813245426,-0.00500370208146794,-0.00493633177252473,-0.00486770463855446,-0.00479789871690617,-0.00472699250324315,-0.00465506480644695,-0.00458219460498732,-0.00450846090504931,-0.00443394260078622,-0.0043587183370527,-0.00428286637490849,-0.0042064644602311,-0.00412958969572275,-0.00405231841656239,-0.0039747260700338,-0.00389688709930414,-0.00381887483161159,-0.00374076137109047,-0.00366261749639329,-0.00358451256329384,-0.00350651441246275
-0.00308936723264303,-0.00315808645151594,-0.00322689974946466,-0.00329574735638211,-0.00336456816730069,-0.00343329982364049,-0.00350187879903069,-0.00357024048949278,-0.00363831930788111,-0.00370604878238662,-0.00377336165892084,-0.00384019000719071,-0.00390646533024797,-0.00397211867722735,-0.00403708075915188,-0.00410128206739085,-0.00416465299459845,-0.0042271239578755,-0.00428862552370812,-0.00434908853455629,-0.00440844423666398,-0.00446662440879408,-0.00452356149156097,-0.00457918871702734,-0.00463344023819112,-0.00468625125806432,-0.00473755815793742,-0.00478729862452509,-0.00483541177558466,-0.00488183828371669,-0.00492652049795728,-0.0049694025628122,-0.0050104305344012,-0.00504955249340389,-0.00508671865438726,-0.00512188147131321,-0.0051549957388306,-0.00518601868904478,-0.00521491008355035,-0.0052416323003579,-0.0052661504155338,-0.00528843227923081,-0.00530844858594814,-0.00532617293874327,-0.00534158190724998,-0.00535465507928157,-0.00536537510589186,-0.00537372773975486,-0.00537970186669767,-0.00538328953036638,-0.0053844859498563,-0.0053832895303636,-0.00537970186669778,-0.00537372773975486,-0.00536537510589175,-0.00535465507927868,-0.00534158190724987,-0.00532617293874327,-0.00530844858594814,-0.00528843227923081,-0.00526615041553402,-0.00524163230035779,-0.00521491008355035,-0.00518601868904767,-0.0051549957388306,-0.00512188147131298,-0.00508671865438726,-0.00504955249340377,-0.00501043053440398,-0.00496940256281209,-0.00492652049795717,-0.00488183828371669,-0.00483541177558477,-0.00478729862452532,-0.00473755815793742,-0.00468625125806421,-0.00463344023818824,-0.00457918871702734,-0.00452356149156385,-0.00446662440879397,-0.00440844423666664,-0.00434908853455629,-0.00428862552370801,-0.00422712395787828,-0.00416465299460123,-0.00410128206738791,-0.00403708075915477,-0.00397211867722735,-0.00390646533024519,-0.00384019000719082,-0.00377336165891795,-0.00370604878238667,-0.00363831930788117,-0.00357024048949284,-0.00350187879903063,-0.00343329982364049,-0.00336456816730069,-0.00329574735638216,-0.00322689974946466,-0.00315808645151594,-0.00308936723264308
-0.00274031484531417,-0.00280126981811496,-0.00286230824045647,-0.00292337709537055,-0.00298442218183154,-0.0030453881868498,-0.00310621876158923,-0.00316685660135252,-0.00322724352936316,-0.00328732058413639,-0.00334702811029308,-0.00340630585264862,-0.00346509305338122,-0.00352332855205695,-0.00358095088830657,-0.00363789840693995,-0.00369410936521275,-0.00374952204203716,-0.00380407484886436,-0.00385770644191885,-0.00391035583559607,-0.0039619625166385,-0.00401246655885878,-0.00406180873810358,-0.00410993064710052,-0.00415677480994925,-0.00420228479591722,-0.00424640533217246,-0.00428908241526638,-0.0043302634209158,-0.00436989721184555,-0.00440793424340091,-0.00444432666656236,-0.00447902842810366,-0.00451199536761338,-0.00454318531104825,-0.00457255816057778,-0.00460007598044798,-0.00462570307858823,-0.00464940608373632,-0.00467115401783613,-0.00469091836350244,-0.00470867312631162,-0.00472439489178367,-0.00473806287683298,-0.00474965897554525,-0.00475916779914898,-0.00476657671005354,-0.00477187584981964,-0.00477505816103685,-0.00477611940298395,-0.00477505816103696,-0.00477187584981975,-0.00476657671005354,-0.00475916779914898,-0.00474965897554813,-0.00473806287683287,-0.00472439489178644,-0.0047086731263144,-0.00469091836350233,-0.00467115401783602,-0.00464940608373343,-0.00462570307858556,-0.00460007598044798,-0.00457255816058044,-0.00454318531104814,-0.00451199536761326,-0.00447902842810366,-0.00444432666655958,-0.00440793424340091,-0.00436989721184566,-0.0043302634209158,-0.00428908241526638,-0.00424640533216958,-0.00420228479591722,-0.00415677480994936,-0.00410993064709775,-0.0040618087381008,-0.0040124665588589,-0.00396196251663838,-0.00391035583559585,-0.00385770644192163,-0.00380407484886447,-0.00374952204204004,-0.00369410936520997,-0.00363789840693995,-0.00358095088830368,-0.00352332855205695,-0.00346509305338116,-0.00340630585264867,-0.00334702811029308,-0.00328732058413639,-0.00322724352936599,-0.00316685660134974,-0.00310621876158623,-0.00304538818684996,-0.00298442218183148,-0.00292337709537049,-0.00286230824045641,-0.00280126981811213,-0.00274031484531145
-0.00245835549982254,-0.00251303862970981,-0.00256779662276696,-0.00262258191709219,-0.00267734588857416,-0.00273203891554524,-0.00278661044706668,-0.00284100907470558,-0.00289518260766702,-0.00294907815118911,-0.00300264218801916,-0.00305582066281773,-0.00310855906931534,-0.00316080254005918,-0.00321249593852918,-0.00326358395342352,-0.00331401119489716,-0.00336372229253878,-0.00341266199482115,-0.00346077526982536,-0.00350800740693713,-0.00355430411929558,-0.0035996116467033,-0.00364387685875733,-0.00368704735788672,-0.00372907158206537,-0.00376989890688073,-0.00380947974670598,-0.00384776565466327,-0.00388470942114394,-0.003920265170541,-0.00395438845600438,-0.00398703635184006,-0.00401816754338402,-0.00404774241402084,-0.00407572312912363,-0.00410207371665539,-0.00412676014417579,-0.00414975039209065,-0.00417101452280366,-0.00419052474568904,-0.00420825547759929,-0.00422418339875463,-0.0042382875038659,-0.00425054914828127,-0.00426095208905897,-0.00426948252082282,-0.00427612910630604,-0.00428088300143148,-0.00428373787495351,-0.00428468992247955,-0.00428373787495062,-0.00428088300143137,-0.00427612910630604,-0.00426948252082571,-0.00426095208905886,-0.00425054914828127,-0.0042382875038659,-0.00422418339875452,-0.0042082554775994,-0.00419052474569159,-0.00417101452280633,-0.00414975039209076,-0.00412676014417579,-0.00410207371665261,-0.00407572312912374,-0.00404774241402084,-0.00401816754338125,-0.00398703635184006,-0.0039543884560046,-0.003920265170541,-0.00388470942114394,-0.00384776565466338,-0.00380947974670887,-0.00376989890688084,-0.00372907158206526,-0.00368704735788383,-0.00364387685875744,-0.0035996116467033,-0.00355430411929836,-0.00350800740693991,-0.00346077526982524,-0.00341266199482115,-0.0033637222925359,-0.00331401119489716,-0.00326358395342352,-0.00321249593853201,-0.00316080254005635,-0.00310855906931529,-0.00305582066281773,-0.00300264218802193,-0.00294907815118906,-0.00289518260766408,-0.00284100907470264,-0.00278661044706674,-0.0027320389155453,-0.00267734588857138,-0.00262258191709219,-0.00256779662276707,-0.00251303862971264,-0.00245835549982232
-0.00263557358638489,-0.00269419871719634,-0.0027529041079149,-0.00281163876799939,-0.00287035056811502,-0.00292898630947025,-0.00298749179700475,-0.00304581191634828,-0.00310389071437306,-0.0031616714832432,-0.00321909684774579,-0.00327610885579316,-0.00333264907186809,-0.00338865867323473,-0.00344407854867568,-0.00349884939961675,-0.00355291184326012,-0.00360620651764443,-0.00365867418827837,-0.00371025585609186,-0.00376089286648629,-0.00381052701917162,-0.00385910067847839,-0.00390655688393071,-0.003952839460727,-0.00399789312983378,-0.00404166361742464,-0.00408409776333052,-0.0041251436282389,-0.00416475059928711,-0.00420286949379534,-0.00423945266081716,-0.00427445408022831,-0.00430782945907582,-0.00433953632485784,-0.0043695341155171,-0.00439778426586357,-0.00442425029013527,-0.00444889786049296,-0.00447169488120591,-0.00449261155826997,-0.00451162046429987,-0.00452869659844179,-0.00454381744117782,-0.00455696300378705,-0.00456811587241768,-0.00457726124648639,-0.00458438697143992,-0.0045894835656608,-0.00459254424148214,-0.0045935649202733,-0.00459254424148225,-0.00458948356565791,-0.00458438697144259,-0.00457726124648639,-0.00456811587241479,-0.00455696300378705,-0.00454381744117771,-0.00452869659844179,-0.00451162046430253,-0.00449261155826997,-0.00447169488120325,-0.00444889786049318,-0.00442425029013527,-0.00439778426586634,-0.0043695341155171,-0.00433953632485773,-0.0043078294590787,-0.00427445408023108,-0.00423945266081716,-0.00420286949379545,-0.00416475059929,-0.0041251436282389,-0.00408409776333052,-0.00404166361742464,-0.00399789312983367,-0.00395283946072977,-0.0039065568839306,-0.00385910067847561,-0.00381052701917162,-0.00376089286648917,-0.00371025585608897,-0.00365867418827837,-0.0036062065176472,-0.00355291184325723,-0.00349884939961675,-0.00344407854867845,-0.00338865867323468,-0.00333264907187092,-0.0032761088557931,-0.00321909684774591,-0.00316167148324598,-0.003103890714373,-0.00304581191634556,-0.00298749179700197,-0.00292898630946736,-0.00287035056811502,-0.00281163876799939,-0.00275290410791484,-0.00269419871719645,-0.00263557358638766
-0.00337074291980283,-0.00344572099881657,-0.00352080172550856,-0.0035959198859904,-0.00367100880992394,-0.00374600045919421,-0.00382082552152435,-0.00389541350888983,-0.0039696928605466,-0.00404359105051844,-0.00411703469929553,-0.00418994968959147,-0.00426226128582413,-0.00433389425718511,-0.00440477300393638,-0.00447482168668634,-0.00454396435835169,-0.00461212509849807,-0.00467922814969279,-0.00474519805562701,-0.0048099598005269,-0.00487343894965908,-0.00493556179041132,-0.00499625547370242,-0.00505544815526904,-0.00511306913649767,-0.00516904900437032,-0.00522331977017743,-0.0052758150066019,-0.00532646998278108,-0.00537522179697381,-0.00542200950643279,-0.00546677425414488,-0.00550945939202874,-0.00555001060027338,-0.0055883760024007,-0.00562450627581002,-0.00565835475736542,-0.0056898775437898,-0.0057190335865428,-0.0057457847808482,-0.0057700960487066,-0.00579193541549727,-0.00581127408008453,-0.00582808647808675,-0.00584235033820513,-0.00585404673137802,-0.00586316011264021,-0.00586967835556218,-0.00587359277912936,-0.00587489816700471,-0.00587359277912947,-0.00586967835556218,-0.00586316011264021,-0.00585404673137779,-0.00584235033820513,-0.00582808647808675,-0.00581127408008453,-0.00579193541549727,-0.00577009604870682,-0.00574578478084808,-0.0057190335865398,-0.00568987754378969,-0.00565835475736265,-0.00562450627581013,-0.0055883760024007,-0.00555001060027327,-0.00550945939203151,-0.00546677425414199,-0.00542200950643279,-0.00537522179697369,-0.00532646998278108,-0.0052758150066019,-0.00522331977017743,-0.00516904900437032,-0.00511306913650056,-0.00505544815526915,-0.00499625547369975,-0.00493556179040866,-0.00487343894965908,-0.00480995980052978,-0.00474519805562701,-0.00467922814969568,-0.00461212509849529,-0.00454396435835169,-0.00447482168668645,-0.00440477300393627,-0.00433389425718522,-0.0042622612858243,-0.00418994968959141,-0.00411703469929847,-0.00404359105051566,-0.0039696928605466,-0.00389541350888711,-0.0038208255215243,-0.00374600045919404,-0.00367100880992388,-0.00359591988599028,-0.00352080172550862,-0.00344572099881646,-0.00337074291980266
-0.00450356811424063,-0.00460374451271911,-0.00470405805628066,-0.00480442161422656,-0.00490474610992392,-0.00500494063929557,-0.00510491259588619,-0.00520456780234996,-0.0053038106481037,-0.00540254423294445,-0.00550067051629466,-0.00559809047182025,-0.00569470424712881,-0.00579041132816005,-0.0058851107079233,-0.00597870105923914,-0.00607108091105957,-0.00616214882791211,-0.00625180359213862,-0.00633994438837415,-0.00642647098987315,-0.00651128394616518,-0.00659428477163149,-0.00667537613436742,-0.00675446204499852,-0.00683144804480418,-0.00690624139273599,-0.00697875125072434,-0.00704888886683019,-0.00711656775572278,-0.00718170387589734,-0.0072442158032292,-0.0073040249002847,-0.00736105548093546,-0.00741523496978036,-0.00746649405593125,-0.00751476684064234,-0.00755999097842763,-0.00760210781118353,-0.00764106249494223,-0.00767680411884464,-0.00770928581600738,-0.00773846486592555,-0.00776430278809237,-0.00778676542655676,-0.00780582302517607,-0.0078214502932854,-0.0078336264616371,-0.00784233532840517,-0.0078475652950859,-0.00784930939226536,-0.00784756529508313,-0.00784233532840239,-0.00783362646163999,-0.00782145029328274,-0.00780582302517596,-0.00778676542655676,-0.00776430278809226,-0.00773846486592566,-0.0077092858160045,-0.00767680411884486,-0.00764106249494223,-0.0076021078111862,-0.00755999097842763,-0.00751476684064245,-0.00746649405593125,-0.00741523496978025,-0.00736105548093546,-0.0073040249002847,-0.00724421580322909,-0.00718170387589756,-0.00711656775572278,-0.00704888886683019,-0.00697875125072123,-0.00690624139273599,-0.00683144804480418,-0.00675446204499586,-0.00667537613436464,-0.00659428477163149,-0.00651128394616785,-0.00642647098987037,-0.00633994438837704,-0.0062518035921415,-0.00616214882791488,-0.00607108091105946,-0.00597870105923914,-0.00588511070792053,-0.00579041132815727,-0.0056947042471317,-0.00559809047181736,-0.00550067051629188,-0.0054025442329444,-0.0053038106481037,-0.00520456780234702,-0.00510491259588886,-0.00500494063929846,-0.00490474610992675,-0.00480442161422656,-0.00470405805628071,-0.00460374451271917,-0.0045035681142378
-0.00592978981789521,-0.00606169078455904,-0.00619377232837415,-0.00632591972548047,-0.00645801568983373,-0.00658994052920825,-0.00672157230988452,-0.00685278702976327,-0.0069834587996393,-0.00711346003227109,-0.00724266163888421,-0.00737093323280641,-0.00749814333967597,-0.0076241596139251,-0.00774884906096651,-0.00787207826461822,-0.0079937136192505,-0.00811362156610307,-0.00823166883319526,-0.00834772267823614,-0.00846165113396447,-0.00857332325525217,-0.00868260936733734,-0.00878938131457307,-0.00889351270898842,-0.00899487917801922,-0.00909335861071858,-0.00918883140177518,-0.00928118069267114,-0.00937029260927857,-0.0094560564952465,-0.00953836514047601,-0.00961711500408002,-0.00969220643111868,-0.00976354386249645,-0.00983103603746127,-0.00989459618798816,-0.00995414222459001,-0.0100095969128966,-0.0100608880405636,-0.0101079485739251,-0.0101507168039617,-0.0101891364811413,-0.0102231569386757,-0.0102527332038685,-0.0102778260971852,-0.0102984023187405,-0.0103144345219414,-0.010325901374035,-0.0103327876034404,-0.0103350840336123,-0.0103327876034403,-0.0103259013740349,-0.0103144345219415,-0.0102984023187406,-0.0102778260971851,-0.0102527332038687,-0.0102231569386757,-0.0101891364811411,-0.0101507168039645,-0.0101079485739222,-0.0100608880405635,-0.0100095969128937,-0.00995414222458713,-0.00989459618799093,-0.00983103603746127,-0.00976354386249656,-0.00969220643111857,-0.0096171150040828,-0.00953836514047623,-0.00945605649524373,-0.00937029260927857,-0.00928118069267125,-0.00918883140177507,-0.00909335861071847,-0.00899487917801922,-0.00889351270898564,-0.0087893813145703,-0.00868260936733434,-0.00857332325525217,-0.00846165113396458,-0.00834772267823336,-0.00823166883319526,-0.00811362156610607,-0.00799371361925039,-0.00787207826461822,-0.0077488490609664,-0.00762415961392515,-0.00749814333967602,-0.00737093323280658,-0.00724266163888698,-0.00711346003227109,-0.00698345879964202,-0.00685278702976333,-0.00672157230988168,-0.00658994052921114,-0.00645801568983373,-0.00632591972547758,-0.00619377232837426,-0.00606169078455909,-0.00592978981789227
-0.00757866636857984,-0.00774724458985354,-0.00791605360075798,-0.00808494677655391,-0.00825377421786422,-0.00842238295005637,-0.00859061713370524,-0.00875831828588053,-0.00892532551178921,-0.00909147574642999,-0.00925660400575934,-0.00942054364691464,-0.00958312663691741,-0.00974418382930969,-0.00990354524815151,-0.0100610403786757,-0.010216498463987,-0.0103697488070921,-0.0105206210775232,-0.010668945621792,-0.0108145537769484,-0.0109572781863961,-0.0110969531171513,-0.01123341477776,-0.0113665016359819,-0.0114960547353903,-0.0116219180100647,-0.011743938596447,-0.0118619671415638,-0.011975858106709,-0.0120854700656777,-0.0121906659968301,-0.0122913135680219,-0.012387285413587,-0.0124784594026486,-0.0125647188978866,-0.0126459530039814,-0.0127220568051001,-0.0127929315905719,-0.0128584850682163,-0.0129186315645393,-0.0129732922113073,-0.0130223951178614,-0.0130658755286784,-0.0131036759656608,-0.0131357463547507,-0.0131620441364751,-0.0131825343600619,-0.0131971897608453,-0.0132059908207129,-0.013208925811437,-0.0132059908207128,-0.0131971897608453,-0.0131825343600648,-0.0131620441364749,-0.0131357463547506,-0.0131036759656608,-0.0130658755286787,-0.0130223951178614,-0.0129732922113045,-0.0129186315645393,-0.0128584850682164,-0.012792931590572,-0.0127220568051,-0.0126459530039814,-0.0125647188978867,-0.0124784594026485,-0.0123872854135869,-0.012291313568019,-0.0121906659968301,-0.0120854700656748,-0.0119758581067062,-0.0118619671415667,-0.0117439385964441,-0.0116219180100648,-0.0114960547353931,-0.0113665016359847,-0.0112334147777599,-0.0110969531171485,-0.0109572781863961,-0.0108145537769485,-0.0106689456217921,-0.0105206210775204,-0.010369748807095,-0.0102164984639842,-0.0100610403786728,-0.00990354524815162,-0.00974418382930964,-0.00958312663691463,-0.00942054364691469,-0.00925660400575656,-0.00909147574642999,-0.00892532551178926,-0.00875831828588347,-0.00859061713370812,-0.00842238295005648,-0.00825377421786422,-0.00808494677655391,-0.00791605360075798,-0.00774724458985632,-0.00757866636857996
-0.009400506555796,-0.0096096093975373,-0.00981899850856294,-0.0100284920169287,-0.0102379039888589,-0.0104470446760524,-0.0106557207767513,-0.0108637357102198,-0.0110708899040659,-0.0112769810939927,-0.0114818046353536,-0.0116851538258974,-0.0118868202390927,-0.0120865940672753,-0.0122842644738714,-0.0124796199539757,-0.0126724487023415,-0.012862538988019,-0.0130496795346914,-0.0132336599057706,-0.0134142708933221,-0.0135913049097858,-0.0137645563815327,-0.0139338221431868,-0.0140989018316624,-0.0142595982789152,-0.014415717902226,-0.0145670710910905,-0.0147134725894844,-0.0148547418725473,-0.0149907035165538,-0.015121187561161,-0.015246029862798,-0.0153650724383009,-0.0154781637976811,-0.0155851592650944,-0.0156859212870358,-0.0157803197268808,-0.0158682321448578,-0.0159495440626007,-0.0160241492115104,-0.0160919497641786,-0.0161528565481094,-0.0162067892411554,-0.0162536765480163,-0.0162934563573176,-0.0163260758786814,-0.0163514917594957,-0.0163696701809242,-0.0163805869328939,-0.0163842274678107,-0.0163805869328909,-0.0163696701809272,-0.0163514917594957,-0.0163260758786814,-0.0162934563573176,-0.0162536765480162,-0.0162067892411553,-0.0161528565481094,-0.0160919497641786,-0.0160241492115103,-0.0159495440625977,-0.0158682321448577,-0.0157803197268809,-0.0156859212870329,-0.0155851592650944,-0.0154781637976839,-0.015365072438301,-0.0152460298627979,-0.0151211875611609,-0.0149907035165568,-0.0148547418725443,-0.0147134725894844,-0.0145670710910931,-0.014415717902226,-0.0142595982789151,-0.0140989018316654,-0.0139338221431868,-0.0137645563815356,-0.013591304909786,-0.013414270893322,-0.0132336599057734,-0.0130496795346914,-0.0128625389880191,-0.0126724487023415,-0.0124796199539757,-0.0122842644738715,-0.0120865940672725,-0.0118868202390928,-0.0116851538258974,-0.0114818046353536,-0.0112769810939956,-0.011070889904066,-0.0108637357102226,-0.010655720776754,-0.0104470446760496,-0.0102379039888617,-0.0100284920169288,-0.00981899850856294,-0.00960960939753719,-0.00940050655579872
-0.0113593818478586,-0.0116120574893998,-0.0118650790529501,-0.0121182267681347,-0.0123712759563426,-0.0126239973295605,-0.0128761573058693,-0.0131275183410735,-0.0133778392759424,-0.0136268756983912,-0.013874380319969,-0.0141201033658608,-0.0143637929776698,-0.014605195628053,-0.0148440565463737,-0.0150801201543703,-0.015313130510879,-0.0155428317645055,-0.0157689686132206,-0.0159912867697154,-0.0162095334313525,-0.0164234577535305,-0.0166328113252381,-0.0168373486455341,-0.0170368275997408,-0.0172310099339674,-0.0174196617267851,-0.017602553856692,-0.0177794624640604,-0.0179501694063032,-0.0181144627049451,-0.018272136983339,-0.0184229938937223,-0.0185668425324402,-0.0187034998420512,-0.018832790999194,-0.0189545497869992,-0.0190686189510088,-0.0191748505374698,-0.0192731062130431,-0.0193632575649169,-0.0194451863804199,-0.0195187849053198,-0.0195839560799522,-0.0196406137525275,-0.0196886828689097,-0.0197280996382756,-0.0197588116742125,-0.0197807781107242,-0.0197939696928345,-0.0197983688415442,-0.0197939696928374,-0.019780778110724,-0.0197588116742125,-0.0197280996382755,-0.0196886828689069,-0.0196406137525273,-0.019583956079952,-0.0195187849053198,-0.0194451863804227,-0.0193632575649169,-0.0192731062130432,-0.0191748505374669,-0.0190686189510059,-0.018954549787002,-0.0188327909991942,-0.0187034998420541,-0.0185668425324401,-0.018422993893725,-0.018272136983339,-0.0181144627049479,-0.0179501694063005,-0.0177794624640603,-0.0176025538566921,-0.017419661726785,-0.0172310099339644,-0.0170368275997408,-0.016837348645534,-0.0166328113252353,-0.0164234577535306,-0.0162095334313554,-0.0159912867697154,-0.0157689686132206,-0.0155428317645027,-0.0153131305108791,-0.0150801201543702,-0.0148440565463737,-0.0146051956280531,-0.0143637929776698,-0.0141201033658608,-0.0138743803199661,-0.013626875698391,-0.0133778392759426,-0.0131275183410735,-0.0128761573058664,-0.0126239973295604,-0.0123712759563426,-0.0121182267681347,-0.011865079052953,-0.0116120574893998,-0.0113593818478557
-0.0134286702318653,-0.0137273746782277,-0.014026488061685,-0.0143257505772583,-0.0146248966176331,-0.0149236551264074,-0.0152217499710821,-0.0155189003350803,-0.0158148211282644,-0.0161092234150775,-0.0164018148596252,-0.0166923001867202,-0.0169803816580305,-0.0172657595622597,-0.017548132718332,-0.0178271989904226,-0.018102655813694,-0.0183742007294393,-0.0186415319283882,-0.0189043488008311,-0.0191623524921893,-0.0194152464626175,-0.0196627370491603,-0.0199045340290674,-0.0201403511826852,-0.0203699068544689,-0.0205929245105663,-0.0208091332914174,-0.0210182685578726,-0.0212200724292786,-0.0214142943119753,-0.0216006914167625,-0.0217790292637391,-0.0219490821731756,-0.0221106337408707,-0.0222634772966555,-0.0224074163446774,-0.0225422649841167,-0.0226678483091519,-0.0227840027868668,-0.0228905766120542,-0.0229874300377628,-0.0230744356806425,-0.0231514788001072,-0.0232184575504762,-0.0232752832053283,-0.023321880353353,-0.0233581870651367,-0.0233841550302958,-0.0233997496646153,-0.0234049501867991,-0.0233997496646153,-0.0233841550302959,-0.0233581870651367,-0.0233218803533531,-0.0232752832053255,-0.0232184575504761,-0.0231514788001072,-0.0230744356806424,-0.0229874300377626,-0.0228905766120513,-0.0227840027868667,-0.0226678483091519,-0.0225422649841165,-0.0224074163446746,-0.0222634772966582,-0.0221106337408707,-0.0219490821731756,-0.021779029263739,-0.0216006914167625,-0.0214142943119781,-0.0212200724292786,-0.0210182685578728,-0.0208091332914172,-0.0205929245105692,-0.0203699068544717,-0.0201403511826824,-0.0199045340290674,-0.0196627370491604,-0.0194152464626148,-0.0191623524921921,-0.0189043488008286,-0.0186415319283855,-0.0183742007294393,-0.018102655813694,-0.0178271989904227,-0.0175481327183291,-0.0172657595622598,-0.0169803816580304,-0.0166923001867202,-0.0164018148596253,-0.0161092234150803,-0.0158148211282643,-0.0155189003350832,-0.0152217499710819,-0.0149236551264103,-0.0146248966176302,-0.0143257505772584,-0.0140264880616852,-0.0137273746782276,-0.0134286702318651
-0.01558822616122,-0.0159349673042266,-0.0162821831482869,-0.016629572107419,-0.0169768258601747,-0.0173236297597407,-0.0176696632668583,-0.0180146004049338,-0.0183581102365314,-0.0186998573604086,-0.0190395024281375,-0.0193767026793237,-0.0197111124943026,-0.0200423839631643,-0.0203701674698451,-0.0206941122900112,-0.0210138672013103,-0.0213290811045844,-0.021639403654559,-0.0219444858984335,-0.0222439809207974,-0.0225375444931952,-0.0228248357267399,-0.0231055177259848,-0.0233792582423443,-0.023645730325331,-0.0239046129697857,-0.0241555917573909,-0.0243983594905692,-0.0246326168171204,-0.0248580728437194,-0.0250744457365709,-0.0252814633074697,-0.025478863583587,-0.0256663953592929,-0.0258438187283742,-0.026010905595148,-0.0261674401628177,-0.0263132193977628,-0.0264480534682249,-0.0265717661561652,-0.0266841952409806,-0.0267851928539307,-0.0268746258022176,-0.0269523758616597,-0.0270183400371345,-0.0270724307899297,-0.0271145762313355,-0.0271447202818541,-0.0271628227955424,-0.0271688596491236,-0.0271628227955424,-0.027144720281854,-0.0271145762313355,-0.0270724307899295,-0.0270183400371317,-0.0269523758616597,-0.0268746258022174,-0.0267851928539307,-0.0266841952409805,-0.0265717661561679,-0.0264480534682249,-0.0263132193977599,-0.0261674401628178,-0.026010905595148,-0.025843818728377,-0.0256663953592927,-0.0254788635835841,-0.0252814633074667,-0.025074445736571,-0.0248580728437221,-0.0246326168171233,-0.0243983594905691,-0.0241555917573908,-0.0239046129697859,-0.0236457303253282,-0.0233792582423444,-0.0231055177259848,-0.0228248357267398,-0.0225375444931952,-0.0222439809207974,-0.0219444858984361,-0.0216394036545563,-0.0213290811045815,-0.0210138672013102,-0.0206941122900112,-0.0203701674698451,-0.0200423839631643,-0.0197111124943027,-0.0193767026793238,-0.0190395024281376,-0.0186998573604086,-0.0183581102365316,-0.0180146004049337,-0.0176696632668583,-0.0173236297597436,-0.0169768258601746,-0.0166295721074162,-0.0162821831482868,-0.0159349673042266,-0.01558822616122
-0.017822524016213,-0.0182189643991491,-0.0186159475231784,-0.0190131285752775,-0.0194101550415526,-0.0198066671760975,-0.0202022984959933,-0.0205966763016399,-0.0209894222215525,-0.0213801527806142,-0.0217684799907805,-0.0221540119629783,-0.0225363535390561,-0.0229151069423359,-0.0232898724454494,-0.0236602490538997,-0.024025835203787,-0.0243862294720795,-0.0247410312976697,-0.025089841711516,-0.0254322640739814,-0.0257679048175289,-0.0260963741928487,-0.0264172870164581,-0.0267302634177853,-0.0270349295837448,-0.0273309184987461,-0.0276178706781262,-0.0278954348929502,-0.0281632688841477,-0.0284210400639533,-0.0286684262026571,-0.0289051160986672,-0.0291308102299662,-0.0293452213850098,-0.0295480752712596,-0.029739111099521,-0.029918082142333,-0.030084756264776,-0.0302389164260525,-0.0303803611503692,-0.0305089049656494,-0.0306243788087771,-0.0307266303961087,-0.0308155245581093,-0.0308909435371175,-0.0309527872472838,-0.0310009734959256,-0.0310354381655226,-0.0310561353559312,-0.0310630374862186,-0.0310561353559312,-0.0310354381655227,-0.0310009734959256,-0.0309527872472866,-0.0308909435371147,-0.0308155245581093,-0.0307266303961087,-0.0306243788087771,-0.0305089049656467,-0.030380361150369,-0.0302389164260524,-0.030084756264776,-0.0299180821423332,-0.029739111099521,-0.0295480752712595,-0.0293452213850098,-0.029130810229969,-0.0289051160986702,-0.0286684262026571,-0.0284210400639505,-0.0281632688841477,-0.0278954348929502,-0.0276178706781262,-0.0273309184987461,-0.0270349295837448,-0.0267302634177853,-0.0264172870164582,-0.0260963741928487,-0.025767904817529,-0.0254322640739815,-0.025089841711516,-0.0247410312976726,-0.0243862294720822,-0.0240258352037899,-0.0236602490538997,-0.0232898724454494,-0.0229151069423359,-0.022536353539056,-0.0221540119629784,-0.0217684799907777,-0.0213801527806143,-0.0209894222215526,-0.0205966763016399,-0.0202022984959904,-0.0198066671760946,-0.0194101550415526,-0.0190131285752777,-0.0186159475231782,-0.0182189643991491,-0.017822524016213
-0.0201194055691068,-0.0205669372902621,-0.0210150816983826,-0.021463449542595,-0.0219116428786982,-0.0223592555984587,-0.0228058739884024,-0.0232510773171852,-0.0236944384506086,-0.0241355244931277,-0.024573897454652,-0.0250091149413271,-0.0254407308689067,-0.0258682961971569,-0.0262913596837644,-0.0267094686559791,-0.0271221697982756,-0.0275290099541337,-0.0279295369400535,-0.0283233003697746,-0.0287098524866413,-0.0290887490020174,-0.0294595499375712,-0.0298218204692082,-0.0301751317704677,-0.0305190618530178,-0.0308531964020541,-0.0311771296042548,-0.031490464965982,-0.0317928161194534,-0.03208380761459,-0.0323630756942519,-0.0326302690506819,-0.0328850495608989,-0.0331270929989038,-0.0333560897226569,-0.0335717453336997,-0.0337737813075147,-0.0339619355927473,-0.0341359631774188,-0.0342956366205044,-0.0344407465471711,-0.0345711021062637,-0.0346865313885405,-0.0347868818044744,-0.034872020420355,-0.0349418342517583,-0.0349962305133812,-0.0350351368245675,-0.0350585013697662,-0.0350662930135559,-0.035058501369769,-0.0350351368245674,-0.0349962305133812,-0.0349418342517582,-0.0348720204203551,-0.0347868818044773,-0.0346865313885432,-0.0345711021062636,-0.0344407465471738,-0.0342956366205044,-0.0341359631774218,-0.0339619355927473,-0.0337737813075148,-0.0335717453336997,-0.0333560897226571,-0.0331270929989038,-0.0328850495608989,-0.0326302690506819,-0.032363075694252,-0.0320838076145872,-0.0317928161194534,-0.031490464965982,-0.0311771296042548,-0.0308531964020541,-0.030519061853015,-0.0301751317704678,-0.0298218204692111,-0.0294595499375683,-0.0290887490020175,-0.0287098524866414,-0.0283233003697746,-0.0279295369400565,-0.0275290099541337,-0.0271221697982783,-0.0267094686559791,-0.0262913596837645,-0.0258682961971541,-0.0254407308689039,-0.0250091149413271,-0.0245738974546521,-0.0241355244931305,-0.0236944384506086,-0.0232510773171852,-0.0228058739884053,-0.0223592555984615,-0.0219116428786983,-0.0214634495425922,-0.0210150816983827,-0.020566937290262,-0.0201194055691096
-0.0224692139881826,-0.0229690143413581,-0.0234694989391293,-0.0239702330687912,-0.0244707723090025,-0.024970663120865,-0.0254694434720147,-0.0259666434925782,-0.0264617861620118,-0.0269543880255508,-0.0274439599388588,-0.0279300078395238,-0.0284120335437194,-0.0288895355663989,-0.0293620099632488,-0.0298289511924429,-0.0302898529943166,-0.0307442092867793,-0.0311915150744096,-0.0316312673689123,-0.0320629661187404,-0.032486115145393,-0.0329002230840828,-0.0333048043262609,-0.033699379961468,-0.0340834787160356,-0.0344566378860411,-0.0348184042619498,-0.0351683350423866,-0.035505998734466,-0.035830976038115,-0.0361428607118682,-0.0364412604176303,-0.0367257975419667,-0.0369961099915244,-0.0372518519601888,-0.0374926946657848,-0.0377183270540462,-0.0379284564678163,-0.0381228092794083,-0.0383011314842349,-0.0384631892539307,-0.0386087694472274,-0.0387376800770723,-0.0388497507325218,-0.0389448329541251,-0.039022800561654,-0.039083549933122,-0.0391270002342998,-0.0391530935979459,-0.039161795252226,-0.0391530935979432,-0.0391270002342998,-0.039083549933122,-0.039022800561654,-0.038944832954128,-0.0388497507325218,-0.0387376800770723,-0.0386087694472274,-0.0384631892539308,-0.0383011314842351,-0.038122809279411,-0.0379284564678192,-0.0377183270540462,-0.0374926946657848,-0.0372518519601889,-0.0369961099915244,-0.0367257975419667,-0.0364412604176302,-0.0361428607118681,-0.0358309760381177,-0.0355059987344661,-0.0351683350423867,-0.0348184042619469,-0.0344566378860413,-0.0340834787160353,-0.033699379961468,-0.0333048043262608,-0.0329002230840857,-0.0324861151453902,-0.0320629661187405,-0.0316312673689123,-0.0311915150744068,-0.0307442092867793,-0.0302898529943167,-0.029828951192443,-0.0293620099632488,-0.0288895355663989,-0.0284120335437222,-0.0279300078395238,-0.0274439599388587,-0.0269543880255481,-0.0264617861620119,-0.025966643492578,-0.0254694434720175,-0.0249706631208678,-0.0244707723089997,-0.0239702330687913,-0.0234694989391293,-0.0229690143413582,-0.0224692139881825
-0.0248641820193237,-0.025417255525193,-0.0259710862085178,-0.0265251930210594,-0.0270790841710933,-0.0276322577775486,-0.028184202560541,-0.028734398567295,-0.0292823179322035,-0.0298274256695914,-0.0303691804977966,-0.0309070356928487,-0.0314404399700703,-0.0319688383916963,-0.0324916732985545,-0.0330083852636969,-0.0335184140658074,-0.0340211996800874,-0.034516183284221,-0.0350028082769654,-0.0354805213068413,-0.0359487733082446,-0.0364070205423809,-0.0368547256402254,-0.037291358644804,-0.037716398049924,-0.0381293318325668,-0.0385296584761116,-0.0389168879814934,-0.0392905428634855,-0.0396501591292956,-0.0399952872366385,-0.040325493028546,-0.0406403586422063,-0.040939483389135,-0.0412224846041391,-0.041488998460524,-0.0417386807491069,-0.0419712076187321,-0.0421862762760468,-0.0423836056424063,-0.0425629369659454,-0.0427240343869034,-0.0428666854545591,-0.0429907015940434,-0.0430959185217921,-0.0431821966081629,-0.0432494211862272,-0.0432975028057199,-0.0433263774313948,-0.0433360065851367,-0.0433263774313976,-0.0432975028057201,-0.0432494211862271,-0.0431821966081629,-0.0430959185217948,-0.0429907015940435,-0.0428666854545591,-0.0427240343869062,-0.0425629369659454,-0.0423836056424063,-0.0421862762760468,-0.0419712076187321,-0.0417386807491067,-0.0414889984605241,-0.0412224846041392,-0.040939483389135,-0.0406403586422062,-0.0403254930285462,-0.0399952872366385,-0.0396501591292984,-0.0392905428634855,-0.0389168879814962,-0.0385296584761144,-0.0381293318325668,-0.037716398049921,-0.037291358644807,-0.0368547256402282,-0.036407020542381,-0.0359487733082473,-0.0354805213068384,-0.0350028082769682,-0.034516183284218,-0.0340211996800902,-0.0335184140658101,-0.0330083852636969,-0.0324916732985546,-0.0319688383916962,-0.0314404399700704,-0.0309070356928487,-0.0303691804977966,-0.0298274256695914,-0.0292823179322006,-0.0287343985672951,-0.0281842025605381,-0.0276322577775515,-0.0270790841710959,-0.0265251930210596,-0.025971086208518,-0.0254172555251958,-0.0248641820193211
-0.0272979913670245,-0.0279052020034686,-0.0285132439330375,-0.0291215890204959,-0.0297296973355114,-0.0303370178708002,-0.0309429893002789,-0.0315470407760496,-0.0321485927628148,-0.0327470579082925,-0.0333418419479177,-0.0339323446421076,-0.0345179607441533,-0.035098080996678,-0.0356720931545168,-0.0362393830316878,-0.0367993355700901,-0.0373513359273682,-0.0378947705813554,-0.0384290284483797,-0.0389535020126148,-0.0394675884636405,-0.0399706908392448,-0.0404622191704989,-0.0409415916260355,-0.041408235652474,-0.0418615891078585,-0.042301101385038,-0.0427262345218005,-0.0431364642946886,-0.0435312812933728,-0.0439101919724937,-0.0442727196780049,-0.0446184056449394,-0.0449468099637701,-0.0452575125124403,-0.0455501138513947,-0.0458242360788165,-0.0460795236436657,-0.0463156441139139,-0.0465322888977712,-0.0467291739156608,-0.0469060402209044,-0.0470626545672049,-0.0471988099212199,-0.0473143259186165,-0.0474090492622203,-0.047482854061034,-0.0475356421090307,-0.0475673431029275,-0.0475779147982051,-0.0475673431029277,-0.0475356421090307,-0.047482854061034,-0.0474090492622203,-0.0473143259186137,-0.0471988099212201,-0.0470626545672077,-0.0469060402209044,-0.0467291739156607,-0.0465322888977712,-0.0463156441139109,-0.0460795236436657,-0.0458242360788166,-0.0455501138513948,-0.0452575125124429,-0.0449468099637701,-0.0446184056449395,-0.0442727196780051,-0.0439101919724937,-0.0435312812933727,-0.0431364642946914,-0.0427262345218006,-0.0423011013850352,-0.0418615891078585,-0.0414082356524739,-0.0409415916260355,-0.0404622191704986,-0.0399706908392448,-0.0394675884636405,-0.0389535020126176,-0.0384290284483799,-0.0378947705813552,-0.0373513359273654,-0.0367993355700873,-0.0362393830316877,-0.0356720931545168,-0.035098080996678,-0.0345179607441505,-0.0339323446421077,-0.0333418419479177,-0.0327470579082952,-0.0321485927628178,-0.0315470407760496,-0.0309429893002791,-0.0303370178707975,-0.0297296973355115,-0.0291215890204959,-0.0285132439330374,-0.0279052020034685,-0.0272979913670245
-0.0297654498758664,-0.0304275461275711,-0.0310905488127755,-0.0317538820582333,-0.0324169571294449,-0.0330791732137222,-0.0337399182468582,-0.0343985697821584,-0.0350544959002789,-0.0357070561583094,-0.0363556025762581,-0.0369994806590505,-0.0376380304518738,-0.03827058762674,-0.0388964845977853,-0.039515051662922,-0.0401256181690983,-0.0407275136985207,-0.0413200692729078,-0.041902618572891,-0.0424744991694336,-0.0430350537642405,-0.0435836314358411,-0.0441195888881628,-0.0446422916982473,-0.0451511155597548,-0.0456454475188646,-0.0461246871991884,-0.0465882480122485,-0.047035558350155,-0.0474660627571033,-0.0478792230763088,-0.0482745195690729,-0.0486514520027924,-0.0490095407046209,-0.0493483275777824,-0.0496673770774726,-0.0499662771434347,-0.0502446400864525,-0.0505021034260552,-0.0507383306769202,-0.050953012081592,-0.0511458652872584,-0.0513166359645592,-0.0514650983664525,-0.0515910558255255,-0.0516943411881093,-0.0517748171839476,-0.0518323767302029,-0.0518669431688871,-0.0518784704370189,-0.051866943168887,-0.0518323767302028,-0.0517748171839476,-0.0516943411881094,-0.0515910558255227,-0.0514650983664525,-0.0513166359645589,-0.0511458652872613,-0.0509530120815892,-0.0507383306769202,-0.0505021034260523,-0.0502446400864525,-0.0499662771434348,-0.0496673770774725,-0.0493483275777825,-0.049009540704621,-0.0486514520027923,-0.0482745195690758,-0.0478792230763061,-0.0474660627571005,-0.0470355583501522,-0.0465882480122485,-0.0461246871991913,-0.0456454475188645,-0.0451511155597519,-0.0446422916982446,-0.0441195888881629,-0.0435836314358412,-0.0430350537642407,-0.0424744991694336,-0.041902618572888,-0.0413200692729107,-0.0407275136985207,-0.0401256181691011,-0.039515051662922,-0.0388964845977852,-0.0382705876267371,-0.0376380304518765,-0.0369994806590505,-0.0363556025762609,-0.0357070561583066,-0.0350544959002761,-0.0343985697821584,-0.0337399182468583,-0.0330791732137194,-0.0324169571294448,-0.0317538820582305,-0.0310905488127754,-0.0304275461275685,-0.0297654498758636
-0.0322622513365399,-0.0329798859018033,-0.0336985029345055,-0.0344174782556945,-0.0351361737463285,-0.0358539381960215,-0.0365701081990759,-0.0372840090963765,-0.037994955961592,-0.0387022546298337,-0.039405202766909,-0.0401030909770217,-0.0407952039466892,-0.0414808216223894,-0.0421592204194844,-0.0428296744595549,-0.0434914568334911,-0.0441438408871315,-0.0447861015266159,-0.0454175165400028,-0.0460373679320428,-0.0466449432685827,-0.0472395370272021,-0.0478204519505326,-0.0483870003985996,-0.0489385056966696,-0.0494743034748041,-0.0499937429955057,-0.0504961884657734,-0.0509810203298028,-0.0514476365387433,-0.0518954537938517,-0.0523239087594336,-0.0527324592420992,-0.0531205853328289,-0.0534877905085293,-0.0538336026897887,-0.0541575752516963,-0.0544592879846774,-0.0547383480024768,-0.0549943905945338,-0.0552270800201493,-0.0554361102420428,-0.0556212055970583,-0.0557821214019216,-0.0559186444922541,-0.0560305936931248,-0.0561178202196929,-0.0561802080067315,-0.056217673965999,-0.0562301681706311,-0.0562176739660016,-0.0561802080067314,-0.05611782021969,-0.0560305936931248,-0.055918644492257,-0.0557821214019216,-0.0556212055970583,-0.0554361102420428,-0.0552270800201493,-0.0549943905945337,-0.0547383480024767,-0.0544592879846774,-0.0541575752516962,-0.0538336026897887,-0.0534877905085291,-0.0531205853328288,-0.0527324592420962,-0.0523239087594308,-0.0518954537938517,-0.0514476365387433,-0.0509810203298,-0.0504961884657734,-0.0499937429955057,-0.0494743034748013,-0.0489385056966695,-0.0483870003986024,-0.0478204519505325,-0.0472395370272048,-0.0466449432685799,-0.0460373679320428,-0.0454175165400057,-0.044786101526616,-0.0441438408871315,-0.0434914568334883,-0.0428296744595575,-0.0421592204194816,-0.0414808216223894,-0.0407952039466863,-0.0401030909770216,-0.0394052027669088,-0.0387022546298338,-0.0379949559615947,-0.0372840090963765,-0.0365701081990729,-0.0358539381960213,-0.0351361737463256,-0.0344174782556945,-0.0336985029345055,-0.0329798859018006,-0.0322622513365426
-0.0347847942537842,-0.0355585397200169,-0.0363333444715215,-0.0371085355256185,-0.0378834248695774,-0.0386573103757312,-0.0394294767675627,-0.0401991966352578,-0.0409657314989884,-0.0417283329180305,-0.0424862436436066,-0.0432386988132037,-0.0439849271839081,-0.0447241524021781,-0.0454555943072273,-0.0461784702651817,-0.0468919965308425,-0.0475953896339392,-0.048287867786461,-0.0489686523076754,-0.0496369690632263,-0.0502920499146746,-0.0509331341757366,-0.0515594700713948,-0.0521703161960299,-0.0527649429665906,-0.053342634066926,-0.0539026878792448,-0.0544444188987151,-0.0549671591272866,-0.0554702594427049,-0.0559530909388616,-0.0564150462335925,-0.0568555407401127,-0.0572740138984108,-0.0576699303628994,-0.058042781142908,-0.0583920846925049,-0.0587173879464836,-0.0590182672993322,-0.0592943295242518,-0.0595452126294224,-0.0597705866489096,-0.0599701543658184,-0.06014365196541,-0.0602908496162666,-0.0604115519776304,-0.0605055986313608,-0.0605728644372556,-0.0606132598105101,-0.0606267309205354,-0.06061325981051,-0.0605728644372555,-0.0605055986313608,-0.0604115519776275,-0.0602908496162693,-0.0601436519654099,-0.0599701543658185,-0.0597705866489096,-0.0595452126294226,-0.059294329524252,-0.0590182672993321,-0.0587173879464835,-0.0583920846925049,-0.0580427811429078,-0.0576699303628995,-0.0572740138984107,-0.0568555407401127,-0.0564150462335898,-0.0559530909388617,-0.055470259442705,-0.0549671591272866,-0.0544444188987151,-0.053902687879242,-0.0533426340669259,-0.0527649429665877,-0.0521703161960299,-0.0515594700713976,-0.0509331341757339,-0.0502920499146745,-0.0496369690632262,-0.0489686523076754,-0.048287867786461,-0.0475953896339364,-0.0468919965308425,-0.0461784702651818,-0.0454555943072273,-0.0447241524021781,-0.0439849271839109,-0.0432386988132037,-0.0424862436436095,-0.0417283329180304,-0.0409657314989913,-0.0401991966352578,-0.0394294767675654,-0.0386573103757313,-0.0378834248695774,-0.0371085355256184,-0.0363333444715216,-0.0355585397200141,-0.0347847942537842
-0.0373300433538067,-0.0381604047924401,-0.0389919030256495,-0.039823815827712,-0.0406554048431108,-0.041485916568577,-0.0423145833898619,-0.0431406246716286,-0.0439632478985066,-0.0447816498653761,-0.0455950179145788,-0.0464025312175994,-0.0472033620986756,-0.0479966773974472,-0.0487816398677486,-0.0495574096093491,-0.0503231455293857,-0.0510780068300366,-0.0518211545188391,-0.0525517529379684,-0.0532689713086392,-0.0539719852867118,-0.0546599785254889,-0.0553321442415918,-0.0559876867797691,-0.0566258231724205,-0.0572457846896084,-0.0578468183752409,-0.0584281885652014,-0.058989178383136,-0.0595290912096647,-0.0600472521208003,-0.0605430092914144,-0.0610157353597548,-0.0614648287488871,-0.061889714941285,-0.0622898477027641,-0.06266471025204,-0.063013816372536,-0.0633367114629672,-0.0636329735236066,-0.0639022140752212,-0.0641440790078388,-0.0643582493568076,-0.0645444420037249,-0.0647024103001043,-0.0648319446118372,-0.064932872782795,-0.0650050605160889,-0.0650484116718795,-0.0650628684807268,-0.0650484116718794,-0.0650050605160891,-0.0649328727827952,-0.0648319446118371,-0.0647024103001043,-0.064544442003725,-0.0643582493568075,-0.0641440790078388,-0.0639022140752239,-0.0636329735236095,-0.0633367114629644,-0.063013816372536,-0.06266471025204,-0.0622898477027641,-0.0618897149412877,-0.061464828748887,-0.0610157353597547,-0.0605430092914172,-0.0600472521208001,-0.0595290912096675,-0.058989178383136,-0.0584281885652015,-0.0578468183752409,-0.0572457846896084,-0.0566258231724204,-0.0559876867797662,-0.0553321442415919,-0.0546599785254889,-0.0539719852867118,-0.0532689713086391,-0.0525517529379684,-0.0518211545188392,-0.0510780068300365,-0.0503231455293857,-0.0495574096093464,-0.0487816398677486,-0.0479966773974472,-0.0472033620986757,-0.0464025312175993,-0.0455950179145759,-0.044781649865379,-0.0439632478985038,-0.0431406246716286,-0.0423145833898647,-0.0414859165685771,-0.0406554048431107,-0.0398238158277092,-0.0389919030256494,-0.0381604047924401,-0.0373300433538066
-0.0398954225169569,-0.040782847696785,-0.0416714877934883,-0.0425605709488729,-0.0434493080664638,-0.044336893861065,-0.0452225079667794,-0.0461053161017723,-0.0469844712877824,-0.0478591151221781,-0.0487283791001775,-0.0495913859846549,-0.0504472512206622,-0.0512950843917553,-0.0521339907148943,-0.0529630725705889,-0.0537814310647591,-0.0545881676186335,-0.0553823855828683,-0.0561631918719244,-0.0569296986145928,-0.0576810248165116,-0.0584162980303605,-0.0591346560293379,-0.0598352484795126,-0.0605172386065287,-0.0611798048521162,-0.061822142515855,-0.0624434653776388,-0.0630430072962526,-0.063620023779535,-0.0641737935216569,-0.0647036199030544,-0.0652088324486813,-0.0656887882402988,-0.0661428732786362,-0.0665705037914286,-0.0669711274833841,-0.0673442247243478,-0.0676893096721245,-0.0680059313265146,-0.0682936745113666,-0.0685521607817244,-0.068781049253184,-0.0689800373510002,-0.0691488614766131,-0.0692872975895351,-0.0693951617027895,-0.0694723102904028,-0.0695186406056522,-0.0695340909090899,-0.0695186406056524,-0.069472310290403,-0.0693951617027896,-0.0692872975895351,-0.0691488614766131,-0.0689800373510002,-0.068781049253184,-0.0685521607817272,-0.0682936745113694,-0.0680059313265144,-0.0676893096721275,-0.0673442247243476,-0.0669711274833841,-0.0665705037914286,-0.0661428732786362,-0.0656887882402987,-0.065208832448684,-0.0647036199030544,-0.0641737935216568,-0.0636200237795351,-0.0630430072962526,-0.0624434653776388,-0.0618221425158524,-0.0611798048521132,-0.0605172386065286,-0.0598352484795126,-0.0591346560293379,-0.0584162980303634,-0.0576810248165146,-0.0569296986145927,-0.0561631918719245,-0.0553823855828685,-0.0545881676186307,-0.0537814310647591,-0.052963072570589,-0.0521339907148944,-0.0512950843917555,-0.0504472512206622,-0.0495913859846548,-0.0487283791001804,-0.0478591151221781,-0.0469844712877853,-0.0461053161017723,-0.0452225079667794,-0.0443368938610623,-0.0434493080664639,-0.04256057094887,-0.0416714877934882,-0.0407828476967822,-0.0398954225169597
-0.0424787311196618,-0.0434236188592646,-0.0443698001840547,-0.0453164532564582,-0.0462627378844322,-0.0472077966389378,-0.0481507560337532,-0.0490907277656156,-0.0500268100127247,-0.0509580887891546,-0.0518836393526994,-0.05280252766337,-0.0537138118895125,-0.0546165439584333,-0.0555097711480953,-0.0563925377163482,-0.0572638865639138,-0.0581228609272471,-0.0589685060971654,-0.0597998711590393,-0.0606160107502255,-0.0614159868302141,-0.0621988704589603,-0.0629637435787573,-0.0637097007948464,-0.0644358511500508,-0.0651413198885602,-0.0658252502039814,-0.0664868049668893,-0.0671251684268809,-0.0677395478844378,-0.0683291753277318,-0.0688933090296872,-0.0694312351006509,-0.0699422689921358,-0.0704257569471964,-0.0708810773931416,-0.0713076422724429,-0.0717048983078642,-0.0720723281979431,-0.0724094517393126,-0.0727158268723442,-0.0729910506469992,-0.073234760105934,-0.0734466330820766,-0.073626388908332,-0.0737737890371457,-0.0738886375680136,-0.0739707816813666,-0.0740201119774248,-0.0740365627189912,-0.0740201119774275,-0.0739707816813666,-0.0738886375680136,-0.0737737890371456,-0.073626388908332,-0.0734466330820766,-0.0732347601059342,-0.072991050647002,-0.0727158268723472,-0.0724094517393152,-0.0720723281979432,-0.0717048983078614,-0.071307642272443,-0.0708810773931389,-0.0704257569471964,-0.0699422689921357,-0.069431235100651,-0.0688933090296845,-0.0683291753277318,-0.0677395478844408,-0.0671251684268809,-0.0664868049668892,-0.0658252502039841,-0.0651413198885602,-0.0644358511500535,-0.0637097007948464,-0.0629637435787573,-0.0621988704589603,-0.0614159868302113,-0.0606160107502226,-0.0597998711590364,-0.0589685060971625,-0.0581228609272472,-0.0572638865639167,-0.0563925377163483,-0.055509771148098,-0.0546165439584334,-0.0537138118895125,-0.05280252766337,-0.0518836393526992,-0.0509580887891548,-0.0500268100127274,-0.0490907277656185,-0.048150756033756,-0.0472077966389406,-0.0462627378844294,-0.0453164532564581,-0.0443698001840546,-0.0434236188592645,-0.0424787311196618
-0.0450780780242772,-0.0460807850761905,-0.04708486487,-0.0480894452784784,-0.049093634696771,-0.0500965232282868,-0.0510971839366639,-0.0520946741618343,-0.0530880368979657,-0.0540763022307494,-0.0550584888314116,-0.0560336055044436,-0.0570006527858833,-0.057958624588839,-0.0589065098925584,-0.0598432944713807,-0.060767962659473,-0.0616794991472781,-0.0625768908053057,-0.0634591285308227,-0.0643252091128093,-0.0651741371104368,-0.0660049267402227,-0.0668166037669147,-0.0676082073930884,-0.0683787921423641,-0.0691274297311018,-0.0698532109234601,-0.0705552473646069,-0.0712326733869683,-0.0718846477843732,-0.0725103555490194,-0.0731090095662777,-0.0736798522623556,-0.0742221572000563,-0.0747352306179178,-0.075218412908146,-0.0756710800289575,-0.0760926448471175,-0.0764825584066076,-0.0768403111195831,-0.0771654338760158,-0.0774574990686672,-0.077716121530203,-0.0779409593795914,-0.0781317147752409,-0.0782881345724487,-0.0784100108832263,-0.0784971815367146,-0.0785495304387688,-0.0785669878296139,-0.0785495304387658,-0.0784971815367146,-0.0784100108832263,-0.0782881345724514,-0.0781317147752409,-0.0779409593795943,-0.0777161215302029,-0.0774574990686701,-0.0771654338760156,-0.076840311119583,-0.0764825584066103,-0.0760926448471203,-0.0756710800289546,-0.0752184129081458,-0.0747352306179205,-0.0742221572000564,-0.0736798522623556,-0.0731090095662806,-0.0725103555490194,-0.0718846477843702,-0.071232673386968,-0.0705552473646042,-0.0698532109234601,-0.0691274297311019,-0.0683787921423669,-0.0676082073930909,-0.0668166037669174,-0.0660049267402225,-0.0651741371104395,-0.0643252091128091,-0.0634591285308227,-0.0625768908053029,-0.0616794991472782,-0.0607679626594759,-0.0598432944713807,-0.0589065098925585,-0.0579586245888364,-0.0570006527858861,-0.0560336055044434,-0.0550584888314146,-0.0540763022307496,-0.0530880368979656,-0.0520946741618371,-0.0510971839366638,-0.0500965232282868,-0.0490936346967709,-0.0480894452784785,-0.04708486487,-0.0460807850761905,-0.0450780780242772
-0.0476918290210735,-0.0487526757868188,-0.0498149748898141,-0.0508778036344886,-0.0519402187182953,-0.0530012574863314,-0.0540599392559143,-0.0551152667089462,-0.056166227349769,-0.0572117950257734,-0.0582509315080416,-0.0592825881288222,-0.0603057074724852,-0.0613192251164441,-0.0623220714181938,-0.0633131733444745,-0.0642914563383515,-0.0652558462198224,-0.066205271115365,-0.0671386634116963,-0.0680549617288617,-0.0689531129076303,-0.0698320740060776,-0.0706908143001213,-0.0715283172826486,-0.0723435826559594,-0.0731356283119808,-0.0739034922948663,-0.0746462347405326,-0.0753629397876162,-0.0760527174545027,-0.0767147054769879,-0.0773480711013723,-0.0779520128276472,-0.0785257620977965,-0.0790685849241534,-0.0795797834530488,-0.0800586974590447,-0.0805047057653058,-0.080917227585827,-0.0812957237854606,-0.0816396980538939,-0.0819486979900366,-0.082222316093494,-0.0824601906600366,-0.0826620065783883,-0.0828274960258299,-0.0829564390604537,-0.0830486641082812,-0.0831040483437138,-0.083122517962116,-0.0831040483437137,-0.083048664108284,-0.0829564390604537,-0.0828274960258298,-0.0826620065783912,-0.0824601906600365,-0.082222316093494,-0.0819486979900367,-0.0816396980538941,-0.0812957237854607,-0.08091722758583,-0.0805047057653058,-0.0800586974590448,-0.0795797834530515,-0.0790685849241534,-0.0785257620977965,-0.0779520128276473,-0.0773480711013694,-0.076714705476985,-0.0760527174544999,-0.0753629397876191,-0.0746462347405326,-0.0739034922948689,-0.0731356283119781,-0.0723435826559594,-0.0715283172826486,-0.0706908143001184,-0.0698320740060805,-0.0689531129076304,-0.0680549617288616,-0.0671386634116991,-0.0662052711153648,-0.0652558462198225,-0.0642914563383515,-0.0633131733444746,-0.0623220714181938,-0.0613192251164441,-0.0603057074724853,-0.0592825881288221,-0.0582509315080417,-0.0572117950257706,-0.0561662273497689,-0.0551152667089462,-0.0540599392559116,-0.0530012574863342,-0.0519402187182981,-0.0508778036344886,-0.0498149748898139,-0.0487526757868189,-0.0476918290210706
-0.0503185646290758,-0.0514378399355452,-0.052558647570031,-0.053680014017419,-0.0548009440206227,-0.0559204219043449,-0.0570374129725782,-0.0581508649776781,-0.0592597096584784,-0.0603628643446999,-0.0614592336246125,-0.062547711072705,-0.0636271810337897,-0.0646965204597887,-0.0657546007952156,-0.066800289907064,-0.067832454054745,-0.0688499598953565,-0.0698516765195153,-0.0708364775127106,-0.0718032430370809,-0.0727508619282643,-0.0736782338019498,-0.0745842711645788,-0.0754679015226206,-0.0763280694846971,-0.077163738850913,-0.0779738946835221,-0.0787575453532938,-0.0795137245557255,-0.0802414932914427,-0.0809399418051001,-0.0816081914771823,-0.08224539666326,-0.0828507464752382,-0.0834234664994223,-0.0839628204462638,-0.0844681117269089,-0.0849386849518032,-0.0853739273468412,-0.0857732700827811,-0.0861361895138885,-0.0864622083220655,-0.086750896562905,-0.087001872610496,-0.0872148039980981,-0.0873894081520484,-0.0875254530166356,-0.0876227575680643,-0.0876811922158243,-0.0877006790903352,-0.0876811922158269,-0.0876227575680643,-0.0875254530166356,-0.0873894081520484,-0.087214803998101,-0.087001872610496,-0.0867508965629051,-0.0864622083220653,-0.0861361895138884,-0.0857732700827811,-0.0853739273468442,-0.0849386849518062,-0.084468111726909,-0.0839628204462608,-0.0834234664994223,-0.0828507464752382,-0.0822453966632601,-0.0816081914771796,-0.0809399418051,-0.0802414932914427,-0.0795137245557255,-0.0787575453532938,-0.0779738946835193,-0.0771637388509129,-0.0763280694847001,-0.0754679015226175,-0.0745842711645816,-0.0736782338019498,-0.0727508619282643,-0.0718032430370807,-0.0708364775127106,-0.0698516765195153,-0.0688499598953594,-0.067832454054745,-0.0668002899070641,-0.0657546007952154,-0.0646965204597887,-0.0636271810337898,-0.0625477110727051,-0.0614592336246155,-0.0603628643447,-0.0592597096584813,-0.0581508649776784,-0.0570374129725781,-0.0559204219043421,-0.0548009440206226,-0.0536800140174162,-0.0525586475700309,-0.0514378399355452,-0.0503185646290757
-0.0529570459495999,-0.0541350110658946,-0.055314588858656,-0.0564947547659763,-0.0576744613439307,-0.0588526396597239,-0.0600282007625021,-0.0612000372294534,-0.0623670247845421,-0.0635280239870893,-0.0646818819868582,-0.0658274343423076,-0.0669635068982671,-0.0680889177190223,-0.0692024790726599,-0.0703029994621697,-0.071389285698656,-0.0724601450117666,-0.0735143871922598,-0.0745508267614793,-0.0755682851622514,-0.0765655929657029,-0.0775415920882785,-0.0784951380130967,-0.0794251020098451,-0.0803303733471317,-0.0812098614913497,-0.0820624982859426,-0.0828872401050605,-0.0836830699755001,-0.0844489996609354,-0.0851840717025105,-0.0858873614098224,-0.0865579787966103,-0.0871950704554212,-0.0877978213657568,-0.088365456630324,-0.0888972431342604,-0.0893924911222992,-0.0898505556891858,-0.090270838178811,-0.0906527874877966,-0.0909959012696056,-0.0912997270354606,-0.0915638631486952,-0.0917879597094872,-0.0919717193272727,-0.0921148977783741,-0.0922173045469062,-0.0922788032472273,-0.0922993119266048,-0.0922788032472274,-0.0922173045469061,-0.0921148977783742,-0.0919717193272724,-0.0917879597094872,-0.0915638631486952,-0.0912997270354607,-0.0909959012696056,-0.0906527874877965,-0.0902708381788109,-0.0898505556891885,-0.0893924911222965,-0.0888972431342603,-0.0883654566303268,-0.0877978213657565,-0.0871950704554213,-0.0865579787966104,-0.0858873614098224,-0.0851840717025106,-0.0844489996609383,-0.0836830699754973,-0.0828872401050605,-0.0820624982859426,-0.0812098614913497,-0.0803303733471344,-0.0794251020098478,-0.0784951380130967,-0.0775415920882756,-0.076565592965703,-0.0755682851622484,-0.0745508267614792,-0.0735143871922598,-0.0724601450117639,-0.071389285698656,-0.0703029994621724,-0.06920247907266,-0.0680889177190224,-0.0669635068982671,-0.0658274343423078,-0.0646818819868582,-0.0635280239870895,-0.062367024784542,-0.0612000372294506,-0.060028200762505,-0.0588526396597239,-0.0576744613439277,-0.0564947547659793,-0.0553145888586559,-0.0541350110658947,-0.0529570459496026
-0.0556061868349592,-0.0568430788701381,-0.0580816642548492,-0.0593208671741617,-0.0605595877864553,-0.0617967036862975,-0.063031071448794,-0.0642615282530319,-0.0654868935818343,-0.0667059709947563,-0.067917549970989,-0.069120407818594,-0.0703133116460636,-0.0714950203921387,-0.0726642869094112,-0.0738198600970301,-0.0749604870776162,-0.076084915413277,-0.0771918953553564,-0.0782801821224063,-0.079348538200727,-0.0803957356615441,-0.0814205584889404,-0.0824218049123472,-0.083398289737467,-0.0843488466693154,-0.0852723306210651,-0.0861676200023415,-0.0870336189806086,-0.0878692597092589,-0.0886735045161032,-0.089445348046044,-0.0901838193516598,-0.0908879839257171,-0.0915569456696282,-0.0921898487920372,-0.092785879631933,-0.0933442684008651,-0.0938642908390278,-0.0943452697802055,-0.0947865766209215,-0.0951876326892109,-0.0955479105089941,-0.0958669349560439,-0.0961442843020852,-0.0963795911437926,-0.096572543213832,-0.0967228840714059,-0.0968304136702001,-0.0968949888019639,-0.096916523414345,-0.0968949888019639,-0.0968304136702002,-0.0967228840714061,-0.096572543213835,-0.0963795911437926,-0.0961442843020851,-0.0958669349560439,-0.095547910508994,-0.095187632689211,-0.0947865766209185,-0.0943452697802085,-0.093864290839025,-0.093344268400865,-0.092785879631933,-0.0921898487920372,-0.0915569456696281,-0.0908879839257172,-0.0901838193516569,-0.089445348046044,-0.0886735045161059,-0.0878692597092561,-0.0870336189806086,-0.0861676200023416,-0.0852723306210623,-0.0843488466693153,-0.0833982897374668,-0.0824218049123472,-0.0814205584889406,-0.0803957356615439,-0.0793485382007268,-0.0782801821224092,-0.0771918953553564,-0.0760849154132797,-0.0749604870776163,-0.0738198600970273,-0.0726642869094111,-0.0714950203921386,-0.0703133116460608,-0.0691204078185941,-0.0679175499709919,-0.0667059709947562,-0.0654868935818342,-0.064261528253029,-0.0630310714487912,-0.0617967036862976,-0.0605595877864553,-0.0593208671741589,-0.0580816642548493,-0.0568430788701408,-0.0556061868349592
-0.0582650310504678,-0.0595610658433192,-0.0608588749542547,-0.062157331127588,-0.0634552819320992,-0.0647515512938377,-0.0660449411143449,-0.0673342329717075,-0.0686181899015835,-0.0698955582549931,-0.0711650696293293,-0.0724254428688758,-0.0736753861306565,-0.0749135990113046,-0.0761387747302846,-0.0773496023645815,-0.0785447691297126,-0.0797229627016934,-0.0808828735743617,-0.0820231974462751,-0.0831426376312482,-0.0842399074863398,-0.0853137328510706,-0.0863628544914792,-0.0873860305424599,-0.0883820389419133,-0.0893496798499831,-0.0902877780467569,-0.0911951853017864,-0.0920707827087123,-0.0929134829784164,-0.0937222326841194,-0.0944960144519528,-0.0952338490906368,-0.0959347976540827,-0.0965979634307353,-0.0972224938538799,-0.0978075823271569,-0.0983524699598282,-0.0988564472065652,-0.0993188554068104,-0.0997390882190561,-0.100116592945624,-0.100450871743925,-0.100741482720479,-0.100988040904362,-0.101190219096971,-0.101347748595635,-0.101460419788701,-0.10152808262033,-0.101550646923519,-0.10152808262033,-0.101460419788698,-0.101347748595635,-0.101190219096971,-0.100988040904362,-0.100741482720479,-0.100450871743925,-0.100116592945624,-0.0997390882190589,-0.0993188554068103,-0.0988564472065624,-0.0983524699598308,-0.097807582327157,-0.0972224938538799,-0.0965979634307355,-0.0959347976540829,-0.0952338490906367,-0.09449601445195,-0.0937222326841195,-0.0929134829784165,-0.0920707827087095,-0.0911951853017864,-0.0902877780467568,-0.089349679849983,-0.088382038941916,-0.0873860305424599,-0.0863628544914765,-0.0853137328510735,-0.0842399074863398,-0.0831426376312482,-0.0820231974462752,-0.0808828735743591,-0.0797229627016934,-0.0785447691297126,-0.0773496023645788,-0.0761387747302846,-0.0749135990113046,-0.0736753861306566,-0.0724254428688758,-0.0711650696293294,-0.0698955582549929,-0.0686181899015863,-0.0673342329717048,-0.0660449411143449,-0.0647515512938405,-0.0634552819320994,-0.062157331127588,-0.0608588749542547,-0.0595610658433192,-0.0582650310504705
-0.0609327334149422,-0.0622881080042181,-0.0636453381498901,-0.0650032449841307,-0.0663606233109101,-0.0677162432089659,-0.0690688517241166,-0.0704171746482164,-0.0717599183817046,-0.073095771876461,-0.0744234086552493,-0.0757414889037954,-0.0770486616312567,-0.0783435668944492,-0.0796248380810426,-0.0808911042465624,-0.082140992499831,-0.0833731304312511,-0.0845861485780727,-0.0857786829205663,-0.0869493774029191,-0.0880968864724062,-0.0892198776302902,-0.0903170339877515,-0.0913870568200931,-0.0924286681123021,-0.0934406130890674,-0.0944216627222767,-0.0953706162089997,-0.0962863034130262,-0.0971675872629952,-0.098013366100293,-0.0988225759699268,-0.0995941928477176,-0.100327234797304,-0.101020764050617,-0.101673889005618,-0.10228576613541,-0.102855601802947,-0.103382653975903,-0.103866233836523,-0.104305707281561,-0.104700496307704,-0.105050080278326,-0.105353997067571,-0.105611844078354,-0.105823279131088,-0.105988021220364,-0.106105851137329,-0.10617661195574,-0.106200209380234,-0.106176611955737,-0.106105851137329,-0.105988021220364,-0.105823279131087,-0.105611844078357,-0.105353997067571,-0.105050080278326,-0.104700496307704,-0.104305707281558,-0.103866233836526,-0.1033826539759,-0.102855601802947,-0.10228576613541,-0.101673889005619,-0.101020764050617,-0.100327234797304,-0.0995941928477205,-0.0988225759699296,-0.098013366100293,-0.0971675872629952,-0.0962863034130291,-0.0953706162089998,-0.0944216627222795,-0.0934406130890674,-0.0924286681123021,-0.0913870568200902,-0.0903170339877515,-0.0892198776302902,-0.0880968864724063,-0.0869493774029219,-0.0857786829205662,-0.0845861485780727,-0.0833731304312538,-0.0821409924998282,-0.0808911042465597,-0.0796248380810455,-0.0783435668944491,-0.0770486616312567,-0.0757414889037954,-0.0744234086552493,-0.0730957718764611,-0.0717599183817047,-0.0704171746482164,-0.0690688517241167,-0.0677162432089659,-0.0663606233109101,-0.0650032449841308,-0.0636453381498902,-0.0622881080042181,-0.0609327334149393
-0.0636085441338941,-0.0650234388800845,-0.066440270667898,-0.0678578088605044,-0.0692747953366808,-0.0706899461641842,-0.0721019533663906,-0.0735094867793463,-0.0749111959961397,-0.0763057123950521,-0.0776916512476895,-0.0790676139029445,-0.0804321900423274,-0.0817839600018681,-0.0831214971555847,-0.0844433703551027,-0.0857481464198647,-0.0870343926720428,-0.0883006795100536,-0.0895455830143645,-0.0907676875790984,-0.091965588562688,-0.0931378949508144,-0.0942832320245703,-0.095400244026833,-0.0964875968196168,-0.0975439805251959,-0.0985681121436912,-0.0995587381399041,-0.10051463699206,-0.101434621695246,-0.102317542212426,-0.103162287865895,-0.103967789662296,-0.104733022544345,-0.10545700756266,-0.10613881396124,-0.106777561170392,-0.107372420701161,-0.107922617935478,-0.108427433806729,-0.108886206365543,-0.109298332226072,-0.10966326788836,-0.109980530932677,-0.110249701082218,-0.110470421130859,-0.110642397733074,-0.110765402053635,-0.110839270275007,-0.110863903960933,-0.110839270275007,-0.110765402053635,-0.110642397733077,-0.110470421130859,-0.11024970108222,-0.109980530932677,-0.10966326788836,-0.109298332226072,-0.108886206365542,-0.108427433806729,-0.107922617935478,-0.107372420701161,-0.106777561170392,-0.10613881396124,-0.105457007562663,-0.104733022544345,-0.103967789662296,-0.103162287865895,-0.102317542212426,-0.101434621695249,-0.10051463699206,-0.0995587381399042,-0.0985681121436883,-0.0975439805251931,-0.0964875968196167,-0.0954002440268328,-0.0942832320245675,-0.0931378949508115,-0.0919655885626909,-0.0907676875791011,-0.0895455830143674,-0.0883006795100535,-0.0870343926720428,-0.0857481464198675,-0.0844433703551029,-0.0831214971555876,-0.0817839600018682,-0.0804321900423273,-0.0790676139029445,-0.0776916512476867,-0.076305712395052,-0.0749111959961398,-0.0735094867793463,-0.0721019533663876,-0.0706899461641813,-0.0692747953366779,-0.0678578088605043,-0.066440270667898,-0.0650234388800845,-0.0636085441338912
-0.0662917957121752,-0.0677663761281544,-0.0692429752975824,-0.0707203106706509,-0.0721970710537785,-0.073671918353556,-0.0751434894179064,-0.0766103979714708,-0.078071236642009,-0.0795245790741081,-0.080968982126244,-0.082402988146847,-0.0838251273248042,-0.0852339201092928,-0.0866278796937981,-0.0880055145586222,-0.0893653310661876,-0.0907058361028318,-0.0920255397609073,-0.0933229580545168,-0.0945966156621105,-0.09584504868898,-0.0970668074424881,-0.0982604592128374,-0.0994245910518907,-0.100557812542621,-0.10165875855164,-0.102726091957239,-0.103758506345314,-0.104754728665624,-0.105713521840857,-0.106633687321009,-0.107514067575757,-0.108353548517504,-0.10915106184814,-0.109905587322449,-0.110616154921586,-0.111281846930068,-0.111901799910096,-0.112475206567256,-0.113001317501956,-0.113479442841271,-0.113908953746227,-0.114289283789966,-0.114619930202443,-0.114900454977977,-0.115130485842122,-0.115309717074914,-0.115437910187983,-0.115514894453345,-0.115540567282322,-0.115514894453348,-0.115437910187983,-0.115309717074914,-0.115130485842122,-0.114900454977977,-0.114619930202443,-0.114289283789966,-0.113908953746227,-0.113479442841268,-0.113001317501958,-0.112475206567256,-0.111901799910093,-0.111281846930065,-0.110616154921586,-0.109905587322449,-0.109151061848137,-0.108353548517504,-0.107514067575754,-0.106633687321009,-0.105713521840856,-0.104754728665624,-0.103758506345311,-0.102726091957241,-0.10165875855164,-0.100557812542621,-0.0994245910518936,-0.0982604592128402,-0.0970668074424881,-0.0958450486889773,-0.0945966156621132,-0.0933229580545167,-0.0920255397609044,-0.090705836102829,-0.0893653310661877,-0.0880055145586248,-0.0866278796937983,-0.0852339201092955,-0.0838251273248042,-0.0824029881468471,-0.0809689821262412,-0.0795245790741109,-0.0780712366420118,-0.0766103979714708,-0.0751434894179064,-0.0736719183535587,-0.0721970710537785,-0.0707203106706481,-0.0692429752975825,-0.0677663761281573,-0.0662917957121781
-0.0689818919638377,-0.0705163103010454,-0.0720528293119555,-0.0735901144013778,-0.0751268011679825,-0.0766614972190336,-0.0781927840862468,-0.0797192192397324,-0.0812393381966131,-0.0827516567205071,-0.0842546731077373,-0.0857468705557959,-0.0872267196091715,-0.088692680677436,-0.0901432066200027,-0.0915767453918878,-0.0929917427442407,-0.0943866449734093,-0.0957599017118597,-0.0971099687540969,-0.0984353109105777,-0.0997344048822851,-0.101005742148611,-0.102247831860924,-0.103459203734179,-0.104638410928743,-0.105784032914635,-0.106894678310245,-0.10796898768767,-0.109005636336774,-0.110003336980104,-0.110960842430952,-0.111876948186836,-0.112750494950916,-0.113580371073936,-0.114365514909515,-0.115104917075802,-0.115797622616762,-0.116442733056622,-0.117039408341262,-0.117586868660727,-0.118084396147306,-0.118531336443987,-0.118927100138512,-0.119271164058622,-0.119563072424522,-0.119802437855016,-0.119988942224134,-0.12012233736574,-0.12020244562377,-0.120229160246534,-0.12020244562377,-0.12012233736574,-0.119988942224136,-0.119802437855016,-0.119563072424522,-0.119271164058622,-0.118927100138509,-0.118531336443987,-0.118084396147309,-0.117586868660727,-0.117039408341259,-0.116442733056624,-0.115797622616763,-0.115104917075802,-0.114365514909515,-0.113580371073936,-0.112750494950916,-0.111876948186839,-0.110960842430952,-0.110003336980104,-0.109005636336774,-0.10796898768767,-0.106894678310245,-0.105784032914635,-0.104638410928741,-0.103459203734176,-0.102247831860921,-0.101005742148608,-0.0997344048822852,-0.0984353109105774,-0.0971099687540969,-0.0957599017118597,-0.0943866449734093,-0.0929917427442406,-0.0915767453918879,-0.0901432066200027,-0.0886926806774359,-0.0872267196091744,-0.0857468705557961,-0.0842546731077374,-0.0827516567205071,-0.0812393381966132,-0.0797192192397324,-0.0781927840862469,-0.0766614972190363,-0.0751268011679825,-0.0735901144013777,-0.0720528293119554,-0.0705163103010452,-0.0689818919638376
-0.0716782987372753,-0.0732726953655959,-0.0748692747800507,-0.0764666502179684,-0.0780634039454551,-0.0796580891430685,-0.0812492318965624,-0.0828353332895491,-0.0844148715945393,-0.0859863045583996,-0.0875480717779402,-0.0890985971609326,-0.0906362914675712,-0.0921595549269625,-0.0936667799229388,-0.0951563537432177,-0.0966266613855115,-0.0980760884140461,-0.0995030238595548,-0.100905863155695,-0.10228301110448,-0.10363288486324,-0.10495391694539,-0.106244558227081,-0.10750328095186,-0.108728581725134,-0.109918984490369,-0.111073043478766,-0.112189346124277,-0.113266515935664,-0.114303215317591,-0.115298148332541,-0.116250063395695,-0.1171577558949,-0.118020070728076,-0.118835904750541,-0.119604209125114,-0.120323991567847,-0.120994318482787,-0.121614316979259,-0.122183176765621,-0.122700151913705,-0.123164562488586,-0.123575796038693,-0.123933308941691,-0.124236627601987,-0.124485349496179,-0.124679144063201,-0.124817753436444,-0.124900993015509,-0.124928751875937,-0.124900993015509,-0.124817753436441,-0.124679144063201,-0.124485349496176,-0.124236627601987,-0.123933308941691,-0.123575796038693,-0.123164562488585,-0.122700151913705,-0.122183176765619,-0.121614316979256,-0.120994318482784,-0.120323991567847,-0.119604209125114,-0.118835904750541,-0.118020070728076,-0.1171577558949,-0.116250063395692,-0.115298148332542,-0.114303215317594,-0.113266515935666,-0.112189346124277,-0.111073043478769,-0.109918984490366,-0.108728581725134,-0.10750328095186,-0.106244558227081,-0.104953916945387,-0.103632884863243,-0.10228301110448,-0.100905863155694,-0.0995030238595577,-0.0980760884140435,-0.0966266613855143,-0.0951563537432177,-0.0936667799229416,-0.0921595549269625,-0.0906362914675739,-0.0890985971609326,-0.0875480717779402,-0.0859863045583995,-0.0844148715945394,-0.0828353332895492,-0.0812492318965624,-0.0796580891430713,-0.0780634039454551,-0.0764666502179657,-0.0748692747800508,-0.0732726953655987,-0.0716782987372782
-0.0743805360513159,-0.0760350406640378,-0.0776918103528768,-0.0793494060748802,-0.0810063566482755,-0.0826611607092139,-0.0843122887775965,-0.0859581854286081,-0.0875972715663708,-0.0892279467955537,-0.0908485918865116,-0.0924575713291039,-0.0940532359699465,-0.0956339257275542,-0.0971979723794082,-0.0987437024147477,-0.100269439946481,-0.101773509675379,-0.103254239899414,-0.104709965560859,-0.106139031323542,-0.107539794672381,-0.108910629027298,-0.110249926863232,-0.111556102828039,-0.112827596849882,-0.114062877225599,-0.115260443681615,-0.116418830398808,-0.117536608992902,-0.118612391441848,-0.11964483295191,-0.120632634754128,-0.121574546823054,-0.122469370509811,-0.123315961081699,-0.124113230160879,-0.12486014805477,-0.12555574597131,-0.126199118112265,-0.126789423638391,-0.12732588850038,-0.12780780713009,-0.128234543986827,-0.128605534953948,-0.128920288581538,-0.12917838717126,-0.129379487700053,-0.129523322579856,-0.129609700250933,-0.129638505607022,-0.129609700250933,-0.129523322579856,-0.129379487700054,-0.12917838717126,-0.128920288581541,-0.128605534953948,-0.128234543986827,-0.12780780713009,-0.12732588850038,-0.126789423638391,-0.126199118112265,-0.125555745971313,-0.124860148054773,-0.124113230160876,-0.123315961081699,-0.122469370509811,-0.121574546823054,-0.120632634754128,-0.119644832951911,-0.118612391441846,-0.117536608992902,-0.116418830398808,-0.115260443681614,-0.114062877225599,-0.112827596849879,-0.111556102828039,-0.110249926863229,-0.108910629027298,-0.107539794672381,-0.106139031323539,-0.104709965560859,-0.103254239899414,-0.101773509675382,-0.100269439946484,-0.0987437024147507,-0.0971979723794082,-0.0956339257275541,-0.0940532359699465,-0.092457571329101,-0.0908485918865088,-0.0892279467955508,-0.0875972715663736,-0.085958185428608,-0.0843122887775964,-0.0826611607092139,-0.0810063566482727,-0.0793494060748832,-0.0776918103528769,-0.0760350406640405,-0.0743805360513158
-0.0770881713979544,-0.0788029040677486,-0.0805199842680333,-0.0822379205711299,-0.0839551882406086,-0.0856702312592815,-0.0873814644701775,-0.0890872758271851,-0.0907860287514258,-0.092476064589228,-0.0941557051669852,-0.0958232554379402,-0.0974770062154579,-0.0991152369869766,-0.100736218802561,-0.102338217231522,-0.103919495380327,-0.105478316964723,-0.107012949428594,-0.108521667102001,-0.110002754390431,-0.111454508987211,-0.112875245100719,-0.114263296688005,-0.115617020686196,-0.116934800232978,-0.118215047867416,-0.119456208702265,-0.12065676355896,-0.121815232056512,-0.122930175645438,-0.124000200578183,-0.125023960807394,-0.126000160803601,-0.126927558284145,-0.127804966845232,-0.128631258489375,-0.129405366040642,-0.130126285440541,-0.130793077917546,-0.131404872023784,-0.131960865532643,-0.132460327191555,-0.132902598324573,-0.133287094279817,-0.13361330571738,-0.133880799733666,-0.134089220818735,-0.134238291643657,-0.134327813675447,-0.13435766761769,-0.134327813675447,-0.134238291643657,-0.134089220818735,-0.133880799733666,-0.13361330571738,-0.133287094279817,-0.132902598324576,-0.132460327191555,-0.131960865532643,-0.131404872023781,-0.130793077917546,-0.130126285440544,-0.129405366040642,-0.128631258489375,-0.127804966845232,-0.126927558284145,-0.126000160803601,-0.125023960807394,-0.124000200578183,-0.122930175645436,-0.121815232056512,-0.12065676355896,-0.119456208702263,-0.118215047867416,-0.116934800232978,-0.115617020686196,-0.114263296688005,-0.112875245100716,-0.111454508987211,-0.110002754390431,-0.108521667101998,-0.107012949428594,-0.105478316964722,-0.10391949538033,-0.102338217231519,-0.100736218802564,-0.0991152369869794,-0.0974770062154579,-0.0958232554379402,-0.0941557051669822,-0.0924760645892281,-0.0907860287514258,-0.0890872758271851,-0.0873814644701774,-0.0856702312592786,-0.0839551882406085,-0.0822379205711298,-0.0805199842680333,-0.0788029040677487,-0.0770881713979515
-0.079800814014728,-0.08157588612224,-0.0833533883670893,-0.0851317768400085,-0.0869094731508763,-0.0886848665280727,-0.0904563160348183,-0.0922221528989715,-0.0939806829523669,-0.0957301891752381,-0.0974689343410172,-0.0991951637562413,-0.100907108089986,-0.102602986286867,-0.104281008557222,-0.105939379437771,-0.107576300915737,-0.10918997560905,-0.110778609994968,-0.112340417679242,-0.113873622697608,-0.115376462841195,-0.116847192997351,-0.118284088497027,-0.119685448459884,-0.121049599128115,-0.12237489717989,-0.123659733013297,-0.124902533991665,-0.126101767641113,-0.12725594479129,-0.128363622650304,-0.129423407804959,-0.130433959137619,-0.131393990651152,-0.132302274193601,-0.133157642074562,-0.133958989565441,-0.134705277276097,-0.135395533400724,-0.136028855826227,-0.136604414096571,-0.137121451227267,-0.137579285364336,-0.137977311282677,-0.138315001719304,-0.138591908537261,-0.138807663716616,-0.138961980169569,-0.139054652376985,-0.139085556844548,-0.139054652376982,-0.138961980169569,-0.138807663716616,-0.138591908537261,-0.138315001719304,-0.137977311282677,-0.137579285364334,-0.13712145122727,-0.136604414096571,-0.136028855826224,-0.135395533400724,-0.134705277276095,-0.133958989565444,-0.133157642074565,-0.132302274193601,-0.131393990651152,-0.130433959137619,-0.129423407804956,-0.128363622650304,-0.127255944791293,-0.126101767641113,-0.124902533991665,-0.1236597330133,-0.122374897179887,-0.121049599128115,-0.119685448459882,-0.118284088497025,-0.116847192997349,-0.115376462841195,-0.113873622697608,-0.112340417679245,-0.110778609994968,-0.109189975609048,-0.107576300915737,-0.105939379437771,-0.104281008557225,-0.102602986286867,-0.100907108089983,-0.0991951637562413,-0.097468934341017,-0.095730189175238,-0.0939806829523668,-0.0922221528989715,-0.0904563160348154,-0.0886848665280727,-0.0869094731508792,-0.0851317768400056,-0.0833533883670893,-0.0815758861222401,-0.0798008140147308
-0.082518109966833,-0.0843536250198451,-0.0861916529587518,-0.0880305973026684,-0.089868825915734,-0.0917046731779797,-0.0935364422771175,-0.095362407617681,-0.097180817343415,-0.0989898959683544,-0.100787847111654,-0.10257285633082,-0.104343094047481,-0.106096718559566,-0.107831879133322,-0.109546719168183,-0.111239379427275,-0.112908001325903,-0.114550730270124,-0.116165719037211,-0.117751131189569,-0.119305144513395,-0.120825954473237,-0.122311777673376,-0.12376085531683,-0.125171456652699,-0.126541882402429,-0.127870468155587,-0.12915558772568,-0.130395656456596,-0.131589134470268,-0.13273452984632,-0.13383040172448,-0.134875363320738,-0.135868084848501,-0.13680729633603,-0.137691790331924,-0.13852042449049,-0.139292124029335,-0.140005884051716,-0.1406607717267,-0.141255928320417,-0.141790571072305,-0.142263994910592,-0.142675574001668,-0.143024763128726,-0.143311098895306,-0.143534200750042,-0.143693771829504,-0.143789599616436,-0.143821556411417,-0.143789599616436,-0.143693771829504,-0.143534200750042,-0.143311098895306,-0.143024763128726,-0.142675574001668,-0.142263994910592,-0.141790571072308,-0.141255928320417,-0.140660771726701,-0.140005884051719,-0.139292124029335,-0.13852042449049,-0.137691790331924,-0.136807296336033,-0.135868084848501,-0.134875363320738,-0.13383040172448,-0.13273452984632,-0.131589134470268,-0.130395656456593,-0.12915558772568,-0.127870468155588,-0.126541882402429,-0.125171456652699,-0.123760855316833,-0.122311777673379,-0.12082595447324,-0.119305144513395,-0.117751131189569,-0.116165719037211,-0.114550730270121,-0.112908001325903,-0.111239379427275,-0.109546719168183,-0.107831879133322,-0.106096718559566,-0.104343094047481,-0.10257285633082,-0.100787847111654,-0.0989898959683545,-0.0971808173434179,-0.0953624076176811,-0.0935364422771177,-0.0917046731779798,-0.0898688259157341,-0.0880305973026656,-0.0861916529587518,-0.0843536250198451,-0.082518109966833
-0.085239737908394,-0.0871357922667483,-0.0890344423914736,-0.0909340391462525,-0.0928328965638152,-0.0947292940883883,-0.0966214789431023,-0.0985076686185828,-0.100386053478515,-0.102254799477509,-0.104112050986165,-0.105955933717689,-0.107784557750211,-0.109596020638295,-0.11138841060694,-0.113159809820823,-0.114908297721367,-0.116631954423691,-0.118328864165275,-0.119997118797949,-0.121634821314379,-0.123240089400163,-0.124811059002322,-0.126345887904838,-0.127842759301755,-0.129299885358216,-0.130715510749744,-0.132087916170003,-0.133415421797312,-0.134696390710124,-0.135929232241826,-0.137112405265247,-0.138244421397377,-0.139323848115044,-0.14034931177237,-0.141319500511181,-0.142233167055672,-0.143089131383097,-0.143886283262384,-0.144623584653094,-0.145300071957487,-0.145914858118771,-0.146467134559225,-0.146956172952268,-0.147381326822925,-0.14774203297195,-0.148037812719047,-0.14826827296144,-0.148433107044486,-0.148532095441648,-0.148565106241699,-0.148532095441651,-0.148433107044486,-0.148268272961443,-0.14803781271905,-0.147742032971953,-0.147381326822925,-0.146956172952268,-0.146467134559225,-0.145914858118769,-0.145300071957489,-0.144623584653097,-0.143886283262381,-0.143089131383099,-0.142233167055675,-0.141319500511181,-0.14034931177237,-0.139323848115044,-0.138244421397374,-0.137112405265246,-0.135929232241829,-0.134696390710124,-0.133415421797312,-0.132087916170003,-0.130715510749743,-0.129299885358214,-0.127842759301755,-0.126345887904838,-0.124811059002325,-0.123240089400163,-0.121634821314379,-0.119997118797946,-0.118328864165275,-0.116631954423691,-0.114908297721369,-0.113159809820823,-0.11138841060694,-0.109596020638295,-0.107784557750209,-0.105955933717689,-0.104112050986165,-0.102254799477509,-0.100386053478512,-0.0985076686185855,-0.0966214789431051,-0.0947292940883884,-0.0928328965638123,-0.0909340391462553,-0.0890344423914737,-0.0871357922667455,-0.0852397379083967
-0.0879654054160693,-0.0899220889350014,-0.0918814512238039,-0.0938417904125585,-0.0958013666226852,-0.0977584042810904,-0.0997110945632488,-0.101657597961386,-0.103596046973381,-0.105524548907515,-0.107441188797867,-0.109344032424539,-0.111231129432592,-0.113100516543074,-0.114950220849121,-0.116778263189775,-0.118582661593745,-0.120361434784962,-0.122112605741555,-0.123834205299473,-0.125524275791758,-0.127180874714193,-0.128802078407929,-0.130385985749352,-0.13193072183743,-0.133434441668628,-0.134895333789352,-0.136311623915889,-0.137681578511758,-0.139003508312409,-0.140275771787301,-0.141496778529417,-0.142664992562496,-0.143778935556298,-0.144837189940575,-0.145838401908532,-0.146781284300871,-0.147664619361857,-0.148487261359121,-0.149248139059349,-0.149946258052322,-0.150580702916283,-0.151150639218042,-0.151655315341685,-0.152094064140242,-0.152466304405331,-0.152771542150141,-0.153009371701848,-0.15317947660007,-0.153281630298586,-0.153315696668109,-0.153281630298585,-0.153179476600071,-0.153009371701848,-0.152771542150141,-0.152466304405334,-0.152094064140242,-0.151655315341685,-0.151150639218042,-0.150580702916284,-0.149946258052322,-0.149248139059352,-0.148487261359124,-0.147664619361854,-0.146781284300871,-0.145838401908532,-0.144837189940575,-0.143778935556298,-0.142664992562494,-0.141496778529417,-0.140275771787304,-0.139003508312412,-0.137681578511758,-0.136311623915889,-0.134895333789349,-0.133434441668628,-0.13193072183743,-0.130385985749352,-0.128802078407929,-0.12718087471419,-0.125524275791758,-0.123834205299476,-0.122112605741558,-0.120361434784962,-0.118582661593745,-0.116778263189775,-0.114950220849121,-0.113100516543077,-0.111231129432595,-0.109344032424539,-0.107441188797867,-0.105524548907515,-0.103596046973381,-0.101657597961386,-0.099711094563246,-0.0977584042810904,-0.0958013666226853,-0.0938417904125585,-0.0918814512238039,-0.0899220889349984,-0.0879654054160693
-0.0906948458066949,-0.0927122424093998,-0.0947324009003635,-0.0967535666030826,-0.0987739456530459,-0.100791707383666,-0.102804986845185,-0.104811887452547,-0.106810483757712,-0.108798824341457,-0.110774934819208,-0.112736820955001,-0.114682471877185,-0.116609863389064,-0.118516961367312,-0.120401725240448,-0.122262111539448,-0.124096077512082,-0.125901584792344,-0.127676603115827,-0.129419114071981,-0.131127114883471,-0.132798622203071,-0.134431675918031,-0.136024342951823,-0.1375747210531,-0.139080942561457,-0.14054117813971,-0.141953640462217,-0.143316587848983,-0.144628327835117,-0.145887220665559,-0.1470916827049,-0.148240189752446,-0.149331280252764,-0.150363558392384,-0.151335697073297,-0.152246440754551,-0.15309460815335,-0.153879094797546,-0.154598875421786,-0.155253006200104,-0.155840626808039,-0.156360962308109,-0.156813324852736,-0.15719711519947,-0.157511824033801,-0.157757033095455,-0.157932416104745,-0.158037739486041,-0.158072862886162,-0.158037739486044,-0.157932416104748,-0.157757033095455,-0.157511824033801,-0.15719711519947,-0.156813324852736,-0.156360962308109,-0.155840626808039,-0.155253006200104,-0.154598875421789,-0.153879094797546,-0.15309460815335,-0.152246440754551,-0.151335697073297,-0.150363558392384,-0.149331280252764,-0.148240189752443,-0.147091682704903,-0.145887220665559,-0.144628327835117,-0.143316587848983,-0.141953640462217,-0.14054117813971,-0.139080942561457,-0.137574721053097,-0.13602434295182,-0.134431675918033,-0.132798622203074,-0.131127114883471,-0.129419114071981,-0.127676603115827,-0.125901584792342,-0.124096077512085,-0.122262111539445,-0.120401725240445,-0.118516961367312,-0.116609863389065,-0.114682471877182,-0.112736820955001,-0.110774934819208,-0.108798824341457,-0.106810483757715,-0.104811887452547,-0.102804986845187,-0.100791707383666,-0.0987739456530488,-0.0967535666030854,-0.0947324009003635,-0.0927122424093969,-0.0906948458066947
-0.093427815366089,-0.095506003554638,-0.0975870368573035,-0.0996691077227275,-0.101750368230651,-0.103828932549758,-0.105902879532502,-0.107970255442733,-0.110029076811572,-0.112077333416348,-0.114112991377022,-0.116133996363953,-0.118138276910521,-0.120123747823545,-0.122088313684063,-0.124029872430665,-0.125946319017089,-0.127835549135466,-0.129695462996297,-0.131523969155861,-0.133318988381448,-0.13507845754468,-0.136800333532778,-0.138482597167577,-0.140123257121834,-0.14172035382237,-0.143271963329304,-0.144776201180778,-0.146231226192454,-0.147635244201102,-0.148986511741643,-0.150283339647157,-0.151524096561468,-0.152707212354103,-0.153831181427594,-0.154894565907461,-0.155895998705351,-0.156834186446244,-0.157707912250944,-0.158516038365489,-0.159257508629512,-0.159931350776092,-0.160536678556021,-0.161072693680107,-0.161538687573387,-0.161934042936033,-0.162258235106013,-0.162510833219329,-0.162691501164289,-0.162799998326768,-0.162836180124224,-0.162799998326768,-0.162691501164289,-0.162510833219329,-0.162258235106013,-0.161934042936033,-0.161538687573387,-0.161072693680107,-0.160536678556021,-0.159931350776089,-0.159257508629512,-0.158516038365486,-0.157707912250947,-0.156834186446244,-0.155895998705351,-0.154894565907461,-0.153831181427594,-0.152707212354103,-0.151524096561468,-0.150283339647157,-0.148986511741643,-0.147635244201105,-0.146231226192454,-0.144776201180778,-0.143271963329304,-0.141720353822372,-0.140123257121834,-0.138482597167577,-0.136800333532781,-0.13507845754468,-0.133318988381448,-0.131523969155861,-0.129695462996298,-0.127835549135464,-0.125946319017089,-0.124029872430665,-0.122088313684063,-0.120123747823542,-0.118138276910524,-0.116133996363953,-0.114112991377022,-0.112077333416348,-0.110029076811572,-0.107970255442733,-0.105902879532502,-0.103828932549761,-0.101750368230651,-0.0996691077227276,-0.0975870368573034,-0.095506003554638,-0.0934278153660918
-0.0961640909283347,-0.0983031442407439,-0.100445125993804,-0.102588175697332,-0.104730391309946,-0.10686983176887,-0.109004519660775,-0.111132444029287,-0.113251563314508,-0.115359808419186,-0.117455085895833,-0.119535281248453,-0.121598262342155,-0.123641882913471,-0.125663986173677,-0.127662408497044,-0.129634983185579,-0.131579544301305,-0.133493930556951,-0.135375989255447,-0.137223580268371,-0.139034580043286,-0.140806885629563,-0.142538418712167,-0.144227129642691,-0.145871001456777,-0.147468053866977,-0.149016347220085,-0.150513986407918,-0.151959124720524,-0.153349967630936,-0.1546847765006,-0.15596187219486,-0.157179638597892,-0.158336526016912,-0.159431054465568,-0.160461816816774,-0.161427481815678,-0.162326796943626,-0.163158591124579,-0.163921777265779,-0.164615354624951,-0.165238410996791,-0.165790124712127,-0.166269766443553,-0.166676700812012,-0.167010387789386,-0.167270383892711,-0.167456343166391,-0.167568017949293,-0.167605259424401,-0.16756801794929,-0.16745634316639,-0.167270383892711,-0.167010387789383,-0.166676700812012,-0.166269766443553,-0.165790124712127,-0.165238410996791,-0.164615354624954,-0.163921777265779,-0.163158591124576,-0.162326796943626,-0.161427481815681,-0.160461816816777,-0.159431054465568,-0.158336526016915,-0.157179638597892,-0.155961872194858,-0.1546847765006,-0.153349967630935,-0.151959124720527,-0.150513986407918,-0.149016347220085,-0.147468053866974,-0.145871001456779,-0.144227129642694,-0.14253841871217,-0.14080688562956,-0.139034580043285,-0.137223580268371,-0.135375989255446,-0.133493930556954,-0.131579544301305,-0.129634983185579,-0.127662408497047,-0.125663986173677,-0.123641882913471,-0.121598262342156,-0.119535281248453,-0.117455085895835,-0.115359808419186,-0.113251563314505,-0.111132444029287,-0.109004519660775,-0.10686983176887,-0.104730391309944,-0.102588175697334,-0.100445125993804,-0.098303144240741,-0.0961640909283348
-0.0989034677548662,-0.101103455174987,-0.103306454456737,-0.105510552111113,-0.107713791914246,-0.109914177509329,-0.112109675153466,-0.11429821660521,-0.116477702147797,-0.118646003742677,-0.120800968307399,-0.122940421111409,-0.12506216928279,-0.127164005418577,-0.129243711290719,-0.131299061639397,-0.133327828045007,-0.13532778286962,-0.137296703258487,-0.139232375191767,-0.141132597576306,-0.142995186367126,-0.144817978707923,-0.146598837079783,-0.148335653447016,-0.150026353389042,-0.151668900206985,-0.153261298993748,-0.154801600656171,-0.15628790587803,-0.157718369012595,-0.159091201893615,-0.160404677553787,-0.161657133839837,-0.162846976913677,-0.163972684629344,-0.165032809775661,-0.166025983174993,-0.166950916628836,-0.167806405701322,-0.168591332332237,-0.169304667271674,-0.169945472328808,-0.170512902428005,-0.171006207465883,-0.171424733963671,-0.171767926509746,-0.172035328987884,-0.172226585587416,-0.172341441592218,-0.17237974394601,-0.17234144159222,-0.172226585587413,-0.172035328987881,-0.171767926509749,-0.171424733963671,-0.17100620746588,-0.170512902428005,-0.169945472328808,-0.169304667271674,-0.168591332332237,-0.167806405701321,-0.166950916628839,-0.166025983174993,-0.165032809775658,-0.163972684629346,-0.162846976913677,-0.161657133839836,-0.16040467755379,-0.159091201893615,-0.157718369012595,-0.156287905878033,-0.154801600656171,-0.153261298993748,-0.151668900206988,-0.150026353389042,-0.148335653447016,-0.146598837079783,-0.144817978707923,-0.142995186367123,-0.141132597576309,-0.139232375191767,-0.137296703258487,-0.135327782869617,-0.133327828045007,-0.131299061639397,-0.129243711290719,-0.12716400541858,-0.12506216928279,-0.122940421111409,-0.120800968307399,-0.11864600374268,-0.116477702147799,-0.11429821660521,-0.112109675153469,-0.109914177509327,-0.107713791914246,-0.10551055211111,-0.103306454456737,-0.101103455174984,-0.0989034677548662
-0.101645757670952,-0.10390674399692,-0.10617082569421,-0.108436036218625,-0.110700365106221,-0.112961760647323,-0.115218132709586,-0.11746735570557,-0.119707271699803,-0.121935693649749,-0.124150408774582,-0.126349182045137,-0.128529759787887,-0.130689873395351,-0.132827243134807,-0.13493958204681,-0.137024599924511,-0.13908000736441,-0.141103519878819,-0.143092862059907,-0.145045771784959,-0.146960004452125,-0.148833337235726,-0.150663573350003,-0.152448546309904,-0.154186124177521,-0.155874213782567,-0.157510764905286,-0.159093774410138,-0.160621290318687,-0.162091415810073,-0.163502313137684,-0.164852207450707,-0.166139390509451,-0.16736222428359,-0.168519144422719,-0.169608663588924,-0.170629374641482,-0.171579953664097,-0.172459162825573,-0.173265853065323,-0.173998966595497,-0.174657539212113,-0.175240702408185,-0.175747685282254,-0.176177816236596,-0.176530524459724,-0.176805341188701,-0.177001900747334,-0.177119941356996,-0.177159305717619,-0.177119941356996,-0.177001900747334,-0.176805341188701,-0.176530524459724,-0.176177816236596,-0.175747685282254,-0.175240702408185,-0.174657539212113,-0.173998966595497,-0.173265853065323,-0.172459162825571,-0.171579953664094,-0.170629374641485,-0.169608663588926,-0.168519144422719,-0.16736222428359,-0.166139390509451,-0.164852207450707,-0.163502313137684,-0.162091415810073,-0.160621290318684,-0.159093774410138,-0.157510764905283,-0.155874213782567,-0.154186124177523,-0.152448546309904,-0.150663573350006,-0.148833337235728,-0.146960004452125,-0.145045771784959,-0.143092862059907,-0.141103519878819,-0.139080007364412,-0.137024599924508,-0.13493958204681,-0.132827243134807,-0.130689873395351,-0.128529759787889,-0.126349182045137,-0.124150408774584,-0.121935693649746,-0.119707271699806,-0.117467355705571,-0.115218132709586,-0.11296176064732,-0.110700365106221,-0.108436036218628,-0.10617082569421,-0.10390674399692,-0.101645757670952
-0.104390787423843,-0.106712833599997,-0.1090380587406,-0.11136444319326,-0.113689922199752,-0.11601238864224,-0.118329695942595,-0.120639661110079,-0.122940067932353,-0.125228670303936,-0.127503195685993,-0.129761348690499,-0.132000814781564,-0.134219264086038,-0.136414355305091,-0.138583739718002,-0.140725065268949,-0.142835980727149,-0.144914139910389,-0.146957205961519,-0.148962855667292,-0.150928783808481,-0.152852707530124,-0.154732370720392,-0.156565548386469,-0.158350051015669,-0.160083728909865,-0.161764476481375,-0.163390236498292,-0.164959004267357,-0.166468831742443,-0.167917831547044,-0.169304180898994,-0.17062612542614,-0.171881982861764,-0.173070146608853,-0.174189089162677,-0.175237365381482,-0.176213615595489,-0.177116568544827,-0.177945044137557,-0.178697956019363,-0.179374313947129,-0.179973225959093,-0.180493900334959,-0.18093564733993,-0.181297880747272,-0.181580119134714,-0.181781986950659,-0.181903215346934,-0.181943642775447,-0.181903215346934,-0.181781986950659,-0.181580119134714,-0.181297880747273,-0.18093564733993,-0.180493900334959,-0.179973225959093,-0.179374313947129,-0.178697956019363,-0.177945044137557,-0.177116568544827,-0.176213615595489,-0.175237365381482,-0.174189089162677,-0.173070146608853,-0.171881982861764,-0.17062612542614,-0.169304180898991,-0.167917831547044,-0.166468831742443,-0.164959004267354,-0.163390236498292,-0.161764476481375,-0.160083728909862,-0.158350051015669,-0.156565548386472,-0.154732370720389,-0.152852707530121,-0.150928783808481,-0.148962855667295,-0.146957205961522,-0.144914139910386,-0.142835980727149,-0.140725065268949,-0.138583739718002,-0.136414355305091,-0.134219264086038,-0.132000814781564,-0.129761348690499,-0.127503195685993,-0.125228670303939,-0.122940067932353,-0.120639661110082,-0.118329695942595,-0.11601238864224,-0.113689922199752,-0.11136444319326,-0.1090380587406,-0.106712833599997,-0.104390787423843
-0.107138397232398,-0.109521560648943,-0.111907986701631,-0.114295602579958,-0.116682289180392,-0.119065883924858,-0.121444183736382,-0.123814948166985,-0.126175902672674,-0.128524742029527,-0.130859133884511,-0.133176722434027,-0.135475132222609,-0.137751972053863,-0.140004839004984,-0.142231322535917,-0.144429008683734,-0.146595484332263,-0.148728341546779,-0.150825181963066,-0.152883621219913,-0.154901293423739,-0.15687585563388,-0.158804992356686,-0.160686420036591,-0.162517891531995,-0.164297200563807,-0.166022186124387,-0.167690736834615,-0.169300795236844,-0.170850362011561,-0.172337500105694,-0.17376033876069,-0.175117077428574,-0.176405989564649,-0.177625426285593,-0.178773819882099,-0.179849687175672,-0.180851632709445,-0.181778351763449,-0.18262863318523,-0.18340136202716,-0.184095521982499,-0.184710197612683,-0.185244576358997,-0.18569795033253,-0.186069717876819,-0.186359384898343,-0.18656656596084,-0.186690985139932,-0.186732476635514,-0.186690985139932,-0.18656656596084,-0.186359384898343,-0.186069717876819,-0.18569795033253,-0.185244576358997,-0.184710197612682,-0.184095521982499,-0.183401362027157,-0.18262863318523,-0.181778351763452,-0.180851632709448,-0.179849687175675,-0.178773819882099,-0.177625426285593,-0.176405989564649,-0.175117077428574,-0.17376033876069,-0.172337500105694,-0.170850362011558,-0.169300795236841,-0.167690736834615,-0.166022186124387,-0.164297200563807,-0.162517891531995,-0.160686420036591,-0.158804992356689,-0.15687585563388,-0.154901293423739,-0.152883621219913,-0.150825181963066,-0.148728341546782,-0.146595484332265,-0.144429008683736,-0.142231322535917,-0.140004839004985,-0.137751972053863,-0.135475132222612,-0.133176722434027,-0.130859133884514,-0.128524742029527,-0.126175902672674,-0.123814948166985,-0.121444183736382,-0.119065883924861,-0.116682289180389,-0.114295602579961,-0.111907986701631,-0.109521560648943,-0.107138397232401
