0,0,0,0,0,0,0,0,0,0,0,0,0,0,0,0,0,0,0,0,0,0,0,0,0,0,0,0,0,0,0,0,0,0,0,0,0,0,0,0,0,0,0,0,0,0,0,0,0,0,0,-4.87240784135247e-05,-0.00014375013556517,-4.41975936083406e-06,-9.82169701888025e-08,-2.7733807549165e-06,-1.34326066659335e-05,-3.8571146862976e-05,-8.58003532700768e-05,-0.000163968761944322,-0.000283274416810791,-0.000455356981169795,-0.000693353848840068,-0.0010118994318725,-0.00142704142793717,-0.00195604287562355,-0.00261703537526148,-0.00342848868476331,-0.00440846710173795,-0.00557365577515075,-0.00693816188949929,-0.00851212649936039,-0.0103002201013855,-0.0123001332429544,-0.0145012045605342,-0.0168833440423942,-0.019416402751829,-0.0220601104385122,-0.0247646541320102,-0.0274719132539997,-0.0301173104589963,-0.0326321902034511,-0.0349466021227253,-0.0369923424569645,-0.0387060907163962,-0.0400324679312406,-0.0409268371597002,-0.0413576690906357,-0.0413083095338163,-0.040778014463512,-0.0397821624738205,-0.038351610842268,-0.0365312236341364,-0.0343776607761206,-0.0319565689620597,-0.0293393544159876,-0.0265997428579741,-0.0238103444995351,-0.0210394424854691,-0.0183482108848774,-0.0157885399028008
-9.30264068133595e-06,-1.24921910520687e-05,-1.57349997469656e-05,-1.90063120898308e-05,-2.22940489189411e-05,-2.55915849520865e-05,-2.88949753986328e-05,-3.22017286059338e-05,-3.55102009358183e-05,-3.88192596724066e-05,-4.21269158489628e-05,-4.54283579266819e-05,-4.87162204847645e-05,-5.19793549705658e-05,-5.52004732127599e-05,-5.83520748573984e-05,-6.13896819454923e-05,-6.42431760511299e-05,-6.68201303083978e-05,-6.90617995860327e-05,-7.09838325573026e-05,-7.2588610569384e-05,-7.39203806394799e-05,-7.50650744537616e-05,-7.60910751750921e-05,-7.70414182581524e-05,-7.79423280423474e-05,-7.88101808612471e-05,-7.96555830175306e-05,-8.04856511733632e-05,-8.13053104966667e-05,-8.21180595281589e-05,-8.29264377733322e-05,-8.37323216920803e-05,-8.453711805561e-05,-8.53416870916802e-05,-8.61458280899806e-05,-8.69489301951059e-05,-8.77500759498653e-05,-8.85478368071984e-05,-8.9339878340408e-05,-9.01221298362688e-05,-9.08868475989617e-05,-9.16175978114593e-05,-9.22765214971947e-05,-9.2797973691836e-05,-9.31466720505604e-05,-9.33129174716833e-05,-9.33712560976613e-05,-9.33864173342645e-05,-9.33880653358842e-05,-0.000142109755266032,-0.000237116178935672,-9.77217753759508e-05,-9.32504962565511e-05,-9.56367901899973e-05,-0.000105824899663031,-0.000130318108745026,-0.000176770241110876,-0.000254045318564076,-0.000372350926454212,-0.000543349782842178,-0.000780203389270557,-0.00109756430191716,-0.00151149250804875,-0.00203925920436771,-0.00269900147269963,-0.00350919284109102,-0.00448790026885686,-0.00565181083256298,-0.00701503314585404,-0.00858770934556072,-0.0103745107634987,-0.0123731286024086,-0.0145729020207101,-0.0169537414278749,-0.0194854982310992,-0.0221279024637858,-0.0248311413917749,-0.0275370946351527,-0.0301811850163012,-0.032694757134663,-0.0350078607481465,-0.0370522922025111,-0.0387647310994579,-0.0400897985488016,-0.0409828576782877,-0.0414123792377692,-0.0413617090906959,-0.0408301032587295,-0.0398329403779292,-0.0384010777630707,-0.0365793795125813,-0.0344245055827196,-0.0320021026919245,-0.0293835770768329,-0.0266426544671203,-0.0238519450850634,-0.0210797320875458,-0.0183871895573035,-0.0158262077147421
-6.3443786758397e-05,-8.51073013831217e-05,-0.000107154196031238,-0.000129407069525054,-0.000151778941698145,-0.000174221939487487,-0.00019670748459166,-0.000219217490753809,-0.000241740009795599,-0.00026426679877164,-0.000286783374242285,-0.0003092547166935,-0.000331627287147577,-0.000353820214587983,-0.000375708494533849,-0.000397094305872812,-0.000417660561463697,-0.000436916441041071,-0.00045424666693501,-0.000469358439070552,-0.000482494224216571,-0.000493593004102172,-0.000502827730019907,-0.000510747736882407,-0.0005178223485639,-0.000524354127962761,-0.000530529615968735,-0.000536466116351879,-0.000542239957772265,-0.000547902527494762,-0.000553489477705153,-0.000559026181840262,-0.000564531084809947,-0.000570017830939205,-0.000575496657880935,-0.000580973829217453,-0.000586447884151885,-0.000591914379144545,-0.000597366649185644,-0.00060279433568938,-0.000608180555167881,-0.000613495973738631,-0.000618685089686196,-0.000623631175685044,-0.000628070813824348,-0.000631584036448408,-0.00063401264969306,-0.000635205550148433,-0.000635628314443257,-0.000635738554238492,-0.000635750552217943,-0.000684457238661679,-0.000779340432629507,-0.000639544855553959,-0.000634138580693744,-0.000634733201095632,-0.00064203741763063,-0.000662668436508451,-0.00070458852660896,-0.000776727370257482,-0.000889296493230853,-0.00105406776232488,-0.0012843369557905,-0.00159486259416272,-0.00200177791677726,-0.00252240328079121,-0.00317490902481066,-0.00397779165950296,-0.00494913442848127,-0.00610563623580333,-0.00746141448580107,-0.00902661798654776,-0.010805923227807,-0.0127970254667568,-0.0149892670959265,-0.0173625611383553,-0.0198867611379186,-0.0225215988929411,-0.0252172631406148,-0.0279156347378166,-0.0305521375543021,-0.033058117082437,-0.0353636238459969,-0.0374004548512358,-0.0391052902723119,-0.0404227517174393,-0.041308202750071,-0.04173011450239,-0.0416718331744824,-0.0411326150853359,-0.0401278391343618,-0.0386883628701976,-0.0368590505994319,-0.034696562463998,-0.0322665453369427,-0.0296404055340491,-0.0268918688453367,-0.0240935455606791,-0.0213137189128797,-0.0186135630701522,-0.0160449683494195
-0.000104860658066095,-0.000139840758955117,-0.000175641227953579,-0.000211889435669045,-0.000248399010770614,-0.00028506592505339,-0.000321827431191558,-0.000358643510609746,-0.00039548757441911,-0.000432341202368577,-0.000469171946947086,-0.000505901505874503,-0.000542410760743925,-0.00057852123707299,-0.000613960571371727,-0.000648306690060859,-0.00068090817195359,-0.000710836952786765,-0.000737215681546489,-0.000760559207249518,-0.000782525504549566,-0.000802298166365438,-0.000818970018335359,-0.000833108942118766,-0.000845517985798825,-0.000856781160363508,-0.000867278019990296,-0.000877254474401372,-0.00088687367139993,-0.000896246957196599,-0.000905452362029916,-0.00091454584086554,-0.000923568304199214,-0.000932550147456523,-0.000941514251569203,-0.0009504746445929,-0.000959428060416597,-0.00096836458437264,-0.000977269421892448,-0.00098611974758501,-0.000994878739411159,-0.00100348335710034,-0.00101181695354579,-0.00101964354162502,-0.00102647938904489,-0.00103188719187092,-0.00103636894150718,-0.00103888805135652,-0.00103981738482792,-0.00104006294588109,-0.00104008980271096,-0.0010887749237102,-0.00118348183875227,-0.00104311828044365,-0.00103641546417856,-0.00103462884457577,-0.00103842763799563,-0.00105513083832778,-0.00109349717935649,-0.0011622827167277,-0.00127122995842843,-0.00143196525849135,-0.00165783194502747,-0.00196367294764688,-0.00236569334257284,-0.00288126646899972,-0.00352860050043308,-0.00432621904917893,-0.00529222507378446,-0.00644333209732544,-0.0077936685773773,-0.00935339183407975,-0.0111271850232122,-0.0131127487016875,-0.0152994295327515,-0.0176671440225661,-0.0201857485863818,-0.0228149774123325,-0.0255050212436847,-0.0281977626342198,-0.0308286268989828,-0.0333289607689738,-0.035628815835446,-0.0376599900292897,-0.039359164329251,-0.0406709610465869,-0.0415507443613883,-0.0419669859485528,-0.041903032487313,-0.0413581407208856,-0.0403476899252567,-0.0389025379841214,-0.0370675495028194,-0.0348993848901663,-0.0324636912417019,-0.0298318749871598,-0.0270776620033136,-0.0242736626770809,-0.0214881603501015,-0.0187823293128966,-0.0162080600201691
-0.000133553254604505,-0.000176692563768163,-0.000221196095514122,-0.000266453410521978,-0.000312154256136534,-0.000358123541650006,-0.00040425481519858,-0.000450479788174026,-0.000496752894806669,-0.000543042470463548,-0.000589292633963736,-0.000635368725470077,-0.000681066641274218,-0.000726082422426035,-0.000769956703726881,-0.000811989227422035,-0.000851132513415723,-0.000886004711288786,-0.000915727174143449,-0.000942664104123528,-0.00097107767355689,-0.000998704097359819,-0.00102234724558645,-0.00104214869016345,-0.00105917798688047,-0.00107432251546109,-0.00108818754010766,-0.00110117525501037,-0.00111355672390121,-0.00112551894027957,-0.00113719396347165,-0.00114867703660471,-0.00116003809594187,-0.00117132927124477,-0.00118258989912119,-0.00119384413321877,-0.00120508635688478,-0.00121629954588019,-0.00122745839407106,-0.00123852407249482,-0.00124943443107103,-0.0012600842799222,-0.00127028243917853,-0.00127965469563223,-0.00128750224715959,-0.0012937074399601,-0.00130021554749377,-0.0013043604210967,-0.00130593846725252,-0.00130635959226289,-0.00130640581681572,-0.00135506281041237,-0.00144954039730471,-0.0013084420500459,-0.00130008114671175,-0.00129532372063122,-0.00129499556075886,-0.00130770531420378,-0.00134349619935427,-0.00141071135797554,-0.00151815132204768,-0.00167704227134232,-0.00190068835698214,-0.00220399536237024,-0.0026032387854359,-0.00311584876899521,-0.00376007589956776,-0.00455447501011919,-0.00551717220476697,-0.00666489841713074,-0.00801179542058439,-0.00956803088815779,-0.0113382961497149,-0.013320298307202,-0.0155033893311854,-0.0178674900805066,-0.02038246057649,-0.0230080380219606,-0.0256944157009848,-0.0283834783243627,-0.0310106530503446,-0.0335072881942742,-0.035803436716494,-0.0378308977366734,-0.0395263532702761,-0.0408344265362449,-0.04171048251224,-0.0421229935762578,-0.0420553070291887,-0.0415066801653796,-0.0404924927506146,-0.0390436031048436,-0.0372048762227441,-0.0350329728612285,-0.0325935404062074,-0.0299579854361651,-0.0272000339410483,-0.0243922964342744,-0.0216030563992167,-0.0188934882855312,-0.0163154827269963
-0.000207084356538526,-0.000273667287859972,-0.000342435159611767,-0.000412411830720064,-0.000483100345362449,-0.000554219927829614,-0.000625599732999633,-0.000697130099279853,-0.000768737823117724,-0.000840372017984869,-0.000911942863524203,-0.000983233945905212,-0.00105391736798197,-0.00112350511242528,-0.00119126038418966,-0.00125606192094049,-0.00131623805244976,-0.00136960255872883,-0.00141484507305773,-0.00145600384089515,-0.00150015640166523,-0.00154352581131668,-0.00158071144157757,-0.00161180602618208,-0.00163847818617492,-0.00166213516200411,-0.00168374202010811,-0.00170394179024779,-0.00172316856813869,-0.00174172214850955,-0.00175981442162423,-0.00177759829512677,-0.00179518609694672,-0.00181266158258704,-0.00183008796844178,-0.00184750407687763,-0.00186490088132387,-0.00188225102614091,-0.00189951386353446,-0.0019166270594785,-0.00193349092121682,-0.00194993691680899,-0.00196565931929836,-0.00198006182970037,-0.0019920428761031,-0.00200151577711288,-0.00201178145907109,-0.00201841250604074,-0.00202094535192384,-0.00202162195821341,-0.00202169625246548,-0.00207031250365652,-0.00216445716617929,-0.00202228688380986,-0.00201148263439462,-0.00200225159815613,-0.0019953837084914,-0.00200088315595996,-0.00203034361700814,-0.00209174549429586,-0.0021929417427989,-0.00234484446200225,-0.00256082879502536,-0.0028559511992936,-0.0032466185569149,-0.00375035881666864,-0.00438549275337448,-0.00517062563314286,-0.00612392032825387,-0.00726213508276274,-0.00859943234738208,-0.0101459957370214,-0.0119065290784122,-0.0138787494176092,-0.0160520167446593,-0.0184062584634466,-0.0209113399941462,-0.0235270030354697,-0.0262034446473598,-0.0288825527360155,-0.031499757182401,-0.0339864086361364,-0.0362725620699704,-0.0382900183472344,-0.0399754610010924,-0.0412735145769792,-0.0421395452162874,-0.04254202632145,-0.0424643060979704,-0.0419056426412612,-0.0408814164282956,-0.039422486411887,-0.0375737181510716,-0.0353917729069682,-0.0329422984858579,-0.0302967016815385,-0.0275287086478501,-0.0247109300815553,-0.0219116496715864,-0.019192042098594,-0.0166039982565568
-0.000289945529526613,-0.00038316982639448,-0.00047945347097563,-0.000577429676197662,-0.000676402605746661,-0.000775979117539532,-0.000875919994002987,-0.000976071686697522,-0.00107633169576165,-0.00117662876967546,-0.00127683714158399,-0.00137665378796069,-0.00147561958612437,-0.0015730512131659,-0.00166791700852547,-0.00175864698423288,-0.00184290048390611,-0.00191761642131347,-0.00198096021540707,-0.00203858670270473,-0.00210040632997999,-0.0021611303322419,-0.00221319620916841,-0.00225673354219961,-0.00229407864257428,-0.00232720189701702,-0.00235745458043519,-0.00238573705915345,-0.00241265715274576,-0.00243863463358741,-0.00246396619061234,-0.00248886592541412,-0.00251349111988399,-0.00253795904877298,-0.0025623582279295,-0.00258674301659851,-0.00261110077573902,-0.00263539320188163,-0.00265956337986241,-0.0026835240294592,-0.00270713556084111,-0.00273016199592082,-0.00275217525755613,-0.0027723404155062,-0.00278911508648659,-0.00280237809996447,-0.00281675176943471,-0.00282603652900735,-0.00282958302373094,-0.00283053041023914,-0.00283063443736526,-0.00287920753563497,-0.00297299946055695,-0.00282969263897974,-0.00281629400151572,-0.00280229813180552,-0.00278841607615827,-0.00278605653744709,-0.0028084070800042,-0.00286310056617385,-0.00295705124211186,-0.00310087990948155,-0.00330805680023359,-0.00359380724842068,-0.00397468186964075,-0.00446831462365004,-0.00509310198964385,-0.00586770346227417,-0.00681032136232262,-0.00793774318584137,-0.00926415350067568,-0.010799752954124,-0.0125492587114536,-0.0145103984233894,-0.0166725406256177,-0.019015619691716,-0.0215095067874624,-0.0241139483935658,-0.0267791455841248,-0.0294469896608473,-0.0320529133967295,-0.0345282699199051,-0.0368031163391564,-0.0388092553680223,-0.0404833721496568,-0.0417700926362925,-0.0426247842032254,-0.0430159213388673,-0.0429268532075049,-0.0423568387534385,-0.0413212592071752,-0.0398509741919885,-0.0379908498647142,-0.0357975480205242,-0.0333367169108904,-0.0306797635576444,-0.0279004142882164,-0.0250712799935643,-0.0222606445803973,-0.0195296829740942,-0.0169302863443674
-0.00037302366939317,-0.000492956648908588,-0.000616826225184981,-0.000742873707396843,-0.000870203731969878,-0.000998310422574782,-0.00112688596428061,-0.00125573277694131,-0.00138471896744497,-0.00151375285177134,-0.00164267259727921,-0.00177108828356917,-0.00189840912823846,-0.00202375585888191,-0.00214580098287653,-0.00226252433037137,-0.00237091413055033,-0.00246703179464176,-0.00254851756746086,-0.00262265006334669,-0.00270218377231178,-0.00278031203364015,-0.00284730128597616,-0.00290331704924263,-0.00295136515404472,-0.00299398085616509,-0.00303290286091905,-0.00306928969888386,-0.00310392347777349,-0.00313734433987653,-0.0031699340513348,-0.00320196810937887,-0.00323364889840028,-0.00326512732336382,-0.00329651728344325,-0.0033278887263142,-0.00335922538848774,-0.00339047798239667,-0.00342157327173798,-0.00345239894790234,-0.00348277539314581,-0.00351239896358016,-0.00354071883783334,-0.00356666070222527,-0.00358824006486607,-0.00360530193530341,-0.00362379573199327,-0.00363574277183223,-0.00364030625149853,-0.00364152531461313,-0.00364165917324697,-0.00369018897540192,-0.00378362699359048,-0.00363917987523195,-0.00362317831630211,-0.00360440211118166,-0.00358348363373663,-0.00357324161679459,-0.00358846336404086,-0.00363643261734713,-0.00372312104300141,-0.00385885669652691,-0.00405720498253452,-0.0043335605639197,-0.00470461821343111,-0.00518811822541138,-0.00580253301876275,-0.0065665764871747,-0.00749849052494956,-0.00861509197341025,-0.00993058758840462,-0.0114551951044232,-0.0131936450683392,-0.0151436757698938,-0.0172946643181699,-0.0196265520791288,-0.0221092159829,-0.0247024073078225,-0.0273563311552978,-0.0300128822336813,-0.0326074962175016,-0.0350715287215599,-0.0373350389977055,-0.0393298316157862,-0.0409925933342589,-0.0422679515168008,-0.0431112747766895,-0.0434910386919107,-0.0433905933887059,-0.0428091986630766,-0.041762236501561,-0.040280567200111,-0.0384090575153562,-0.0362043697782783,-0.0337321526870359,-0.0310638134922316,-0.0282730786954776,-0.0254325593825726,-0.0226105396787039,-0.0198681947548154,-0.0172574160572443
-0.000456694849971049,-0.000603526356215723,-0.000755178153966526,-0.000909496773010368,-0.00106538585632074,-0.00122222596409955,-0.00137964017913322,-0.00153738656529941,-0.00169530361969036,-0.00185327907521519,-0.00201111476762947,-0.00216833323928107,-0.00232421107809648,-0.00247767161935889,-0.00262708936197543,-0.0027699906471386,-0.00290268767374452,-0.00302035797168724,-0.00312011300002054,-0.00321086772407512,-0.0033082422150579,-0.00340390037767847,-0.0034859209186914,-0.00355450521866875,-0.00361333343373085,-0.00366550980347754,-0.00371316329929028,-0.00375771251002336,-0.00380011511203207,-0.00384103250273136,-0.00388093215156591,-0.00392015140344959,-0.0039589380774818,-0.00399747695661772,-0.00403590751041192,-0.00407431538986033,-0.00411268068031601,-0.00415094302917839,-0.00418901275878408,-0.0042267523478661,-0.00426394185626667,-0.00430020947696125,-0.00433488074366061,-0.00436664020810488,-0.0043930580663304,-0.00441394551907312,-0.00443658931376791,-0.00445121817646543,-0.00445680612739223,-0.00445829886873074,-0.00445846277872874,-0.00450694896566534,-0.004600030469184,-0.00445443465433885,-0.00443581101481445,-0.00441221934466752,-0.00438421292377064,-0.00436603119195549,-0.004374073169643,-0.00441527076328176,-0.00449464586100422,-0.00462223145453367,-0.00481168874560496,-0.00507858293801832,-0.00543975400644209,-0.00591304935416372,-0.0065170178942119,-0.00727042831710791,-0.00819156238038912,-0.00929726648567145,-0.0106017697394987,-0.01211530708892,-0.0138426225606458,-0.0157814651615667,-0.0179212206371485,-0.0202418373971288,-0.0227131981783669,-0.0252950590921144,-0.0279376292966991,-0.0305828069321902,-0.033166030596002,-0.0356186584079062,-0.0378707517785974,-0.0398541171478991,-0.041505442901468,-0.0427693578248208,-0.043601231778337,-0.0439695414376016,-0.0438576378978986,-0.0432647818132063,-0.0422063559316653,-0.0407132212268668,-0.0388302450596461,-0.0366140903007523,-0.034130406098315,-0.0314505999334038,-0.0286483984830882,-0.0257964130294421,-0.0229629279177515,-0.0202091185663257,-0.0175868767001691
-0.000541540499730366,-0.00071565427047712,-0.000895483036175571,-0.00107847359938397,-0.0012633261067942,-0.00144930614720363,-0.00163596684708766,-0.00182302136741161,-0.00201027823097473,-0.00219760433454331,-0.00238476473588949,-0.00257119336400149,-0.00275603254436472,-0.00293800578411496,-0.00311518588207177,-0.00328464003583511,-0.00344199587646097,-0.00358153551889433,-0.00369983317074322,-0.00380745565243812,-0.00392291944336568,-0.00403634289341632,-0.00413359518548445,-0.00421491660578194,-0.00428467089689868,-0.00434653864162319,-0.004403044023039,-0.00445586894978543,-0.00450614885480067,-0.00455466789524412,-0.00460198030407566,-0.00464848603726627,-0.00469447890846531,-0.00474017799552964,-0.00478574865277422,-0.00483129242746791,-0.00487678570892085,-0.00492215694339267,-0.00496729980931753,-0.00501205126150352,-0.00505615053802767,-0.00509915682073928,-0.00514027044906162,-0.00517793177723404,-0.00520925979987568,-0.0052340295148656,-0.00526087806432212,-0.0052782223021381,-0.00528484738118129,-0.00528661716877591,-0.00528681149944588,-0.00533525353527126,-0.0054279741402783,-0.00528121548031333,-0.0052599373525427,-0.00523147027011299,-0.00519628624421105,-0.00517006071365653,-0.00517082279826035,-0.00520514932401972,-0.00527710264032292,-0.00539641826594252,-0.00557685496180023,-0.00583415084110341,-0.00618529299905917,-0.00664823733503607,-0.00724161023614736,-0.00798423588688731,-0.00889443641266863,-0.00998908814817948,-0.0112824428316433,-0.0127847528384869,-0.0145007758438898,-0.0164282717056951,-0.0185566349133869,-0.0208658210081226,-0.0233257186056416,-0.0258960887100814,-0.0285271445869814,-0.0311607878506129,-0.0337324600574306,-0.0361735218631361,-0.0384140368639287,-0.0403858133926833,-0.042025541482322,-0.0432778513577258,-0.0440981141417368,-0.0444548076210527,-0.0443312838719262,-0.0437268044168667,-0.0426567527749828,-0.0411519906058329,-0.0392573858818859,-0.037029602020293,-0.0345342886246774,-0.0318428534094111,-0.0290290232291744,-0.0261654095647281,-0.0233202969841674,-0.0205548611561961,-0.0179209940879319
-0.000628383925703015,-0.000830441760899605,-0.00103912597127275,-0.00125147608742682,-0.00146598497006253,-0.00168180111496453,-0.00189840640983463,-0.00211546829350538,-0.00233276476954604,-0.00255014152073841,-0.002767326160959,-0.00298366239948969,-0.00319815585815511,-0.00340932656433942,-0.00361494005893525,-0.00381159582119482,-0.00399422378935714,-0.00415619232684198,-0.00429352245776855,-0.00441844826908284,-0.00455242128792573,-0.00468399474155024,-0.00479680431353765,-0.00489113810728969,-0.00497205890469885,-0.00504383522896509,-0.0051093941056346,-0.00517068573998687,-0.00522902663728679,-0.00528532598393569,-0.00534022637018174,-0.00539419150772029,-0.00544756204264272,-0.00550059197079206,-0.00555347300059735,-0.00560632286347647,-0.00565911418569428,-0.00571176400906115,-0.00576414906505071,-0.00581608031768385,-0.00586725543173119,-0.00591716329523415,-0.00596487669125133,-0.0060085870390248,-0.00604495264459538,-0.00607370541222654,-0.00610484672507411,-0.00612495740238265,-0.00613263860838772,-0.00613469047598732,-0.00613491577841223,-0.00618331286363849,-0.00627566602425388,-0.00612772335273993,-0.00610374206868188,-0.0060703088306599,-0.00602780911899099,-0.00599337355522654,-0.00598668640085629,-0.00601396636842069,-0.00607830490952635,-0.00618913851607214,-0.00636032711830882,-0.00660778573048296,-0.00694865165639166,-0.00740099148020456,-0.00798351059234798,-0.00871508975136574,-0.00961409222831501,-0.0106974248631665,-0.0119793624556903,-0.0134701751389329,-0.0151746344931671,-0.0170905114303708,-0.0192072093471694,-0.021504691048745,-0.0239528511387044,-0.0265114556045328,-0.029130721894734,-0.0317525551617171,-0.0343123999753221,-0.0367416195736689,-0.0389702797784587,-0.0409301908502114,-0.0425580444991738,-0.043798472415825,-0.0446068470084511,-0.0449516471950707,-0.0448162260507281,-0.0441998459822305,-0.0431178912936399,-0.0416012243429183,-0.0396947137252491,-0.0374550234140744,-0.0349478034767625,-0.0322444618652155,-0.0294187256149225,-0.0265432064089405,-0.0236861890422147,-0.0209088494383911,-0.0182630798917977
-0.000718326766131953,-0.000949365474759058,-0.00118796553408594,-0.00143074846641195,-0.00167599448673432,-0.00192273201006974,-0.00217036988492339,-0.00241852868054328,-0.00266695511928213,-0.00291547314224779,-0.00316377199010062,-0.00341110290938805,-0.00365633140450552,-0.00389776890447656,-0.00413286587175415,-0.00435774192430749,-0.00456661049833483,-0.00475189918291766,-0.00490904939846249,-0.00505197422455839,-0.00520510484671584,-0.00535540774001494,-0.00548426244545788,-0.00559202285754916,-0.00568447443795745,-0.0057664906187729,-0.00584141223763567,-0.0059114648830541,-0.00597815082554494,-0.00604250747953029,-0.00610526803213948,-0.00616696155567991,-0.00622797670145111,-0.00628860325427585,-0.0063490599321637,-0.00640948105246746,-0.00646983538484502,-0.00653002828259087,-0.00658991910613751,-0.00664929217399915,-0.00670780252044492,-0.00676486692728458,-0.00681942726051056,-0.00686941917970893,-0.00691102617347224,-0.00694392322906988,-0.00697948813945506,-0.00700243780093801,-0.00701120179658411,-0.00701354278087603,-0.00701379982431305,-0.00706215084315526,-0.00715412741655114,-0.0070049711191451,-0.00697821835133221,-0.00693969065499437,-0.00688967707830205,-0.00684678559830092,-0.00683238754844097,-0.0068523415864497,-0.00690875647199014,-0.00701077008706651,-0.0071723498133725,-0.00740959371759341,-0.0077397939079152,-0.00818113085910792,-0.00875239118436039,-0.00947251377437758,-0.0103599041628974,-0.0114315005141254,-0.0127016013028397,-0.0141804948884131,-0.0158729671207579,-0.0177768002540634,-0.0198814068229913,-0.0221667570841493,-0.024602751782825,-0.0271491620173626,-0.0297562095258816,-0.032365803088849,-0.0349133903658501,-0.0373303372426867,-0.0395467118226684,-0.0414943263424511,-0.0431098742317149,-0.0443379886832609,-0.0451340434229786,-0.0454665185284661,-0.0453187680984728,-0.0446900554461363,-0.0435957656800073,-0.0420667618738155,-0.0401479132609299,-0.0378958843848943,-0.0353763257883206,-0.0326606456665229,-0.02982257124031,-0.026934714400048,-0.0240653601731671,-0.0212756847445985,-0.0186175807030431
-0.000812782493195604,-0.00107432258371088,-0.00134439089846872,-0.00161917636427831,-0.00189673930734165,-0.00217598403941333,-0.00245624395250659,-0.00273709120882925,-0.00301824023007985,-0.00329949251048746,-0.00358049767637371,-0.00386041151442158,-0.00413795484417588,-0.00441122363322978,-0.00467734274413933,-0.00493193550494407,-0.00516847313891004,-0.00537840465225162,-0.00555655155517132,-0.00571850984606622,-0.00589173877442716,-0.00606159598879825,-0.00620718762244378,-0.00632896400824993,-0.00643346734930939,-0.00652619958864215,-0.00661093041052719,-0.00669017042021358,-0.00676561399964948,-0.00683843110116145,-0.00690944851823472,-0.00697926283605382,-0.00704831228151028,-0.0071169235933539,-0.00718534337511102,-0.00725372306670274,-0.007322027456164,-0.00739014982849254,-0.00745793160533728,-0.00752512958149901,-0.0075913547387974,-0.00765594930546182,-0.00771771966502733,-0.00777433634722203,-0.00782148808739786,-0.00785876944767708,-0.00789894229931586,-0.00792482936667258,-0.00793471193873175,-0.00793735145147055,-0.00793764126350042,-0.00798594472574894,-0.00807753249233897,-0.00792712292824063,-0.00789750693441195,-0.00785371143196421,-0.00779591274541139,-0.00774422030183573,-0.00772173152983799,-0.00773394518847958,-0.00778197646241843,-0.00787466828242435,-0.00802610536379431,-0.0082525777377498,-0.00857153879801381,-0.00900128737286954,-0.00956069436473851,-0.0102687589383068,-0.0111439304197399,-0.0122031794156743,-0.0134608289114449,-0.0149271861297892,-0.0166070516848064,-0.0184982195630603,-0.0205901117495001,-0.0228627062052533,-0.0252859100247661,-0.0278194995890499,-0.0304137010693962,-0.0330104269952544,-0.0355451282185557,-0.0379491733604072,-0.0401526328810059,-0.0420873210581573,-0.0436899330974012,-0.0449051037430476,-0.0456882080816362,-0.0460077273881564,-0.0458470168183891,-0.0452053406212581,-0.0440980847359132,-0.042556112975057,-0.0406242952309022,-0.0383592966355339,-0.0358267682221865,-0.0330981184374415,-0.0302470746934207,-0.0273462490945111,-0.0244639269081628,-0.0216612845890645,-0.0189902150298563
-0.000913502866177657,-0.00120766650520775,-0.0015113669335459,-0.00182034133397861,-0.00213242067995351,-0.00244637994127957,-0.00276147391291121,-0.00307722435613116,-0.00339331207166286,-0.00370951519440079,-0.00402544213139744,-0.0043401493320439,-0.00465220701527064,-0.00495948678131902,-0.00525877419881257,-0.00554517481862553,-0.00581138372523133,-0.00604782047693125,-0.00624862878651536,-0.00643107917567794,-0.006625708724867,-0.00681624553249281,-0.00697951489543083,-0.00711611084266581,-0.00723337922296083,-0.00733748209037025,-0.00743263785877317,-0.00752165480185207,-0.00760642770976838,-0.00768826468945027,-0.00776809005357115,-0.00784657069358607,-0.00792419644742125,-0.00800133251616315,-0.00807825452218117,-0.0081551317219521,-0.00823192476014764,-0.00830851436190222,-0.00838472327433982,-0.00846027962852691,-0.008534748503541,-0.00860739437848888,-0.00867688216228093,-0.00874060484426402,-0.00879372940259651,-0.00883573378077741,-0.00888076399019132,-0.00890971750004396,-0.00892076513012904,-0.00892371535815469,-0.00892403926782924,-0.00897229324638095,-0.00906347639412849,-0.00891176219897268,-0.00887916378229248,-0.00882987401959538,-0.00876393192202368,-0.00870297318912821,-0.00867186765012145,-0.00867575752338264,-0.00871475593477233,-0.00879741915620485,-0.00893796372883714,-0.00915288397292646,-0.00945980334293942,-0.00987714500019442,-0.0104238682192037,-0.0111190352782463,-0.0119811413176176,-0.0130271908604508,-0.0142715325017822,-0.0157244931641967,-0.0173908888743223,-0.0192685258618667,-0.0213468359703108,-0.0236058051958166,-0.0260153472526489,-0.0285352440283939,-0.0311157263144416,-0.0336987105465511,-0.0362196509023872,-0.038609918852206,-0.0407995873108284,-0.0427204726815802,-0.0443092720190417,-0.0455106216827966,-0.0462798981758163,-0.0465855840194598,-0.0464110354696875,-0.0457555177493415,-0.0446344176619589,-0.0430785997892285,-0.0411329347089462,-0.0388540881655847,-0.0363077117028487,-0.0335652140287687,-0.0307003227545365,-0.0277856502072302,-0.0248894819040631,-0.0220729945804621,-0.0193880814453846
-0.00102259187230116,-0.00135222571650764,-0.00169245794959822,-0.00203854956182406,-0.00238809013827966,-0.00273971866339439,-0.00309260736066647,-0.00344622507112513,-0.0038002173081927,-0.00415433769683136,-0.00450815140206283,-0.00486061064716363,-0.00521012758408075,-0.00555433818689716,-0.00588967137358552,-0.00621068756869315,-0.00650926221151141,-0.00677471912820203,-0.00700044491746774,-0.00720535918443843,-0.00742312541653029,-0.0076358246692581,-0.00781800847056692,-0.00797048251798844,-0.00810145857361031,-0.00821779982020908,-0.00832419894738207,-0.00842377805703353,-0.00851864290398168,-0.00861024687665962,-0.00869961676181403,-0.00878749328908932,-0.00887442047803325,-0.00896080389536574,-0.0090469496113725,-0.00913304557380023,-0.00921904808003099,-0.0093048246752798,-0.00939017850311919,-0.00947480758922824,-0.00955822876521809,-0.00963962469962524,-0.00971751117689969,-0.00978898768064328,-0.00984866404718372,-0.00989584959465286,-0.00994606368407805,-0.00997824821310736,-0.00999051970977571,-0.00999379603058749,-0.00999415571325162,-0.0100423577792195,-0.0101331163679093,-0.00998003269058947,-0.00994430100200479,-0.00988922904006903,-0.00981468362596054,-0.00974385102981064,-0.00970342725803382,-0.00969820570130826,-0.00972729289866976,-0.00979897284207355,-0.00992761405337364,-0.010129931557288,-0.0104237303636033,-0.0108275657327673,-0.0113604905867881,-0.0120416339735895,-0.0128895394436565,-0.0139212473254342,-0.0151511332295495,-0.0165895448467101,-0.0182413144429456,-0.0201042611417261,-0.0221678271645162,-0.0244120069626427,-0.0268067212139163,-0.0293117575966188,-0.0318773517592485,-0.0344454242432164,-0.0369514327208242,-0.0393267516555419,-0.0415014565404384,-0.0434073660110138,-0.0449811790633671,-0.0461675337528941,-0.0469218080694286,-0.047212485842521,-0.0470229244827568,-0.0463523902349949,-0.0452162708097737,-0.0436454315956176,-0.0416847438895886,-0.0393908740786165,-0.0368294742419076,-0.0340719533617582,-0.0311920392581854,-0.0282623444919161,-0.0253511548422119,-0.0225196473390616,-0.0198197155233587
-0.00114250036924976,-0.00151129649038045,-0.00189181851209538,-0.00227882075251499,-0.00266963645371784,-0.00306276037971535,-0.00345727726471958,-0.00385259991629868,-0.004248336503488,-0.00464421472193305,-0.00503975400043246,-0.00543379630587501,-0.00582458650563201,-0.00620951102853339,-0.00658462063677881,-0.00694389662194703,-0.00727834034050438,-0.00757609585088109,-0.00782968810786137,-0.00805963871153875,-0.0083027824864807,-0.00853954100147084,-0.00874221811217525,-0.0089119238978639,-0.00905781614874612,-0.0091875110134328,-0.00930620747218568,-0.00941736160790871,-0.00952330326226289,-0.00962563994382614,-0.00972550704783179,-0.0098237235091392,-0.00992089070413919,-0.010017456914384,-0.0101137604209445,-0.0102100089414776,-0.0103061541745289,-0.010402049720288,-0.0104974779713857,-0.0105921050653477,-0.0106853966816695,-0.010776448634355,-0.0108636180473632,-0.0109436908696252,-0.0110106747355207,-0.0110636394493987,-0.0111194529184855,-0.0111550734591936,-0.0111686415759791,-0.0111722629699456,-0.0111726604917064,-0.0112208076500383,-0.0113111170798219,-0.0111565838338059,-0.0111175322108042,-0.0110563203270113,-0.0109725956983793,-0.0108911177352776,-0.0108404700814928,-0.0108251104930324,-0.0108431398603762,-0.0109025917808205,-0.0110180136082136,-0.011206362246432,-0.0114856388941262,-0.0118745407301161,-0.0123922209659355,-0.0130578800089242,-0.0138901130716703,-0.0149059986497396,-0.0161199411246856,-0.0175423102874212,-0.0191779556732654,-0.0210247101089822,-0.0230720268397456,-0.0252999092938636,-0.0276782855392899,-0.0301669493973685,-0.0327161416674587,-0.0352677872435402,-0.0377573475016534,-0.0401162000767444,-0.0422744231930245,-0.0441638378500288,-0.0457211450996562,-0.04689098479261,-0.0476287364925695,-0.0479028854135979,-0.0476967901881099,-0.047009718142335,-0.0458570579463841,-0.0442696758422992,-0.042292443887974,-0.0399820291498479,-0.0374040842734968,-0.0346300185312848,-0.0317335599640942,-0.0287873213797999,-0.0258595888348634,-0.0230115396709101,-0.0202950677800169
-0.00127599368225035,-0.00168859908242451,-0.00211413810156788,-0.00254682120126286,-0.0029837070860164,-0.0034231362999537,-0.00386410012524317,-0.0043059515654678,-0.00474825895591631,-0.00519072234630459,-0.00563281241382328,-0.00607325357653283,-0.00651011226232939,-0.00694050849055002,-0.00736008876470837,-0.00776221384497888,-0.00813694439403776,-0.00847114078524486,-0.00875633317543336,-0.00901457238579627,-0.00928590380976219,-0.00954908368432967,-0.00977421726427134,-0.00996284006767286,-0.0101251561302981,-0.0102695985055452,-0.0104019116883359,-0.0105259103350823,-0.0106441643448019,-0.0107584460829242,-0.0108700069943764,-0.0109797495108411,-0.011088336209854,-0.0111962609302237,-0.0113038962957881,-0.0114114710982074,-0.0115189321329946,-0.0116261181297819,-0.0117327893412508,-0.0118385778563178,-0.0119428946771843,-0.012044742629133,-0.0121423085427878,-0.0122320402728202,-0.0123072873355528,-0.0123667875050285,-0.0124287156578738,-0.0124680221141668,-0.0124829750481772,-0.0124869644809518,-0.01248740233996,-0.0125354909696661,-0.01262532148784,-0.0124692417294889,-0.012426643842654,-0.0123588568665055,-0.0122652479079668,-0.0121721693527639,-0.0121101618964396,-0.0120833673222026,-0.0120888885802508,-0.0121345395202944,-0.0122350808055463,-0.0124077377594029,-0.0126707259244796,-0.0130428965141823,-0.0135435111977551,-0.0141918473731071,-0.0150065558975836,-0.0160047563222553,-0.0172008839436979,-0.0186053322784187,-0.0202229693865077,-0.0220516427840493,-0.0240808175258355,-0.0262905066518177,-0.0286506461386078,-0.0311210363786588,-0.0336519236788377,-0.0361852375853376,-0.0386564434315678,-0.0409969222400913,-0.0431367551515728,-0.0450077656893404,-0.0465466570995097,-0.0476980711485703,-0.0484173890793347,-0.0486730975827527,-0.0484485565943776,-0.0477430345936123,-0.0465719212737292,-0.0449660837867441,-0.0429703950016202,-0.0406415227091237,-0.0380451201585066,-0.0352525969313046,-0.032337681303832,-0.0293729863474078,-0.0264267984140377,-0.0235602951776163,-0.0208253709047139
-0.00142608428382082,-0.00188818673089837,-0.00236452618338104,-0.00284872480496982,-0.00333754506386382,-0.00382916137748148,-0.0043224644840758,-0.00481674310266363,-0.00531152277857681,-0.0058064738780406,-0.00630101474852662,-0.00679374360397041,-0.00728253518560326,-0.00776422305725191,-0.00823401839112088,-0.00868461202153141,-0.00910504412064581,-0.00948076587005748,-0.00980214820936771,-0.0100926698335635,-0.0103956189831434,-0.010688088331242,-0.0109380593388585,-0.011147645098778,-0.0113282179928039,-0.0114891050517298,-0.0116366433202108,-0.0117750354263517,-0.0119071103779825,-0.0120348181861355,-0.0121595351988907,-0.0122822536352666,-0.0124037018409374,-0.012524422587044,-0.012644825370743,-0.0127651616052153,-0.0128853728218893,-0.0130052817810744,-0.0131246249455218,-0.0132429977870237,-0.0133597524346098,-0.0134737914116188,-0.0135831173530699,-0.0136838105497292,-0.0137684946862113,-0.0138354592762964,-0.013904125863905,-0.0139474167402516,-0.0139638593756438,-0.0139682441167644,-0.0139687252776588,-0.0140167510819279,-0.0141060673716444,-0.0139483259504007,-0.013901912607262,-0.0138270316054077,-0.0137226932156993,-0.0136168592863491,-0.0135421053076041,-0.0135022839331389,-0.0134935155396371,-0.0135234345586464,-0.0136070577808819,-0.0137619113328211,-0.0140064470829555,-0.0143596848885168,-0.0148410046997537,-0.0154697676650347,-0.0162646850608106,-0.0172429209523328,-0.0184189441162001,-0.0198031737373773,-0.0214004979003294,-0.0232087799874353,-0.0252174978006514,-0.0274066747482674,-0.0297462553334661,-0.0321960470296704,-0.0347063020758966,-0.0372189550271744,-0.0396694754760429,-0.0419892480897481,-0.044108357145743,-0.0459586288810473,-0.0474767689004877,-0.0486074210294717,-0.0493059683150188,-0.0495408990346621,-0.0492955745236447,-0.0485692644997881,-0.0473773597550034,-0.0457507284182874,-0.0437342442293041,-0.0413845757563285,-0.0387673768965427,-0.0359540575633221,-0.0330183462856918,-0.030032856417791,-0.0270658746289067,-0.0241785789496957,-0.0214228640489039
-0.00159592297647988,-0.00211429857572772,-0.00264832645581251,-0.00319098842994044,-0.00373872535485821,-0.0042895316129045,-0.00484218912146086,-0.00539591708904503,-0.00595019482471656,-0.00650466063668977,-0.00705867637377824,-0.0076107039596306,-0.00815841100512876,-0.00869832123277459,-0.00922517419546154,-0.00973093301875655,-0.0102035237625128,-0.010626840298106,-0.0109898972647881,-0.0113174702638864,-0.0116561157223953,-0.0119812722899558,-0.0122588990414483,-0.0124918711958008,-0.0126928744765184,-0.012872220723426,-0.0130368947546808,-0.0131915216084249,-0.0133392116850099,-0.013482107583104,-0.0136217208895796,-0.013759140949798,-0.0138951672032156,-0.0140303952875773,-0.0141652745223638,-0.0143000807453683,-0.0144347498031978,-0.0145690872061953,-0.0147028037032457,-0.0148354551521826,-0.0149663299091251,-0.0150942216452043,-0.0152169325173035,-0.0153301406356847,-0.015425663787479,-0.0155012022621471,-0.0155773445864759,-0.0156249693650533,-0.015643024100548,-0.0156478359378991,-0.0156483638550944,-0.015696321827548,-0.0157850827302598,-0.0156255453823843,-0.0155750024028552,-0.0154924205609777,-0.0153763608755013,-0.0152564078078284,-0.0151672582475993,-0.0151125100131795,-0.0150873241577196,-0.0150992060893925,-0.0151634802534886,-0.0152980120755404,-0.0155215157386089,-0.0158531969646292,-0.0163125655425962,-0.0169190743143542,-0.0176915005798061,-0.0186470569750389,-0.019800248763071,-0.0211615230731575,-0.0227357897698044,-0.0245209294789721,-0.0265064338464032,-0.028672337533463,-0.0309885942921082,-0.0334150192724466,-0.0359018711416329,-0.0383910898799614,-0.0408181496913703,-0.0431144391878107,-0.0452100460406207,-0.0470367994220501,-0.0485314074874956,-0.0496385162882074,-0.0503135108212434,-0.0505248810786111,-0.0502559899077926,-0.0495061083643857,-0.0482906284269002,-0.046640419279411,-0.0446003556017497,-0.0422271068016596,-0.0395863274758382,-0.036749427895903,-0.0337901368637165,-0.0307810680387912,-0.0277905084330572,-0.0248796364624851,-0.0221003472302226
-0.00178864525205046,-0.00237115199923886,-0.0029708545957725,-0.00358003476604227,-0.00419478266187174,-0.00481289669538146,-0.00543304048503618,-0.00605435774698495,-0.00667627761037842,-0.00729840360884756,-0.0079200363237157,-0.00853948984962045,-0.00915420699460806,-0.00976037486761652,-0.0103522198319256,-0.0109209110403192,-0.0114531528820028,-0.0119311111338864,-0.0123422147424872,-0.0127123771731144,-0.0130914432375086,-0.01345321383294,-0.0137617518532697,-0.0140209109759487,-0.0142448580841229,-0.0144449944682184,-0.0146290161925021,-0.0148020102321736,-0.0149673939322508,-0.0151275196009546,-0.0152840459013657,-0.0154381677072643,-0.0155907616471186,-0.0157424807270341,-0.0158938174626005,-0.0160450741788109,-0.0161961805561175,-0.0163469233896579,-0.0164969855125824,-0.016645879737701,-0.0167928250355218,-0.0169364964232564,-0.0170744768934745,-0.0172020025769772,-0.0173099929376963,-0.0173953938231336,-0.01747986284151,-0.0175322225025897,-0.0175520294898735,-0.017557304796619,-0.0175578834217836,-0.0176057678355951,-0.0176939262629707,-0.0175324393336165,-0.0174774069430524,-0.0173864285575841,-0.0172575078162959,-0.0171218624971854,-0.0170164071086991,-0.0169445260249431,-0.0169004514000465,-0.0168916197048081,-0.0169337231544294,-0.0170450110569414,-0.0172444899084167,-0.0175515711371555,-0.0179859076722623,-0.0185670531829715,-0.0193138574332587,-0.0202435862896836,-0.0213707849534821,-0.0227059311102232,-0.0242539584188036,-0.0260127663285089,-0.0279718615863483,-0.0301112911210268,-0.0324010187610158,-0.0348008680157374,-0.0372611045487267,-0.0397236742425492,-0.0421240563159899,-0.044393643669264,-0.0464625276619589,-0.0482625406551696,-0.0497303935744835,-0.0508107348880434,-0.0514589517098425,-0.0516435358927148,-0.0513478519251609,-0.0505711723142359,-0.0493288903256934,-0.0476518762880079,-0.0455850059006762,-0.0431849494817667,-0.0405173623864977,-0.0376536552749225,-0.0346675572447788,-0.0316316822867624,-0.0286143177844295,-0.0256766425717385,-0.0228705522231389
-0.00200717496801102,-0.0026626772781916,-0.00333706314967464,-0.0040218470773293,-0.00471273582091846,-0.0054073139234157,-0.00610411606031536,-0.00680220373859904,-0.00750095147983798,-0.00819992499332516,-0.00889835823943252,-0.00959440453000254,-0.010285262028601,-0.0109667511676627,-0.0116325384298693,-0.0122729245405444,-0.0128732712865469,-0.0134138240837968,-0.0138801670789817,-0.014299169339989,-0.0147239831944026,-0.0151267922134477,-0.0154699089020555,-0.0157584103562947,-0.0160081337998138,-0.0162316877418309,-0.0164375508685917,-0.0166313165188101,-0.0168167376918109,-0.0169963956383263,-0.0171721093921113,-0.0173451887903085,-0.017516594494173,-0.017687041932364,-0.0178570706041417,-0.0180270116371612,-0.0181967880053573,-0.0183661661436652,-0.0185347984972649,-0.0187021509810335,-0.0188673668759053,-0.0190289915333215,-0.0191843677800964,-0.0193282450084004,-0.0194505402642237,-0.0195472578802649,-0.019641011920574,-0.0196985570895509,-0.0197202737185757,-0.0197260533314835,-0.0197266871008081,-0.0197744915270592,-0.01986199461512,-0.0196983855836712,-0.019638459745993,-0.0195383031910459,-0.01939523982188,-0.019242130998805,-0.0191182157162423,-0.0190267122411558,-0.0189609595269512,-0.018928393542931,-0.0189451422325728,-0.0190298890564883,-0.019201966608723,-0.0194810143556357,-0.019886843330925,-0.0204391183042184,-0.0211567687457921,-0.0220571189913176,-0.0231547580603736,-0.0244601971305951,-0.0259783959190045,-0.0277072744733443,-0.0296363560547662,-0.0317457009988087,-0.0340052841403339,-0.0363749381148704,-0.0388049362205948,-0.041237230778093,-0.0436073064741012,-0.0458465608829245,-0.0478850893829572,-0.0496547278089324,-0.051092190103228,-0.0521421273653981,-0.0527599290137593,-0.052914088926288,-0.0525879733770885,-0.0517808564522992,-0.0505081328179096,-0.0488006740470724,-0.0467033569481741,-0.0442728528291856,-0.0415748178700563,-0.0386806631531925,-0.0356641180980529,-0.0325977970554889,-0.0295499878132404,-0.0265818696599239,-0.0237453386826994
-0.00225399480157946,-0.0029922073282337,-0.00375114970782863,-0.0045214953637754,-0.0052985317021404,-0.00607960969997033,-0.00686312337445055,-0.00764804462954833,-0.00843368850477375,-0.00921957952730825,-0.0100048791421476,-0.0107875656160997,-0.0115645706243945,-0.012331314831264,-0.0130808534555241,-0.0138025368876498,-0.0144802513583429,-0.0150921108035303,-0.0156215709627129,-0.0160962597585111,-0.016572661841401,-0.0170213636648814,-0.0174030835225554,-0.0177243894169042,-0.0180029963755706,-0.0182528494801214,-0.0184832884983401,-0.0187004619914717,-0.0189084901975075,-0.0191102044734432,-0.0193075988553821,-0.0195021085291806,-0.0196947857228309,-0.0198864138518817,-0.0200775835693731,-0.0202686573550442,-0.020459550881368,-0.0206500084119921,-0.0208396492825306,-0.0210278882689676,-0.0212137860250541,-0.0213957461208605,-0.0215708481196576,-0.0217333054786171,-0.0218719185696131,-0.0219815459247957,-0.0220856369330045,-0.0221488632556827,-0.022172662760787,-0.0221789916384103,-0.0221796854362826,-0.0222274027964382,-0.0223141923424232,-0.0221482712854666,-0.0220830073011646,-0.0219728126373159,-0.0218141977683888,-0.0216416807884151,-0.0214969440565568,-0.0213830909322772,-0.0212926048430011,-0.0212329955687216,-0.0212209011067867,-0.0212754941867895,-0.0214164705846267,-0.0216637223321964,-0.0220372350101392,-0.022556795779142,-0.0232414217771248,-0.0241085015686748,-0.0251726722584708,-0.0264444817449149,-0.0279289182930611,-0.0296239245017988,-0.0315190417007616,-0.0335943448860234,-0.0358198209219794,-0.0381553124140363,-0.0405511009973945,-0.0429491460202651,-0.04528493813602,-0.0474898800177089,-0.0494940714263801,-0.0512293519838879,-0.0526324389208588,-0.0536479862044058,-0.0542313857634576,-0.0543511336820296,-0.0539905981790079,-0.0531490550601327,-0.0518419005160118,-0.0501000074749056,-0.0479682539523274,-0.0455033123337504,-0.0427708396967794,-0.0398422475835024,-0.0367912657635701,-0.0336905089798704,-0.030608265460186,-0.0276057149881572,-0.0247347542092646
-0.00253090090118684,-0.00336214607646689,-0.0042161380813714,-0.00508262987118966,-0.00595645078856086,-0.0068346970255694,-0.007715609312694,-0.00859806197713355,-0.00948130531773739,-0.010364819056288,-0.0112476857609053,-0.0121276932628008,-0.0130014831839775,-0.0138640407388718,-0.0147077545194283,-0.0155209364358552,-0.0162858543783378,-0.0169782650051423,-0.0175791955578422,-0.018116834471468,-0.0186510388180913,-0.0191508116179296,-0.01957543003033,-0.0199332337246543,-0.0202440364662846,-0.0205232583911023,-0.0207811845666309,-0.0210245713053818,-0.021257940077253,-0.0214843951411206,-0.0217061213045086,-0.0219246902996419,-0.022141254047268,-0.022356669953018,-0.0225715843236128,-0.0227863937422598,-0.0230010059379611,-0.0232151410489617,-0.0234283823656951,-0.0236400889527929,-0.0238492313614576,-0.0240540583367442,-0.0242513613422984,-0.0244347651106484,-0.0245918313016836,-0.0247160581931113,-0.0248316100063936,-0.0249010505703288,-0.024927119700284,-0.0249340463468332,-0.0249348054444125,-0.0249824280991068,-0.0250684412992142,-0.0249000033515359,-0.0248289218672184,-0.0247077633956134,-0.024532084355774,-0.0243380803499468,-0.0241700097187487,-0.0240309128921936,-0.0239124526253159,-0.0238222890099025,-0.0237776485324308,-0.0237982518442192,-0.0239041975158574,-0.0241156563993302,-0.0244528062453776,-0.0249355687184027,-0.0255830571709375,-0.0264127305835075,-0.0274392787313547,-0.0286732897049825,-0.0301197829955134,-0.0317767258539247,-0.0336336793512026,-0.0356707344936385,-0.0378578912769267,-0.0401550031851775,-0.0425123609473133,-0.0448719315745038,-0.0471692122242127,-0.0493356111259904,-0.0513012328158033,-0.0529979210406455,-0.0543623966121336,-0.0553393166196326,-0.0558840757252026,-0.0559651724140417,-0.0555659770215489,-0.0546857672246737,-0.0533399408728741,-0.0515593723686644,-0.0493889410407128,-0.046885320446523,-0.0441141686400676,-0.0411468976634038,-0.0380572376670837,-0.0349178038204846,-0.0317968848300902,-0.0287556610181347,-0.0258460296376134
-0.00283876573494274,-0.00377364788863229,-0.00473347342770405,-0.00570699146251406,-0.00668853253986827,-0.00767491570644294,-0.00866421508369428,-0.00965519900316568,-0.0106470474674401,-0.0116391915632203,-0.0126306282560172,-0.0136189386731663,-0.01460044948816,-0.0155696728027019,-0.016518272224313,-0.0174334284721257,-0.0182956414808673,-0.0190780758175216,-0.019759024381512,-0.0203670531259724,-0.020965459365208,-0.0215216616511631,-0.0219936283220237,-0.0223917524322756,-0.0227381744032609,-0.0230499336960361,-0.0233383488431981,-0.0236108390596534,-0.0238723628076554,-0.0241263212625971,-0.0243751066333553,-0.0246204390170194,-0.0248635786089749,-0.0251054631479248,-0.0253467993505616,-0.0255880208123849,-0.0258290266403066,-0.0260695107820854,-0.0263090173824083,-0.0265468449689879,-0.0267818661099667,-0.0270121609959718,-0.0272342069084252,-0.0274409846250989,-0.0276186904956213,-0.0277592472958997,-0.0278874262218963,-0.0279636411390087,-0.0279921769292223,-0.0279997525938724,-0.0280005825636106,-0.0280481024362181,-0.0281332729116717,-0.027962101683956,-0.0278846970151181,-0.0277516005807969,-0.0275572730485328,-0.0273396220493009,-0.0271456303536979,-0.0269783241606715,-0.0268285713231347,-0.0267042560670369,-0.0266232728980307,-0.0266059508143731,-0.0266728322807988,-0.0268443943140684,-0.027141025234268,-0.0275827938770158,-0.0281889187594762,-0.0289769357636906,-0.0299615921464607,-0.0311535198352854,-0.0325577723612218,-0.0341723438362082,-0.0359868168323852,-0.0379812997868151,-0.0401258069866562,-0.0423802037521319,-0.0446947907033618,-0.047011543184284,-0.0492659654232708,-0.0513894716892809,-0.0533121717071406,-0.0549659137057687,-0.0562874223868461,-0.0572213582309513,-0.0577231188683024,-0.0577612053914328,-0.0573189904337182,-0.0563957537035139,-0.0550068948510003,-0.0531832898788898,-0.0509698195410793,-0.0484231586670724,-0.045608966370403,-0.0425986552357058,-0.0394659558269286,-0.0362834837763031,-0.0331195283099126,-0.0300352703346295,-0.0270826077629642
-0.00317733602611327,-0.00422634438207568,-0.00530267720060225,-0.00639399432527551,-0.00749408564474083,-0.00859947002761342,-0.00970804124031051,-0.0108184529210161,-0.0119298090309865,-0.0130414880587994,-0.0141523944044551,-0.0152598856549713,-0.0163599477919676,-0.0174465809108856,-0.0185106634967647,-0.0195381498592784,-0.0205076192142113,-0.0213894071328524,-0.022158773623665,-0.0228445149580386,-0.0235134791298532,-0.0241314746249251,-0.0246552512236416,-0.0250975231016309,-0.0254829843287506,-0.0258304396639011,-0.0261523309949986,-0.026456796925876,-0.0267492696492527,-0.0270334719821925,-0.0273120206848104,-0.0275867964222096,-0.0278591765340549,-0.0281301856525638,-0.028400595826448,-0.0286708806747318,-0.0289409299799254,-0.0292104093628518,-0.0294788206174996,-0.0297453967526853,-0.0300089042312572,-0.0302672405724584,-0.030516542150783,-0.0307490895323914,-0.0309495865337363,-0.0311081757615526,-0.0312501546267712,-0.0313337182261065,-0.0313649240179862,-0.0313732017061871,-0.0313741083162271,-0.0314215170455384,-0.0315057761099386,-0.0313316479076796,-0.0312473983013973,-0.0311013625892051,-0.0308867700409696,-0.0306432959192375,-0.0304208141418729,-0.0302223771955553,-0.0300380671827774,-0.0298760577217529,-0.0297549882990454,-0.0296958563071102,-0.0297196894172682,-0.0298472984664728,-0.0300993010236974,-0.0304959259905655,-0.0310565061779529,-0.0317986609955909,-0.0327372001039357,-0.0338828030010434,-0.0352405601433074,-0.0368084947708391,-0.0385762127647886,-0.0405238414534979,-0.0426214106092542,-0.0448287983741138,-0.0470963160809479,-0.0493659480968918,-0.0515732063057923,-0.0536495115142863,-0.0555249790633534,-0.057131462032284,-0.0584056893321116,-0.0592923251125725,-0.0597467702150008,-0.0597375285524308,-0.0592479752438732,-0.0582773921948518,-0.0568411810030487,-0.0549702194017188,-0.0527093896860017,-0.0501153680608707,-0.0472538147855762,-0.0441961430314483,-0.0410160838094336,-0.0377862532523161,-0.0345749411480783,-0.0314433290358777,-0.0284433155415413
-0.00354509016731964,-0.00471815157783522,-0.00592110353469893,-0.00714043133019459,-0.0083693422095162,-0.00960403168765427,-0.0108421993111307,-0.0120823752358966,-0.0133235815687244,-0.0145651401860611,-0.0158058558657106,-0.0170428455990806,-0.0182717286287002,-0.0194859537666548,-0.0206755538265007,-0.02182516130349,-0.0229112829342308,-0.0239011941045249,-0.0247668453764111,-0.0255371749437165,-0.0262827512817833,-0.0269677115784506,-0.027547611319929,-0.0280377227335503,-0.0284655106918146,-0.0288516883189608,-0.0292099099677909,-0.0295490900016216,-0.0298751711688814,-0.0301922227903536,-0.0305031034626396,-0.030809866740184,-0.0311140160746467,-0.0314166696316298,-0.0317186697773626,-0.0320205332059645,-0.0323221396641105,-0.0326231242825534,-0.0329229432635844,-0.0332207590678332,-0.0335152238732612,-0.0338040383596114,-0.0340829713092685,-0.0343435473871093,-0.0345688544644226,-0.0347470736985472,-0.0349039913307055,-0.0349954777144658,-0.035029558664459,-0.0350385920223308,-0.0350395811173401,-0.035086870229847,-0.0351701483192522,-0.0349928369030702,-0.0349012161162285,-0.0347412366712962,-0.0345047748613531,-0.034233358514643,-0.0339799404128436,-0.0337476261550876,-0.0335256961496438,-0.0333226634760147,-0.0331579828695269,-0.0330533773632621,-0.0330303999251814,-0.0331102223000414,-0.0333137097066024,-0.0336612638652888,-0.0341723409362601,-0.0348646504455889,-0.0357530693615413,-0.0368483284792189,-0.0381555580647797,-0.0396728127561192,-0.0413897235554616,-0.0432864381480209,-0.0453330029902958,-0.0474893100373229,-0.0497056821615337,-0.0519241134486689,-0.054080124027273,-0.0561051417442395,-0.0579292879879634,-0.0594844210601877,-0.0607072744039053,-0.0615425161189817,-0.0619455505035711,-0.0618848845068777,-0.0613438959234903,-0.0603218690238932,-0.0588342075019357,-0.0569117909534517,-0.0545995033323612,-0.0519540223239814,-0.0490410094206002,-0.0459318784249535,-0.0427003608290702,-0.0394190733044436,-0.0361563062438405,-0.0329732418669541,-0.029921779567388
-0.00393917143948028,-0.00524517944331431,-0.00658382490581925,-0.00794033570584497,-0.0093072953903339,-0.0106805533555201,-0.012057601262876,-0.0134368371020465,-0.014817195370769,-0.0161979373544012,-0.0175777612077112,-0.0189535264169282,-0.0203204597025929,-0.021671419817548,-0.0229955343755159,-0.0242760208944086,-0.0254871672255616,-0.0265929712926002,-0.0275618351422285,-0.0284228336730643,-0.0292505028306568,-0.0300071998753252,-0.0306472188691158,-0.0311885784550465,-0.0316617122461025,-0.0320893770574877,-0.0324865254091823,-0.0328629021587408,-0.0332249965909208,-0.0335772489294052,-0.0339227766259687,-0.0342638182855466,-0.0346020123395207,-0.034938577062064,-0.0352744300791203,-0.0356101341870138,-0.0359455583912421,-0.0362803051893102,-0.0366137819861265,-0.0369450757314928,-0.0372727162742353,-0.0375941935871868,-0.037904882928663,-0.0381954996110287,-0.0384474006210417,-0.0386466612944131,-0.0388195799430902,-0.0389195478660384,-0.0389567062535435,-0.0389665484032412,-0.0389676257800504,-0.039014786869736,-0.0390970150353238,-0.0389162965914227,-0.0388167859884055,-0.0386418803446058,-0.0383820039253181,-0.0380806601685086,-0.0377940923966889,-0.0375254666125125,-0.0372632114942322,-0.0370162074534376,-0.0368047836968343,-0.0366514407937875,-0.0365782943680797,-0.0366069026696543,-0.0367583961028825,-0.0370533614305263,-0.0375113868793652,-0.0381502784563172,-0.0389849851884911,-0.0400262927872128,-0.0412793741359467,-0.042742317483849,-0.0444047807246069,-0.0462469333345086,-0.048238839629393,-0.050340406349929,-0.0525019687204917,-0.0546655312294714,-0.0567666228303,-0.0587366789054748,-0.0605058273162274,-0.0620059319540885,-0.063173731112734,-0.0639538971199318,-0.0643018379737019,-0.0641860638728792,-0.063589955475725,-0.062512799583914,-0.0609700021347985,-0.0589924447176952,-0.0566250130618907,-0.0539243864370612,-0.050956227655193,-0.0477919511947873,-0.0445052890627726,-0.041168858507202,-0.0378509505681347,-0.0346127481936263,-0.0315061515990392
-0.00435540143284108,-0.00580174975417771,-0.00728365454692947,-0.00878500807066893,-0.0102977310775021,-0.0118173050291561,-0.0133410005464097,-0.0148670750637549,-0.0163943698969389,-0.0179220818797577,-0.0194487957440566,-0.0209710970606985,-0.0224837950612488,-0.0239791210245852,-0.0254452402507484,-0.026863866729869,-0.0282069326379769,-0.0294349631475111,-0.0305126255945306,-0.0314692340268002,-0.0323836341253311,-0.0332162352961121,-0.0339198860911386,-0.0345154736631561,-0.0350365698133187,-0.0355080978732914,-0.035946388250355,-0.0363620679091817,-0.0367622068976095,-0.0371516396941606,-0.0375337589668261,-0.0379110001014182,-0.0382851450843981,-0.0386575186691538,-0.0390291185366565,-0.0394005565252567,-0.0397716902147797,-0.0401420873915193,-0.0405111035619267,-0.0408777453797822,-0.0412404126434706,-0.0415963713953703,-0.041940578888667,-0.0422628915095923,-0.0425428334912919,-0.0427642803597506,-0.042954143711162,-0.043063121806459,-0.0431035524707949,-0.0431142548800803,-0.0431154261670668,-0.043162451069761,-0.0432435624259997,-0.0430592203928014,-0.0429513207125949,-0.0427605529050736,-0.0424758211114494,-0.0421427744446768,-0.0418211855385354,-0.0415142626952702,-0.0412094896595909,-0.0409161128267352,-0.0406553797247098,-0.0404506124809625,-0.0403245225157509,-0.0402990777837484,-0.0403956899695968,-0.0406351421927411,-0.0410371628662018,-0.0416196604353539,-0.0423976604518109,-0.0433820069569715,-0.0445779181080984,-0.0459835178657861,-0.0475884926991302,-0.0493730352427267,-0.051307228794299,-0.0533509958110008,-0.0554546846479366,-0.0575603108529138,-0.0596034127620984,-0.0615154337704737,-0.0632265086221561,-0.0646685071529045,-0.0657781728149194,-0.066500182432388,-0.0667899479383697,-0.0666159829879902,-0.0659616712854161,-0.0648263023246773,-0.0632252844295407,-0.0611895013098366,-0.0587638405834037,-0.0560049832053142,-0.0529785933914286,-0.0497560863391265,-0.0464111946030713,-0.0430165360446436,-0.0396404023924345,-0.0363439773692844,-0.0331791620646155
-0.00478836534539127,-0.00638051100821575,-0.00801129138220059,-0.00966319160056439,-0.0113274334182567,-0.012999109985457,-0.0146752585167368,-0.0163539879698904,-0.0180340411983083,-0.0197145469174443,-0.0213939699679603,-0.0230686064132243,-0.0247328243425185,-0.0263781922849907,-0.0279918597924241,-0.0295539555500566,-0.031033932795743,-0.0323886781333503,-0.0335790053436433,-0.0346347012279597,-0.0356393764148642,-0.0365512536745252,-0.0373214103845959,-0.037973641268461,-0.038544788613878,-0.0390620481931003,-0.039543199672339,-0.0399997992551826,-0.040439529396876,-0.0408676406045514,-0.0412878161113283,-0.0417026991387444,-0.042114223337572,-0.042523825980337,-0.042932589358131,-0.0433411771472702,-0.0437494348515537,-0.0441568935741282,-0.0445628539891045,-0.0449662379467385,-0.0453653079668005,-0.0457570938938825,-0.0461361125837061,-0.0464913173081118,-0.046800315020004,-0.0470447505909309,-0.0472523447706411,-0.0473708180549448,-0.0474147042640197,-0.047426315726488,-0.0474275862749233,-0.047474467225333,-0.0475543982552925,-0.047366227681297,-0.0472494696950327,-0.0470419725819896,-0.0467310911852181,-0.0463648460856224,-0.0460068083604844,-0.0456601794948019,-0.0453113531541265,-0.0449699044438118,-0.0446580236090107,-0.0443998881249386,-0.0442188327483373,-0.0441372551005337,-0.044176862268494,-0.0443586437838045,-0.044702475529299,-0.0452263737719211,-0.0459454446469676,-0.0468705936447932,-0.0480070866341592,-0.0493530852218341,-0.0508983060090167,-0.0526229660564959,-0.0544971686877968,-0.0564808529444336,-0.0585243810400287,-0.0605697801968718,-0.0625525986572894,-0.0644042882770014,-0.0660549910690561,-0.067436583147619,-0.0684858134140406,-0.0691473634427571,-0.0693766493243762,-0.0691421883660837,-0.0684273674907132,-0.067231479037574,-0.0655699338525247,-0.0634736178866329,-0.0609874207538686,-0.0581680251908115,-0.0550810968972894,-0.0517980518305889,-0.0483926231243392,-0.0449374292882051,-0.0415007627785038,-0.0381438081369344,-0.0349184673766498
-0.00523155055228639,-0.00697262522452858,-0.00875555568664932,-0.010561356880104,-0.0123805190478622,-0.0142077285025827,-0.016039777712574,-0.0178746198485066,-0.0197108944060986,-0.0215476585718752,-0.023383251267142,-0.0252136645385035,-0.02703280340806,-0.0288315411691806,-0.0305959629346148,-0.0323045389149882,-0.0339241370337593,-0.035407875521705,-0.0367126760890276,-0.0378691848081412,-0.0389663622224122,-0.0399599239313632,-0.0407986859713922,-0.0415092914773384,-0.0421319407084522,-0.0426961870670386,-0.0432213204636253,-0.0437198678308501,-0.0442001523904762,-0.0446678604259166,-0.0451269797744418,-0.0455803716677475,-0.0460301289190161,-0.0464778069240597,-0.046924576821381,-0.0473711567303418,-0.0478173794735559,-0.0482627376390564,-0.0487064743541248,-0.0491474225196278,-0.0495837007848515,-0.0500120917498822,-0.0504266521135477,-0.0508153945308653,-0.0511539452406788,-0.0514217623164928,-0.0516476816788329,-0.0517760800568721,-0.0518235900439932,-0.0518361558299546,-0.0518375306237808,-0.0518842603858329,-0.0519629520263522,-0.051770763204481,-0.05164471665508,-0.0514197108277487,-0.0510815682167574,-0.0506809706757729,-0.0502855906264263,-0.0498985374168549,-0.0495049093297273,-0.0491145308213877,-0.048750536122244,-0.048437979521929,-0.048200839840037,-0.0480619603570372,-0.048043355250951,-0.0481662289601575,-0.0484506110797205,-0.0489146303629684,-0.0495734770779347,-0.0504381209113328,-0.0515138776046298,-0.0527989481357303,-0.0542830806327822,-0.055946517723876,-0.0577593837016255,-0.0596816349789371,-0.0616636482900848,-0.06364746309306,-0.0655686380152296,-0.0673586337841353,-0.0689476000365669,-0.0702674194728571,-0.0712548467116374,-0.0718545683121411,-0.0720220047284573,-0.0717256771012486,-0.0709489757323162,-0.0696911959482643,-0.067967751243215,-0.065809529921778,-0.0632614236942632,-0.0603801171682953,-0.0572312776023668,-0.0538863217519103,-0.050418983358639,-0.0469018816130516,-0.0434033097356861,-0.0399844531280727,-0.0366972147732375
-0.00567751415831834,-0.00756799377656061,-0.00950367397065962,-0.0114640462437264,-0.0134388411180716,-0.015422321712042,-0.0174110256130457,-0.0194027436144492,-0.0213960074137912,-0.0233897995612178,-0.0253823275518169,-0.0273692661877453,-0.0293440375403978,-0.0312967904661857,-0.0332125025113024,-0.0350679222841059,-0.0368272455908921,-0.0384397338938459,-0.0398584698199265,-0.041115517830827,-0.0423059189293305,-0.04338246912206,-0.0442910475105619,-0.0450609749655911,-0.0457358459290369,-0.0463476327452271,-0.0469171845308915,-0.0474580338780863,-0.0479791692999242,-0.0484867302312812,-0.0489850216143928,-0.0494771318291338,-0.0499653196282747,-0.0504512636201248,-0.0509362276518318,-0.0514209866648332,-0.0519053602488783,-0.0523888008104387,-0.0528704914743581,-0.0533491724718445,-0.0538228127362699,-0.054287938002856,-0.0547381281168439,-0.0551604253477281,-0.0555284359965027,-0.0558195600124762,-0.0560641787387706,-0.0562028679500625,-0.0562541522689518,-0.0562677134854852,-0.0562691970736881,-0.0563157690381536,-0.0563931674951093,-0.0561967887103821,-0.0560610691486906,-0.0558178776701696,-0.0554515737742336,-0.0550158622053054,-0.0545828569983798,-0.0541554491599414,-0.053717168565665,-0.053277962066705,-0.0528618828359817,-0.0524948693536075,-0.0522015574069876,-0.0520052473582161,-0.0519282693571291,-0.0519920494390101,-0.0522167759478431,-0.0526206939550952,-0.0532190808181476,-0.0540229727354829,-0.0550377371605537,-0.0562616159228357,-0.0576843898833669,-0.0592863282305297,-0.0610375770516078,-0.0628981108232674,-0.0648183213856137,-0.0667402609303849,-0.0685994988965449,-0.0703275052508537,-0.0718544375719231,-0.0731121854228836,-0.0740375093812665,-0.0745751012029329,-0.074680385891816,-0.0743218885865219,-0.07348300311337,-0.0721630279154297,-0.0703773792499662,-0.0681569478775148,-0.0655466276961567,-0.062603105266368,-0.0593920494735475,-0.0559848779062638,-0.0524553249409045,-0.0488760104785066,-0.0453152285371118,-0.0418341654154016,-0.0384847251082615
-0.00611805462102575,-0.00815548855383753,-0.0102415705057379,-0.0123542261010347,-0.0144824026705066,-0.0166199261674649,-0.0187630704894128,-0.0209094582541753,-0.023057509420605,-0.0252061291282406,-0.027353388512084,-0.029494633310909,-0.0316227850061144,-0.0337272424280434,-0.0357918385479391,-0.0377915482936937,-0.0396878300985608,-0.0414260458705562,-0.0429555929938253,-0.0443107038012113,-0.045593390929377,-0.0467530169946123,-0.0477316440399679,-0.0485609770556109,-0.0492879843818321,-0.04994709231994,-0.050560744917825,-0.0511435081377845,-0.0517050560903077,-0.052251996127093,-0.0527889611044097,-0.0533192745486639,-0.0538453671367667,-0.054369045212639,-0.0548916687799386,-0.0554140717327397,-0.0559360599350426,-0.0564570441272505,-0.0569761452607918,-0.0574920076449527,-0.0580024454727622,-0.0585037195634962,-0.0589889195827938,-0.0594440961606213,-0.0598408231058445,-0.0601546644239437,-0.060418114160062,-0.0605673893317661,-0.0606225790937309,-0.0606371722711099,-0.0606387687245797,-0.0606851769712294,-0.0607612342424787,-0.0605605135609603,-0.0604147869147901,-0.0601528455908338,-0.0597577132178954,-0.0592865582880411,-0.0588163179922558,-0.058349493699452,-0.0578676991498442,-0.0573808241451902,-0.0569137867559876,-0.0564934015026396,-0.056144965429406,-0.0558922423693108,-0.0557578842327154,-0.0557635433550812,-0.055929570538632,-0.0562743300877104,-0.0568131887535691,-0.0575572510864362,-0.0585119377367583,-0.0596755325969361,-0.0610378502589986,-0.0625791873016447,-0.0642697123029172,-0.0660694183914796,-0.0679287130137997,-0.0697896615239214,-0.0715878445414182,-0.073254741591632,-0.0747205184726517,-0.0759170718528388,-0.0767811684810851,-0.0772575054967312,-0.0773015126183869,-0.076881719128439,-0.0759815225070978,-0.0746002244288982,-0.0727532440167202,-0.0704714745785179,-0.067799812281947,-0.0647949457135925,-0.0615225454469738,-0.0580540299351479,-0.054463134213012,-0.0508224789187348,-0.0472003588975993,-0.0436579613787518,-0.0402471914063343
-0.00654436591428098,-0.0087231593041577,-0.010954128655226,-0.0132136026866399,-0.0154897270526706,-0.0177758790736827,-0.0200680615347991,-0.0223637239063449,-0.0246611709886052,-0.0269592280826765,-0.0292558256246441,-0.0315459699350724,-0.0338220666030341,-0.0360727426156455,-0.0382806557748856,-0.0404189668881147,-0.0424463545924531,-0.0443042871504553,-0.0459387391614948,-0.0473870670758709,-0.0487593217910059,-0.0500008081904072,-0.0510486686991127,-0.0519365660010037,-0.0527147614561361,-0.0534201423017281,-0.0540767691983141,-0.0547002615610738,-0.0553009949619343,-0.0558860566952835,-0.0564604165693936,-0.0570276400651564,-0.0575903349418667,-0.0581504392129704,-0.0587094120568031,-0.0592681481925827,-0.0598264393267766,-0.0603836532384703,-0.0609388468313381,-0.0614905657294441,-0.0620364652213976,-0.0625725348098385,-0.0630913642147768,-0.0635780002127199,-0.0640020000865325,-0.0643374150860005,-0.0646195681765444,-0.0647796499182924,-0.0648388559064528,-0.0648545128111708,-0.064856225704139,-0.0649024650282919,-0.064977139133554,-0.0647719452330885,-0.0646159301237945,-0.0643347933845568,-0.0639104122640124,-0.0634039464143519,-0.0628975833872759,-0.0623932146659482,-0.0618701087823852,-0.0613378621380274,-0.0608221723837221,-0.0603507052674309,-0.0599494141663218,-0.0596425274064509,-0.0594530211572482,-0.0594027766472172,-0.0595123094383753,-0.0598001050114528,-0.0602816211263508,-0.0609680320227343,-0.0618648126591987,-0.0629702899187972,-0.0642743129038016,-0.0657572062418426,-0.0673891615617509,-0.0691301911231091,-0.0709307183905075,-0.0727328222360614,-0.074472094768725,-0.07608002534153,-0.0774867882074824,-0.0786242873468667,-0.0794292958619823,-0.0798465164364385,-0.0798313836459482,-0.0793524310431135,-0.0783930598745168,-0.0769525751464694,-0.0750463989370471,-0.0727054271817554,-0.0699745583896337,-0.0669104832377825,-0.0635788740417131,-0.0600511501466047,-0.0564010472668047,-0.0527011868009777,-0.0490198644476923,-0.0454182683957171,-0.0419483047710989
-0.00694715827563277,-0.00925839551969343,-0.0116253946495461,-0.0140228681284849,-0.016438146512991,-0.018864149548277,-0.02129660287592,-0.0237327786718602,-0.0261708636756692,-0.0286096012655255,-0.0310467774283283,-0.0334770501621705,-0.0358922961858529,-0.0382803525990538,-0.0406226779040068,-0.0428905901872218,-0.0450399693676672,-0.0470084468026886,-0.0487389519915289,-0.0502731444670321,-0.0517303708902248,-0.0530511341590028,-0.0541663143759282,-0.0551109638232544,-0.0559384922049961,-0.0566882254833387,-0.0573858481258425,-0.0580480452754238,-0.0586859053137627,-0.0593070047353666,-0.0599166575580104,-0.0605186768337346,-0.0611158517387365,-0.0617102553044254,-0.062303448476115,-0.0628963884153522,-0.0634888522998275,-0.0640801638398845,-0.0646693143126506,-0.065254748383237,-0.0658339591383392,-0.0664026600373319,-0.0669529347294703,-0.0674688232623885,-0.0679179122236751,-0.0682731710337783,-0.0685736284303497,-0.0687446612601806,-0.0688079738738988,-0.068824721538534,-0.0688265539536233,-0.0688726198584624,-0.0689458747880879,-0.0687360968743224,-0.0685695648036005,-0.0682689075121206,-0.0678151118063328,-0.0672739500844821,-0.0667333382451364,-0.066194284953437,-0.0656331964489084,-0.0650590782822347,-0.0644982891202454,-0.063979303563457,-0.0635287167525334,-0.0631712169382412,-0.0629301036344559,-0.062827487373601,-0.0628840493277405,-0.063118397098894,-0.0635460803629098,-0.0641783438725768,-0.0650207176240857,-0.0660715721298938,-0.0673207915592736,-0.0687487290734829,-0.0703255997743953,-0.0720114354209702,-0.0737566758181276,-0.0755034136385136,-0.0771872527286892,-0.0787396924880637,-0.0800909158176957,-0.0811728341807467,-0.0819222271845864,-0.0822838031919161,-0.0822130017556214,-0.0816783608056411,-0.080663285450679,-0.0791670841145167,-0.0772051819072189,-0.074808477460741,-0.0720218716874049,-0.0689020574104874,-0.0655147087341167,-0.0619312459194984,-0.0582254053785657,-0.0544698092906001,-0.0507327542299014,-0.0470754293698619,-0.043549741946337
-0.00731673557778377,-0.00974802930558045,-0.0122387066279901,-0.0147618560338664,-0.0173039845484503,-0.0198575478619944,-0.0224179897852688,-0.0249824018434475,-0.0275488503058907,-0.0301159948682823,-0.0326814738729941,-0.0352395894628808,-0.0377816787208366,-0.0402947744401581,-0.0427591179805472,-0.0451441678012288,-0.0474030098214348,-0.0494695474733001,-0.051284164081725,-0.0528942406588061,-0.0544298851314551,-0.0558259240097408,-0.0570053733936765,-0.0580039568285444,-0.0588780212894745,-0.0596692793716836,-0.0604050319204767,-0.0611030342951339,-0.0617750945802742,-0.0624292850227517,-0.0630712693823029,-0.0637051127532127,-0.0643337892760882,-0.0649595097924004,-0.0655839392038335,-0.066208098490614,-0.0668317499876523,-0.067454172407233,-0.0680742901032435,-0.0686904449792919,-0.0692999654649186,-0.0698982858953088,-0.0704769813501372,-0.0710190917192753,-0.0714903095592708,-0.0718630676309845,-0.0721811502846066,-0.0723632031211558,-0.0724306930935892,-0.0724485540518659,-0.0724505086076298,-0.0724963972638941,-0.0725682026606867,-0.0723537495205852,-0.0721765230771936,-0.0718561386579445,-0.0713730189132229,-0.070798273208188,-0.0702260807368597,-0.0696562378440087,-0.0690616761963034,-0.0684504476532052,-0.0678494182419332,-0.0672878107337332,-0.0667928375075542,-0.0663896364442274,-0.0661018260125221,-0.0659517442494756,-0.0659602373239715,-0.0661460349012435,-0.0665247787725565,-0.0671077845151054,-0.0679006375129281,-0.0689017522605548,-0.0701010483314737,-0.0714789077342398,-0.0730055693309436,-0.0746410846404198,-0.0763359100428903,-0.0780321522227762,-0.0796654269538338,-0.0811672438518397,-0.0824677946182784,-0.0834989983358177,-0.0841976412394252,-0.0845084374808651,-0.0843868316889546,-0.0838013662597351,-0.0827354502438518,-0.0811883955543646,-0.079175630398022,-0.0767280561615272,-0.0738905762130149,-0.0707198855693322,-0.0672816601630262,-0.0636473211917667,-0.0598906057804959,-0.0560841369062413,-0.0522962120380135,-0.0485880213549084,-0.0450114732260383
-0.00764302460921003,-0.010178372713568,-0.0127767406422254,-0.0154095965106402,-0.0180626201508106,-0.020727799036537,-0.0234002917072933,-0.0260770064048318,-0.028755886964727,-0.0314355079319363,-0.034113357303521,-0.0367833750624849,-0.0394363498935483,-0.0420584991993793,-0.0446288352533021,-0.0471149512134706,-0.0494671670512465,-0.0516158203997273,-0.0534993746358467,-0.0551726090101203,-0.0567780864144083,-0.0582439404663615,-0.0594834410461657,-0.0605321052687839,-0.0614489375917289,-0.0622779549165824,-0.0630480525308118,-0.0637780529107357,-0.0644804864649637,-0.0651639251888947,-0.0658343865085486,-0.0664961909764283,-0.0671525005278363,-0.0678056661039761,-0.0684574583911161,-0.0691089633497075,-0.0697599282091527,-0.0704095859146221,-0.0710567928567709,-0.0716997868096934,-0.072335729879685,-0.0729597757663257,-0.0735629920082685,-0.0741274343079194,-0.0746170094220234,-0.0750042797813564,-0.0753390222576729,-0.0755320907527315,-0.0756038106067327,-0.0756228033287467,-0.0756248822292804,-0.0756705904028847,-0.0757409209824012,-0.0755217192003722,-0.0753336683799414,-0.0749934635769349,-0.0744813640274472,-0.0738746529029777,-0.0732743722836985,-0.0726787157391935,-0.0720564245828103,-0.0714141639766554,-0.0707791166589955,-0.0701811739038052,-0.0696481306142079,-0.0692055582072948,-0.068877386227945,-0.0686861762152091,-0.0686529372718512,-0.0687965200806565,-0.0691326580545774,-0.0696727374074012,-0.070422398893838,-0.0713801010673951,-0.072535799032421,-0.0738699037952006,-0.075352678136976,-0.0769441934949262,-0.0785949229774934,-0.0802469874254716,-0.081836014674743,-0.0832935246822567,-0.0845497180646704,-0.08553652162918,-0.0861907283342153,-0.0864570582079093,-0.0862909610343788,-0.0856609837478641,-0.0845505394063877,-0.0829589434716568,-0.0809016273009016,-0.0784094950843449,-0.0755274526901296,-0.0723121973686813,-0.0688294069147168,-0.0651505034796872,-0.0613492249145985,-0.0574981950086222,-0.0536657121413948,-0.0499129675153029,-0.0462918706521076
-0.00791555566736275,-0.0105351885233009,-0.0132214722287332,-0.0159442688817616,-0.0186884318764072,-0.0214454784013379,-0.0242102793827605,-0.0269795577697797,-0.0297511333770685,-0.0325234943724337,-0.035293976112632,-0.0380561511329403,-0.0408002526502739,-0.0435116744884035,-0.0461681931851851,-0.0487355413888738,-0.0511613238070327,-0.0533725281518921,-0.0553064581655754,-0.0570272493324235,-0.0586918663786997,-0.0602205767276954,-0.0615147150680228,-0.0626085444349363,-0.0635633759068053,-0.0644254180076889,-0.0652251243604771,-0.0659823742343657,-0.0667104190132401,-0.0674183321165585,-0.0681124871325179,-0.0687974625694477,-0.0694766103747957,-0.0701524234567207,-0.0708267798147047,-0.0715008313744654,-0.0721743100396227,-0.0728464023530764,-0.0735158959209555,-0.0741809233989675,-0.074838479610827,-0.0754834375552161,-0.0761063616076771,-0.0766883484749211,-0.0771916595395633,-0.0775897824272857,-0.0779399275832759,-0.0781439382016295,-0.0782199244659388,-0.0782400640040591,-0.0782422691120713,-0.0782877940576394,-0.0783566287519177,-0.0781326200486137,-0.0779336566351259,-0.0775736429594987,-0.0770331547832342,-0.0763966108888194,-0.0757725902367397,-0.0751572269326732,-0.0745142425044725,-0.0738484065346703,-0.0731869886630003,-0.0725604493078315,-0.0719971207958282,-0.071522986157082,-0.0711622746668383,-0.0709377651960654,-0.0708706263052403,-0.0709798276942119,-0.0712811932391891,-0.0717861791278774,-0.0725004811216332,-0.0734226016515024,-0.0745425312836337,-0.075840710021936,-0.0772874246083319,-0.0788427664641771,-0.0804572255051048,-0.0820729368132699,-0.0836255403731023,-0.0850465665677318,-0.086266225010803,-0.0872164503116483,-0.0878340422250042,-0.0880637267232431,-0.0878609588086672,-0.0871942900117273,-0.0860471374511638,-0.0844188201862497,-0.0823247727694675,-0.0797959022354495,-0.0768771169896422,-0.0736251165500338,-0.0701055806022654,-0.0663899322663624,-0.0625519101304789,-0.0586641388081177,-0.0547949176029134,-0.0510054387551817,-0.0473476129553931
-0.00812339732367681,-0.0108035980233688,-0.0135540578765895,-0.0163430572399422,-0.019154627734248,-0.0219798159688563,-0.024813203805931,-0.0276513273766607,-0.0304918811679735,-0.0333332659174886,-0.0361726623300482,-0.0390032709301849,-0.0418147636596427,-0.0445917048598788,-0.0473106331282556,-0.0499354347525297,-0.0524110713912773,-0.0546614509102068,-0.0566236200315224,-0.0583733385763956,-0.0600842050400575,-0.0616672718388273,-0.0630094095441215,-0.0641423964036483,-0.0651294254987681,-0.0660187539800267,-0.0668423440774525,-0.0676211148433888,-0.068369033753344,-0.0690956753388448,-0.0698077706697013,-0.0705101579799715,-0.0712063809786824,-0.071899076096441,-0.0725902299600685,-0.0732810613218933,-0.0739712865697535,-0.07466004530653,-0.0753460556986317,-0.0760273445962246,-0.0767007391720569,-0.0773608329285038,-0.0779976945421753,-0.0785914958340123,-0.0791030260552155,-0.079507632679104,-0.0798716265101888,-0.080086442505286,-0.080166718811144,-0.0801880176939223,-0.0801903506315215,-0.0802356899455678,-0.0803030107202705,-0.0800741482623416,-0.0798642179690194,-0.0794844994511327,-0.078916449974297,-0.0782527264716624,-0.0776102058181432,-0.0769824330756382,-0.0763271540119668,-0.0756466507032319,-0.0749680080730544,-0.0743221358230205,-0.0737378480218371,-0.0732415115594534,-0.0728576406826937,-0.0726092233202311,-0.0725175826595801,-0.0726018045132967,-0.0728778014406227,-0.0733570985015948,-0.0740454457834376,-0.0749413891802648,-0.0760349544766019,-0.0773066105414568,-0.0787266680170611,-0.080255238295379,-0.0818428281157058,-0.0834315868368188,-0.0849571666382418,-0.0863511083820006,-0.087543630734204,-0.0884666761622823,-0.0890570512722288,-0.0892594880336067,-0.0890294467173091,-0.0883354834974697,-0.0871610195979601,-0.0855053777169202,-0.0833839956403353,-0.0808277832825162,-0.077881651618656,-0.074602302464049,-0.0710554174205607,-0.0673124205898338,-0.0634470513069005,-0.0595319350201915,-0.0556353719688955,-0.0518185554438236,-0.0481333973177543
-0.00825505244064554,-0.0109679348917002,-0.0137546476423562,-0.0165819223211378,-0.0194329766425613,-0.0222983876771082,-0.025172447378233,-0.028051503826772,-0.0309331250237844,-0.0338156233036286,-0.0366960228239989,-0.0395671478620299,-0.0424181039505906,-0.0452326214918042,-0.0479860022076901,-0.0506403079867574,-0.053137949579736,-0.0554000795866621,-0.0573645429708805,-0.0591213394737007,-0.0608632599532823,-0.0624905931356345,-0.0638728335311739,-0.0650378440999169,-0.0660501983188729,-0.0669600288802541,-0.0678007440874094,-0.0685942798453421,-0.0693553119094497,-0.0700939140848687,-0.0708171754130327,-0.0715301951574815,-0.0722367102686363,-0.0729395020946435,-0.0736406671053959,-0.0743414916895745,-0.0750416765429022,-0.0757403138380728,-0.0764360517405495,-0.0771268108034179,-0.0778092506111891,-0.0784776873993124,-0.079121704323756,-0.0797205908899887,-0.0802338709434939,-0.0806398382689237,-0.0810158245318315,-0.0812412543631474,-0.0813258356998309,-0.0813483051540406,-0.0813507674403184,-0.0813959188609045,-0.081461709099907,-0.0812279524496421,-0.0810070241120203,-0.0806077802473711,-0.0800132170847422,-0.079325493549335,-0.0786706491226797,-0.078039028741733,-0.0773813031471795,-0.0766965826903015,-0.076011450797064,-0.0753571250996196,-0.0747628349402535,-0.0742552975163144,-0.0738592939656523,-0.0735980109931191,-0.0734929203149253,-0.073563220121685,-0.0738249093150155,-0.07428958033776,-0.0749630366478783,-0.0758438669904988,-0.0769221319805579,-0.0781783291124091,-0.0795827927877768,-0.0810956542946408,-0.0826674371657058,-0.0842403050355988,-0.085749922297419,-0.0871278403228627,-0.0883042868686869,-0.0892112123026937,-0.0897854301261707,-0.0899716783501099,-0.0897254225573513,-0.0890152236075345,-0.0878245068694731,-0.0861525987177317,-0.0840149402069569,-0.0814424441638968,-0.0784800241638067,-0.0751843843472866,-0.0716212082563653,-0.0678619209866386,-0.0639802626291688,-0.0600488594772726,-0.0561360127164355,-0.0523029166995408,-0.0486014844940856
-0.00829833047962215,-0.0110115647813933,-0.0138021533048343,-0.0166353189988898,-0.0194934757377557,-0.0223667328095466,-0.0252490916215219,-0.02813671099798,-0.0310270312616438,-0.0339182753206765,-0.03680730877492,-0.0396865751902237,-0.0425446084113567,-0.0453643007197977,-0.0481197196488966,-0.0507711302621296,-0.0532585020970191,-0.0555006115829113,-0.0574373229562593,-0.0591758879373193,-0.0609312299947216,-0.0625910934684781,-0.064004245254827,-0.0651929811375577,-0.0662226725168222,-0.0671451249943336,-0.0679951188348718,-0.0687955790483545,-0.0695618797920541,-0.0703045914292224,-0.071031161119707,-0.0717469503596055,-0.072455890827233,-0.0731609102335221,-0.0738642161701634,-0.0745671635203833,-0.0752694371020372,-0.0759700811457594,-0.0766676732484277,-0.0773600272217385,-0.0780436353315046,-0.0787125394536348,-0.0793558495801071,-0.0799520232330966,-0.080459559723122,-0.0808609537862665,-0.0812467689004311,-0.0814825782975204,-0.0815714769641533,-0.081595128614821,-0.0815977218568695,-0.0816426829854832,-0.0817069252459454,-0.0814682333277064,-0.0812362837800169,-0.0808177453616117,-0.0801979127807326,-0.0794898992917863,-0.0788298975126233,-0.0782043483961792,-0.077555583040851,-0.0768787514892956,-0.0761995694327811,-0.0755493983888504,-0.074957805516399,-0.0744518190555508,-0.0740564657847028,-0.0737951190455566,-0.0736893918467286,-0.0737585903002339,-0.0740187968381854,-0.0744816694822203,-0.0751530638923077,-0.0760316109054945,-0.0771074054769259,-0.0783609734150803,-0.0797626726901606,-0.08127265437643,-0.0828414587452465,-0.0844112636893886,-0.0859177458226148,-0.0872924670495577,-0.088465664251175,-0.0893692957352944,-0.089940181941392,-0.0901230669660129,-0.0898734217479374,-0.0891598118752127,-0.0879656669028234,-0.0862903169209326,-0.0841492062897352,-0.0815732507828881,-0.0786073666078106,-0.0753082602600733,-0.0717416172473007,-0.0679788636721669,-0.0640937403914933,-0.0601588745539898,-0.0562425683027783,-0.0524060170649788,-0.0487011351157679
-0.00824022899406593,-0.010916713949976,-0.0136740262181815,-0.0164759245878354,-0.0193040298774483,-0.0221479851621676,-0.0250015002942553,-0.0278605432766782,-0.0307224252635266,-0.0335852784775328,-0.0364458075019242,-0.0392960697052781,-0.0421240206403759,-0.0449117088699033,-0.0476319696441113,-0.0502433011309025,-0.0526833552099234,-0.0548689649188763,-0.0567434169404726,-0.0584346880496469,-0.0601832296481713,-0.0618621862085461,-0.063295731019752,-0.0644986916833897,-0.0655365698433812,-0.0664626130681262,-0.0673128898427473,-0.0681112833827613,-0.0688738555777909,-0.0696116707067005,-0.0703325345579657,-0.0710420724910453,-0.071744412803894,-0.0724426313684024,-0.073139048471561,-0.0738350885413553,-0.0745304202894506,-0.0752240393712511,-0.0759144520963004,-0.0765993649231699,-0.077275102948656,-0.0779354367638011,-0.0785690169255311,-0.0791535259396816,-0.0796467140255086,-0.080036720693818,-0.080429891130138,-0.0806758211500704,-0.0807690553805213,-0.0807939036964441,-0.0807966298635081,-0.0808413977660693,-0.0809040705536855,-0.0806603915202845,-0.0804173836615018,-0.0799797971351536,-0.0793360989359059,-0.0786120337901521,-0.0779550938637616,-0.077347004657619,-0.0767202984081995,-0.0760652560983348,-0.0754063045659594,-0.0747747610943872,-0.0742004420924655,-0.0737106420801126,-0.0733306093237701,-0.0730838900491012,-0.0729922303876331,-0.0730750393613186,-0.0733484797855875,-0.0738242732531811,-0.0745083263346577,-0.0753993111280107,-0.0764873563988363,-0.0777530159395605,-0.0791666710921781,-0.0806884926101691,-0.0822690374566751,-0.0838504977759453,-0.0853685624221612,-0.0867548038696534,-0.0879394681707832,-0.0888545216265004,-0.08943679167031,-0.089631028540758,-0.0893927085881403,-0.088690402182674,-0.087507543116833,-0.0858434652448549,-0.0837136162779769,-0.0811489149791631,-0.0781942802273006,-0.0749064209092505,-0.0713510245292927,-0.0675995182132066,-0.0637256435954522,-0.0598020286930204,-0.0558969766205918,-0.0520716838945028,-0.0483780660136518
-0.00806689830069682,-0.0106644051666165,-0.0133461680185066,-0.0160745264053294,-0.0188303172992964,-0.0216027175646571,-0.0243851432421713,-0.0271733690104731,-0.0299645746716954,-0.032756799988723,-0.035546585124712,-0.0383255935544311,-0.0410811928412454,-0.0437945782601218,-0.0464373502395889,-0.0489662672651871,-0.05131679488274,-0.0534043062814317,-0.0551771154410032,-0.0567879431916934,-0.058506717983818,-0.0601895969413244,-0.061631680253556,-0.0628381423027134,-0.0638738580403184,-0.0647932605140547,-0.0656336163450099,-0.0664197355562356,-0.0671683582891632,-0.0678910416245253,-0.068595951926137,-0.0692889812733221,-0.0699744574796957,-0.0706556071831332,-0.0713348655808227,-0.0720137281021386,-0.0726918470321302,-0.0733681685473852,-0.0740411265828543,-0.0747083191405128,-0.07536590368031,-0.0760073819616343,-0.0766209589283995,-0.0771836037386841,-0.0776526271337813,-0.0780234728412934,-0.0784212206193125,-0.0786770161140011,-0.0787746231305861,-0.0788006890900507,-0.0788035509231136,-0.0788481215340913,-0.0789091944786419,-0.0786604504906988,-0.0784063000522175,-0.0779498723364074,-0.0772838099944322,-0.0765484400001381,-0.0759038976872866,-0.0753262545677487,-0.0747365512628515,-0.0741191502121358,-0.0734967067560721,-0.0729002803671711,-0.072359837182643,-0.0719028882375768,-0.0715548767320682,-0.0713395068335278,-0.0712786490364948,-0.0713918099802536,-0.0716952295999239,-0.0722006910242462,-0.0729141504635475,-0.0738343204914737,-0.0749513632120485,-0.0762458601338603,-0.0776882158366864,-0.0792386207068357,-0.0808476484097407,-0.0824575053878811,-0.0840038928049958,-0.0854183937871344,-0.0866312636465736,-0.0875744767681121,-0.0881848676693097,-0.0884071928181769,-0.0881969340602254,-0.0875226666270611,-0.0863678286230121,-0.0847317577357763,-0.0826299050919977,-0.0800931925034516,-0.0771665415752804,-0.0739066636359482,-0.0703792482292533,-0.0666557235261398,-0.0628098319551704,-0.0589142024195435,-0.0550371390250042,-0.0512398393982503,-0.0475742202847592
-0.00776385729476331,-0.0102347251046574,-0.0127932558991031,-0.0154004085040431,-0.0180362399483995,-0.0206894571101437,-0.0233531773251981,-0.0260229775943128,-0.0286959028722288,-0.0313698977369994,-0.0340413328097261,-0.0367014659096892,-0.0393370610484514,-0.0419284426442567,-0.0444459634714635,-0.0468446585381161,-0.0490579355675824,-0.0510002344886926,-0.0526267242890758,-0.0541195454454607,-0.0557827395831164,-0.0574526804087659,-0.0588901715928516,-0.0600882230756016,-0.0611102352021189,-0.062011550510803,-0.0628305431596984,-0.0635929225280642,-0.0643161019485742,-0.0650121340568583,-0.0656895508814116,-0.0663545165633418,-0.0670115632732375,-0.067664072537312,-0.0683145978602592,-0.0689647078701437,-0.0696140379354748,-0.0702614833469964,-0.0709054038679403,-0.0715432869361989,-0.0721711204955734,-0.0727821380270978,-0.0733641106414651,-0.0738933570357453,-0.0743270896614595,-0.0746699634102057,-0.0750692323846548,-0.0753346891905804,-0.0754367458723049,-0.0754640627008143,-0.0754670643512089,-0.0755114315450577,-0.0755708578663285,-0.0753169212097802,-0.0750514440718906,-0.0745762528973175,-0.0738893170649056,-0.0731478361117553,-0.072526187085317,-0.0719936966488955,-0.07145793583969,-0.070896132013694,-0.0703286172432206,-0.0697859532869964,-0.0692981464081489,-0.0688928704993012,-0.0685957357058608,-0.0684305887788673,-0.0684194158295773,-0.0685818160123894,-0.0689341033730008,-0.0694881208087207,-0.0702498731568357,-0.0712181129202197,-0.0723830352858636,-0.0737252494049056,-0.075215183134018,-0.076813046599769,-0.0784694303168892,-0.0801265551940547,-0.0817201348812426,-0.0831817633338744,-0.0844417052977543,-0.0854319434080333,-0.0860893194239842,-0.0863585961909411,-0.0861952611873485,-0.0855678946338124,-0.0844599390642631,-0.0828707361081713,-0.0808157404069344,-0.0783258769120992,-0.0754460700381628,-0.0722330336310003,-0.0687524593381684,-0.0650757764088334,-0.0612767280904057,-0.0574279441994393,-0.0535977298624879,-0.0498472838491575,-0.0462285241870555
-0.00731684006100789,-0.00960793196696336,-0.0119901227139786,-0.0144230106501037,-0.0168858651171786,-0.0193669117584153,-0.021858959376885,-0.0243573795934134,-0.0268590766967005,-0.0293618956959752,-0.0318620295733762,-0.0343503116496855,-0.0368128764301468,-0.0392291452752747,-0.0415681904257633,-0.0437833144431559,-0.045805973785162,-0.047550226512784,-0.0489801649102339,-0.0503128219978698,-0.0518918549103241,-0.0535305475509073,-0.0549492710446914,-0.0561259870967089,-0.057121688025255,-0.0579923433040857,-0.0587773542544098,-0.0595033138867794,-0.060188313591654,-0.0608449121010905,-0.0614820181716568,-0.0621060779083967,-0.0627218361670978,-0.0633328361610848,-0.0639417551627219,-0.0645502384793857,-0.0651579037778698,-0.0657635931728318,-0.0663655891901071,-0.0669612647474753,-0.0675464336594675,-0.0681140576172838,-0.06865147991306,-0.0691344263826317,-0.0695203761972217,-0.0698253848783883,-0.0702229153349789,-0.0704979619942011,-0.0706046190258382,-0.0706332415588842,-0.0706363896259059,-0.0706805437092195,-0.0707382479541167,-0.0704789019645843,-0.0702017269930431,-0.0697075686975684,-0.069001041219104,-0.0682589352018512,-0.0676718045689011,-0.067200956078191,-0.066738160250927,-0.0662520933207073,-0.0657601358083713,-0.0652920864312736,-0.0648778744546379,-0.0645452814805044,-0.0643200570887602,-0.0642261762981121,-0.064285733210462,-0.0645184154302479,-0.0649406090155001,-0.0655642156481939,-0.0663952884487912,-0.0674326198734855,-0.0686664384241477,-0.0700773812384474,-0.0716358998481798,-0.073302224537681,-0.0750269630868132,-0.0767523512722288,-0.0784141156110679,-0.0799438612446802,-0.081271862683277,-0.0823301111174923,-0.0830554558284953,-0.0833926662953789,-0.0832972358636771,-0.08273774995643,-0.0816976557314511,-0.0801762989366498,-0.0781891378887151,-0.0757671008247,-0.0729551151007383,-0.0698098972000705,-0.0663971409752184,-0.0627882768055791,-0.0590570487965371,-0.0552760877211355,-0.0515136997743054,-0.0478310849210286,-0.0442801625288505
-0.0067141100016461,-0.00876752794929615,-0.0109156089626162,-0.013116571481069,-0.0153488666121384,-0.0176002136403652,-0.0198630941345717,-0.0221326607369321,-0.0244056672174711,-0.0266798517794753,-0.0289512165813835,-0.0312101394398687,-0.0334420813457605,-0.0356255024586672,-0.0377281247098788,-0.0397014590217075,-0.0414750595689884,-0.042963138091792,-0.0441410196970527,-0.0452670687139222,-0.0467311628649084,-0.0483195479894675,-0.0497049056426853,-0.0508468534650776,-0.0518029804661567,-0.0526296211408819,-0.0533671541168188,-0.054043066102612,-0.0546761510582981,-0.0552794989572922,-0.0558624171903437,-0.0564316518298957,-0.056992174848563,-0.057547702581437,-0.0581010450751225,-0.0586539299932826,-0.0592059560086334,-0.0597559082452944,-0.0603019867099493,-0.0608414425532769,-0.0613699058314257,-0.0618800550732771,-0.0623587992935249,-0.0627813113559397,-0.0631057067552354,-0.0633619432294111,-0.0637544531058974,-0.0640392972160073,-0.0641508375519837,-0.0641808580626542,-0.0641841633398168,-0.0642280885152352,-0.0642839458817329,-0.0640188187059454,-0.0637292383256072,-0.063215360299135,-0.062489943119073,-0.0617526324437758,-0.0612125472260328,-0.0608214774087433,-0.0604526234159172,-0.0600644582599437,-0.0596707023510256,-0.0593001061724909,-0.0589824036429135,-0.0587454325288785,-0.0586150586197323,-0.0586153747336602,-0.058768578538425,-0.0590944446266328,-0.059609431079366,-0.0603254990946548,-0.0612487511372076,-0.0623780208004649,-0.0637035710983687,-0.065206068308701,-0.0668559887205889,-0.068613583775331,-0.0704294794314201,-0.0722459271635108,-0.0739986671071372,-0.0756193162678331,-0.077038159531733,-0.0781871971958777,-0.07900328655949,-0.079431204182257,-0.0794264496792872,-0.0789576140386813,-0.0780081493690138,-0.076577405831344,-0.0746808456835052,-0.0723494006879571,-0.0696280013589913,-0.0665733670127191,-0.0632511938709891,-0.0597329135277938,-0.0560922710101887,-0.0524018981182475,-0.0487301021934685,-0.045138084482905,-0.0416777657902677
-0.00595193008453819,-0.00770757239479966,-0.00956175755227584,-0.0114712258802392,-0.0134135369564323,-0.0153758534242477,-0.0173502951717033,-0.0193317719531043,-0.0213168701853506,-0.0233032091256819,-0.0252865782172809,-0.0272568478862846,-0.0291987303436236,-0.0310896208246746,-0.0328957546638179,-0.0345666967452945,-0.0360300235602001,-0.0372005337267851,-0.0380672877682981,-0.0389375594730177,-0.0402554504311243,-0.0417754198290983,-0.0431138520765117,-0.0442083105003719,-0.0451119885955847,-0.0458814004387602,-0.0465579211537476,-0.0471699927584447,-0.0477371733573148,-0.0482731359577543,-0.0487876278539052,-0.0492877273430065,-0.0497786585715694,-0.0502643304400225,-0.050747700868811,-0.0512305893153453,-0.0517125732950803,-0.0521923745011383,-0.0526681012866723,-0.0531368699893547,-0.0535941082543675,-0.0540321854489969,-0.0544375451310538,-0.0547848055806255,-0.0550330494126233,-0.0552289514454664,-0.055613541094793,-0.0559089350672218,-0.0560258758192927,-0.0560574512666667,-0.0560609317349197,-0.0561046017566666,-0.0561584025896337,-0.0558868528447958,-0.0555835622933475,-0.0550481851001888,-0.05430330012623,-0.0535753637776304,-0.0530950649717582,-0.0528029205631221,-0.0525502536761144,-0.0522834137708453,-0.0520116805163962,-0.0517624674671683,-0.0515652077771654,-0.051447757942212,-0.0514360885497718,-0.0515544090007439,-0.0518250232420372,-0.0522677969183151,-0.0528992644651761,-0.0537314507479881,-0.0547705113774782,-0.0560153244907326,-0.0574561906330319,-0.0590738078845984,-0.0608386796346014,-0.0627110805422175,-0.064641656558887,-0.0665726764565877,-0.0684398954013722,-0.0701749435120456,-0.0717081171575514,-0.0729714267240799,-0.0739017384029472,-0.0744438366131755,-0.0745532279343843,-0.0741985095408735,-0.0733631390478782,-0.0720464715278247,-0.0702639736267145,-0.0680465810339222,-0.0654392277828881,-0.0624986363473964,-0.059290505590941,-0.0558862684618259,-0.0523596710145111,-0.0487833461935813,-0.045225602617836,-0.0417476429619809,-0.0384013896282757
-0.00504559662637391,-0.00644749539641196,-0.00795247113051789,-0.00951554027341081,-0.0111132203887053,-0.0127320227974024,-0.0143636439026962,-0.016002708941969,-0.0176456082382257,-0.0192898216471572,-0.0209308892864301,-0.0225580869181459,-0.0241552493889039,-0.0256985246672612,-0.0271524083092758,-0.0284641915781177,-0.0295591534262638,-0.0303528400684446,-0.030850585862874,-0.0314173993998563,-0.032561326630031,-0.0339993326969878,-0.0352813649276529,-0.0363189058555142,-0.0371599104861735,-0.0378610707237053,-0.0384649163420852,-0.0390010032071232,-0.0394897823504283,-0.0399456088438997,-0.0403787449553001,-0.0407966580759341,-0.041204867784266,-0.0416075086283855,-0.0420077118340124,-0.0424074044493322,-0.0428061391934572,-0.043202563425472,-0.0435946781183207,-0.0439794417267962,-0.0443520449972247,-0.0447044958576247,-0.0450226949779627,-0.0452806194891913,-0.0454385226183235,-0.0455628487218316,-0.0459378211212595,-0.046245527296368,-0.0463687917321527,-0.046402189243987,-0.0464058750475177,-0.046449246003415,-0.0465006366735868,-0.0462215621146633,-0.0459022187576698,-0.0453417115692505,-0.0445742365241757,-0.0438578667978304,-0.0434486994056749,-0.0432739424334855,-0.0431591073294478,-0.0430362256902593,-0.0429093203185629,-0.0428042135396816,-0.0427499740517132,-0.0427744739984981,-0.0429038032471427,-0.0431623057296028,-0.043572408646258,-0.0441540835147618,-0.0449239537017047,-0.0458941183129642,-0.0470707949850689,-0.0484529138764948,-0.050030819388284,-0.0517852467787715,-0.0536867311298816,-0.0556955742620485,-0.0577624455216625,-0.0598296339261003,-0.0618329122372443,-0.0637039259279741,-0.0653729848143758,-0.066772111099304,-0.0678381813900084,-0.0685159893126824,-0.0687610496066385,-0.0685419666945618,-0.0678422046443843,-0.0666611242840265,-0.0650141974021641,-0.0629323642905297,-0.060460563107202,-0.0576555200270669,-0.0545829370100028,-0.051314248591747,-0.047923202031006,-0.0444824316138123,-0.0410602474559651,-0.037717853905348,-0.0345071752375232
-0.00404366432721669,-0.005051279694663,-0.00616771428504254,-0.00734576837280135,-0.00856064103029894,-0.00979802620579964,-0.0110490915073094,-0.0123081080631223,-0.013571222676918,-0.014835742349831,-0.0160968983120823,-0.0173432291062384,-0.0185574799397154,-0.0197142447855312,-0.0207758388673063,-0.0216866681995548,-0.0223689740801127,-0.0227386724670584,-0.0228196337642012,-0.0230445955856383,-0.0239972076829276,-0.025350189120417,-0.0265753787104283,-0.0275540978569709,-0.0283286174190054,-0.0289561539855846,-0.0294807922485828,-0.0299335227967598,-0.0303359283765878,-0.0307032213190448,-0.0310463078642039,-0.0313731403348775,-0.0316896056542969,-0.0320001184823218,-0.0323080249285517,-0.0326153853486953,-0.0329217217206452,-0.0332255891809862,-0.0335248552251761,-0.0338162814717048,-0.034094761923122,-0.0343518480390109,-0.0345727429489124,-0.0347305466837194,-0.0347866175419047,-0.0348302586453114,-0.0351964277231305,-0.0355198849174501,-0.035651041436802,-0.0356867008678641,-0.0356906411325331,-0.0357336415582079,-0.0357820433222035,-0.0354936170823189,-0.0351542274877346,-0.0345619404217469,-0.0337643510912201,-0.033056916510575,-0.0327260397885208,-0.032683330637264,-0.0327238983808311,-0.0327630403162046,-0.0327987495841476,-0.0328551026904705,-0.0329608279590109,-0.0331438756733727,-0.0334305166062976,-0.0338452810839166,-0.0344107612802733,-0.0351470677991265,-0.0360709394467569,-0.0371945708888419,-0.0385242590945055,-0.0400590004291039,-0.0417891948849056,-0.0436956246913779,-0.0457488648604311,-0.0479092513527811,-0.0501274828617385,-0.0523458737564469,-0.0545002187992194,-0.0565221826349844,-0.0583420918510736,-0.0598919833729135,-0.0611087467732883,-0.0619371871300142,-0.0623328293239194,-0.0622642867808707,-0.0617150315790926,-0.0606844316877683,-0.0591879652736264,-0.057256578334142,-0.0549352141391435,-0.0522806034490505,-0.0493584520591209,-0.0462401964712821,-0.042999585436151,-0.0397092549021246,-0.0364375168407186,-0.0332455776746773,-0.0301853640036039
-0.0030133753126613,-0.00360809644069089,-0.00431922679147845,-0.00509657093534205,-0.00591358755534374,-0.00675490532537754,-0.0076110080780544,-0.0084757114213922,-0.00934485000438995,-0.0102155097921133,-0.0110825275841983,-0.0119334995186869,-0.012749773879504,-0.0135039422203493,-0.014155484240665,-0.0146449805873175,-0.0148903996321161,-0.0148069830580135,-0.0144389218018005,-0.0142976142152381,-0.0150558009608398,-0.0163342443509241,-0.0175136960678728,-0.0184413934190674,-0.0191540090430374,-0.0197100566064807,-0.0201558626946604,-0.0205243628219414,-0.0208386373495942,-0.0211150185242717,-0.0213652472107411,-0.0215979009057145,-0.0218193383629023,-0.0220343330788504,-0.0222465059222738,-0.0224580875036657,-0.0226685605025556,-0.0228763620237898,-0.0230791882033277,-0.0232735467642943,-0.0234539460861989,-0.0236113368545872,-0.0237299800566103,-0.0237816851618287,-0.0237285104033136,-0.0236855826424289,-0.0240469206619048,-0.0243915159809749,-0.0245328691336857,-0.0245714263303523,-0.0245756916766215,-0.0246182189166216,-0.0246627979002085,-0.0243623698716963,-0.0239970558080952,-0.0233628557678782,-0.0225224289060355,-0.0218152897028627,-0.0215641261292702,-0.0216624628253198,-0.0218698338781994,-0.022082236351561,-0.0222909590262411,-0.0225183137715582,-0.0227928232638658,-0.0231426586127417,-0.0235943898542942,-0.0241728259663229,-0.0249007950755227,-0.0257986017091067,-0.0268831429275345,-0.0281667428040547,-0.0296558047393041,-0.0313494132626881,-0.0332380419462975,-0.0353025348766414,-0.0375135194261877,-0.0398313761610679,-0.0422068419968695,-0.0445822642314821,-0.04689346613479,-0.049072137142226,-0.0510486254871909,-0.052754987065889,-0.0541281281336207,-0.0551128684838262,-0.0556647460145027,-0.0557523856957736,-0.0553592698677542,-0.0544847756408453,-0.0531443893402848,-0.0513690642574922,-0.0492037501933559,-0.0467051837642435,-0.0439390756615498,-0.0409768648969232,-0.0378923021260215,-0.0347580254209101,-0.0316423491250014,-0.0286064823146154,-0.0257023545635785
-0.0019425212091178,-0.00210107976924287,-0.00238552206621725,-0.00274186454831135,-0.00314139512107636,-0.0035674237502708,-0.00400959182760047,-0.00446115551501547,-0.00491756692044798,-0.00537564153789238,-0.00582973394229641,-0.00626628733001683,-0.0066649379454663,-0.00699581553067341,-0.00721489419249643,-0.00725797084466329,-0.00703749128688369,-0.00646700418473378,-0.00561300653709207,-0.00507713684155531,-0.00563541148324598,-0.0068485134351508,-0.00799238900071841,-0.00887596137457025,-0.0095303167792985,-0.010016029823215,-0.0103823622418147,-0.0106647129095717,-0.0108880329157566,-0.0110700428289969,-0.0112235132414313,-0.0113577904827417,-0.0114798122454973,-0.0115947916064496,-0.011706685627357,-0.011817933091637,-0.0119279686001381,-0.012035084749983,-0.0121367674810284,-0.0122292121777262,-0.0123064506868245,-0.0123586856402481,-0.0123689872106367,-0.0123074578129079,-0.0121364725393379,-0.0120001798351959,-0.0123604686402001,-0.0127316837800987,-0.0128855932849085,-0.0129277003908875,-0.0129323632905861,-0.0129743119901351,-0.0130142126589405,-0.0126990657732627,-0.0123018093617244,-0.0116153579007184,-0.0107192371554297,-0.0100040376000365,-0.00983497923804744,-0.0100848651617836,-0.0104721956142236,-0.0108709388014624,-0.011264940904576,-0.0116747084642856,-0.0121286862452352,-0.0126554070543026,-0.0132818585224429,-0.014033221094452,-0.0149326305326908,-0.0160006408172921,-0.0172543507049732,-0.0187062480752663,-0.0203628703363399,-0.0222234125499324,-0.0242784402105635,-0.0265088744530348,-0.0288854077048436,-0.0313684758315752,-0.033908863045593,-0.03644895732428,-0.0389246171043984,-0.0412675623639785,-0.0434081679749676,-0.0452785131564892,-0.046815524655348,-0.0479640403262215,-0.0486796140324908,-0.0489308848943308,-0.0487013478230206,-0.0479903911217696,-0.046813511100941,-0.0452016699755564,-0.0431998255340321,-0.0408647215525105,-0.0382620747072584,-0.0354633270775149,-0.0325422316479994,-0.0295714290878305,-0.0266192366419893,-0.023746866634111,-0.0210062522792391
-0.000752182005797977,-0.000426693083930119,-0.000237442773420388,-0.000126311926233025,-6.22158036348575e-05,-2.7022103497587e-05,-9.45046674838412e-06,-2.14477445198424e-06,-1.38387379555738e-07,4.93089715170036e-08,4.59171330796648e-06,2.83078780979884e-05,9.34356243280643e-05,0.000232539278188337,0.000493479213702575,0.000945685953536279,0.00168273190015211,0.0027928396839223,0.00418484952561848,0.00515775961191878,0.00482194487314169,0.00368282772299233,0.0025798316605804,0.00174630065536496,0.00115738412079192,0.00075029602334753,0.000472579429977471,0.000286146512206376,0.00016400174504938,8.69063402084702e-05,4.09631714595182e-05,1.59845634685185e-05,4.39915825589665e-06,5.12678236086472e-07,2.77555756156289e-15,1.9441978593715e-07,1.71397354187253e-06,6.42426208496971e-06,1.70694172696439e-05,3.77958421218239e-05,7.50929505127784e-05,0.000139575847458384,0.000249474454688592,0.000436543111372201,0.000738008726565154,0.00097770625116933,0.000619026604849249,0.000218739824133563,5.10912787263784e-05,5.09815851501561e-06,0,-4.13152755087687e-05,-7.60942347506344e-05,0.000255163568247507,0.00068736926006463,0.0014309336019358,0.00238771711706409,0.00311094345422092,0.00318865213981689,0.00277085915624398,0.00218422418298392,0.00157904632727246,0.000979699567410508,0.000367687338055811,-0.000285333375404262,-0.0010082826977007,-0.00182860056965617,-0.00277187122564948,-0.00386156543284011,-0.00511850911795442,-0.00656002109014087,-0.00819876804532826,-0.0100414337442351,-0.0120873340070921,-0.0143271347853339,-0.016741841436816,-0.0193022175173119,-0.0219687593655874,-0.0246923029241335,-0.0274152806691857,-0.0300735895109215,-0.032598982845379,-0.0349218646937334,-0.0369743397984192,-0.038693357332708,-0.0400237749193378,-0.0409211638969259,-0.0413541788746774,-0.0413063285252973,-0.0407770134050521,-0.0397817407557424,-0.0383514825619696,-0.0365312053572133,-0.0343776607566132,-0.0319565719891887,-0.0293393844928712,-0.0265998538023923,-0.0238106234302536,-0.0210400137981094,-0.0183492407846969,-0.0157902415912482
0.0105929186171105,0.0150283185485159,0.0193426621829873,0.0235850483376458,0.0277831882831556,0.0319537724350522,0.0361074052577402,0.0402511031298901,0.0443896516274303,0.0485264284066328,0.0526674493516145,0.05682710904654,0.0610268269469766,0.0652975153767118,0.0696834779994956,0.074245959774218,0.0790582316520372,0.0841541446068695,0.0892926113394759,0.0934347540079262,0.0953749131962609,0.0958121502554382,0.0959578584719725,0.0962408265748492,0.0967123124916738,0.0973396420652972,0.0980833518346041,0.0989114573590955,0.0998000380085122,0.100731493731694,0.101692841694993,0.102674424475655,0.103668989079521,0.104671038843835,0.105676375611905,0.106682402046126,0.107689718426427,0.108700130514956,0.109716270745689,0.110742063914568,0.111783529286977,0.112850197706695,0.113957495951336,0.11512861391197,0.116367495773491,0.117349461111135,0.117291369076884,0.116947897399989,0.116789932975585,0.116745542162122,0.116740580908042,0.116699074734071,0.116662479971558,0.116986101206852,0.117392539276044,0.118056505608042,0.118789317351913,0.118988149869729,0.118141600965534,0.116478973686833,0.114465928971623,0.112342674415548,0.110177870606204,0.107974245272953,0.10571417991898,0.103374555101214,0.100931271655898,0.0983607744223274,0.0956408804226346,0.0927516113052296,0.0896762232476163,0.0864024496789066,0.0829238913728965,0.0792414386429361,0.0753645773000198,0.0713124153060468,0.0671142747796675,0.0628097248762891,0.0584479802196985,0.0540866477257141,0.0497898614225303,0.0456258923955198,0.0416643561302762,0.037973163528456,0.0346153780401184,0.0316461522882278,0.0291099232972585,0.0270380433223895,0.0254470093561989,0.0243374255439927,0.0236937885676641,0.0234851297360187,0.0236664852964131,0.0241811059963144,0.0249632704948635,0.0259415343098985,0.0270421426660299,0.0281924529424796,0.0293241457715384,0.0303760065274359,0.0312960995069343
0.00697566191609356,0.010154015052262,0.0131944057248842,0.0161539408379166,0.0190641606923578,0.0219438246753114,0.024804755192781,0.0276547312521161,0.0304990382138095,0.0333413964940631,0.0361884220602086,0.0390559644845365,0.0419676833759848,0.0449579134113131,0.0480763413545957,0.0513929682390364,0.0549957663827021,0.0589434721796507,0.0630337808361878,0.0662710001271203,0.0674689924349759,0.0673113189691715,0.0669678687078022,0.066827090201223,0.0669142080672979,0.0671815236438462,0.0675808272795803,0.0680748264294251,0.0686362297047196,0.0692452077624486,0.0698872517580333,0.0705516293916399,0.0712303125259002,0.071917234613925,0.0726077718788476,0.0732990673523415,0.0739917820120428,0.0746879067946971,0.0753903539197491,0.0761034874729924,0.0768340528284757,0.0775928672047534,0.0783978610299125,0.0792777373461679,0.0802501766798789,0.0810212550129867,0.0808371005523303,0.0804401363489207,0.0802641838633984,0.0802151881252493,0.0802097291707298,0.0801689437498505,0.0801382924659511,0.0804814272071626,0.0809341045703944,0.0816895587793602,0.0825787721645252,0.083008469173308,0.0824622890464015,0.0811588980177065,0.0795505148757172,0.0778636609973484,0.076156485437171,0.0744247297645564,0.0726463225374896,0.0707952890941195,0.0688456543695548,0.0667725935020034,0.0645530381667963,0.062166375344376,0.0595953947430037,0.056827479244545,0.0538559609610424,0.0506815206943083,0.0473134783417442,0.043770808675503,0.0400827255917583,0.036288709355855,0.03243790087193,0.028587845385348,0.0248026249296732,0.0211504664437192,0.0177009476904987,0.0145219471515637,0.0116765002673909,0.00921973534593978,0.00719606821180896,0.00563683256271053,0.00455850908771205,0.00396168756123405,0.00383085195934063,0.00413502232604102,0.00482922489625803,0.00585670149765283,0.00715172337001979,0.00864284223342904,0.0102563004148042,0.0119194520431952,0.0135639740952381,0.0151286478227979,0.0165615328608623
0.00467116421954494,0.00704630439634965,0.00927324699872584,0.0114139729634778,0.0135023397914483,0.015558353550541,0.0175945680834743,0.0196192192140321,0.0216378910863905,0.0236545087268949,0.0256760460000817,0.0277192208537167,0.0298090322124626,0.031981866553708,0.0342906515285856,0.0368106937200027,0.039638966223556,0.0428497244435446,0.04626577168878,0.0489217934239786,0.0496476951207749,0.0491151106833699,0.0484640654083008,0.0480563323477485,0.0479006291346773,0.047939925967619,0.0481206454617413,0.0484022625937952,0.0487554446175149,0.049159017701744,0.0495975555993124,0.0500596814288308,0.0505369031216907,0.0510228135652266,0.0515125349215582,0.0520030553581039,0.0524950720791799,0.0529906866209748,0.0534929786119416,0.0540065756402424,0.0545386600965765,0.0551008269756776,0.0557125302843928,0.0564058619030148,0.0572071148796816,0.0578426962624203,0.0575795709151874,0.0571500977509272,0.0569633467291462,0.0569115989859452,0.0569058431079572,0.0568654875775092,0.0568383846781346,0.0571931931062102,0.0576736410667822,0.0584844464261312,0.059469528407712,0.0600434795978926,0.0596884076202646,0.0586155522108001,0.0572671978601071,0.0558604817554604,0.0544466960382388,0.053017141226658,0.0515469548527951,0.0500083878807296,0.0483743061238435,0.0466191034555115,0.0447191685829473,0.0426535003252437,0.0404046037780559,0.0379596483920286,0.0353118030171851,0.0324616213610708,0.0294183228366779,0.0262008016711919,0.0228382064050576,0.0193699636918006,0.0158451700264581,0.0123213335449619,0.00886250502593422,0.00553688489614268,0.00241402828444914,-0.000438205764311084,-0.00295679858954079,-0.0050866364397183,-0.00678331617372496,-0.0080155151899719,-0.00876676254261199,-0.00903647704137223,-0.00884018229641592,-0.00820886498696261,-0.00718750485181463,-0.00583286538347705,-0.00421067976631728,-0.00239239854470563,-0.000451781119938044,0.00153852469805849,0.00351019370429995,0.00540200468960828,0.00716201450474485
0.00323458252466075,0.00510937627407915,0.00682951023976811,0.00846003854725524,0.0100362818713046,0.0115790343517668,0.0131013125942238,0.0146116416309975,0.016115794860572,0.0176178269614963,0.0191249386340659,0.0206543981053565,0.0222320526281431,0.0238955873730742,0.0256999791184614,0.0277238835135898,0.0300699403799831,0.0328221305909046,0.0358188482115243,0.0381132778737167,0.0385447750293124,0.0377778519166216,0.0369344402147168,0.0363598329948944,0.0360524457541026,0.0359493950457819,0.035993726117991,0.0361428760777571,0.0363662234222992,0.0366417446155649,0.0369534331459651,0.0372895041685208,0.0376411718397294,0.0380018133067992,0.0383663897428346,0.0387317911648801,0.0390987377335672,0.0394694010572132,0.0398469667799775,0.0402362292526459,0.0406446472019808,0.0410843068538151,0.0415756229045168,0.0421528186449027,0.0428475772022232,0.0433988670840266,0.0430863077542321,0.0426363291657001,0.0424427454789293,0.0423892544201241,0.0423833103660864,0.0423432272968556,0.0423183727779459,0.042680574197109,0.0431785917174896,0.0440243503249675,0.0450697714465029,0.0457340798492729,0.0454981797150322,0.0445687805460806,0.0433821833814991,0.0421497770720511,0.0409186037595943,0.039677194006833,0.038398938461744,0.0370549751551255,0.0356174418266666,0.0340602411000055,0.0323594199861763,0.0304937328600337,0.0284455054746662,0.0262017727193828,0.0237556004628601,0.021107462209214,0.0182665139342464,0.0152515989966048,0.012091824646478,0.0088265836555198,0.00550494444431671,0.00218439168240347,-0.00107104362110177,-0.00419317781301209,-0.007112470087836,-0.00976107370328527,-0.0120759806216878,-0.0140020863085037,-0.0154949956549423,-0.0165233930875599,-0.0170708138325726,-0.0171366821381967,-0.0167365264214089,-0.0159013376218484,-0.0146760992641025,-0.0131175782125698,-0.0112915104557819,-0.00926934797342915,-0.00712485126213869,-0.00493066936068465,-0.00275512885655116,-0.000659452518320669,0.00130441474074661
0.00225682716371427,0.00379154858312708,0.00516710574355594,0.00645068959977346,0.0076786409201155,0.00887230438255282,0.0100450203795633,0.0112055165424232,0.0123596989699718,0.0135117133120682,0.0146689194968133,0.0158489718954495,0.0170783125670415,0.0183955360799859,0.0198570512797718,0.0215438473384475,0.0235624933590222,0.0260036559511666,0.0287162610357115,0.0307655158253395,0.0309964923506368,0.030069262812967,0.0290941228286757,0.0284053424421046,0.0279943098332516,0.027794109745968,0.0277454482256496,0.0278043457823698,0.0279392827266751,0.0281276421774106,0.0283530118202113,0.0286033211709045,0.0288695785089603,0.0291450096840125,0.0294244629075626,0.029704759303401,0.0299866351410059,0.0302723111828431,0.0305650473781798,0.0308697548237022,0.0311940853964019,0.0315504679410876,0.0319599851836969,0.0324583355743731,0.0330808983011779,0.0335750452580725,0.033228574480338,0.0327643282065508,0.0325659629511637,0.0325112493291604,0.0325051732030517,0.0324652813834629,0.032442004365562,0.0328093878942237,0.0333196982065709,0.0341898284030204,0.0352770652885712,0.0360034324142828,0.0358486921182166,0.035016599475066,0.033939654928884,0.0328254668145758,0.0317182164402396,0.0306045471741898,0.0294566516147508,0.0282449014627248,0.026940931784714,0.0255183053714116,0.0239528324918625,0.0222230979409637,0.0203113029164581,0.0182043887606791,0.0158953496854297,0.0133846033415947,0.0106812614942124,0.00780413202574537,0.00478229337146807,0.00165511464393076,-0.00152835535113549,-0.00471064834806989,-0.00782774716398971,-0.0108114798819471,-0.0135923157224401,-0.0161024165579374,-0.0182787817920061,-0.0200663133485883,-0.0214206217489603,-0.0223103963472077,-0.0227191766979629,-0.0226463908642576,-0.0221075706354804,-0.0211337099408904,-0.0197697949620627,-0.0180725949302395,-0.0161078478025246,-0.0139470065662441,-0.0116638324869005,-0.00933097546575667,-0.0070167630604453,-0.00478241913369959,-0.00267988983621303
0.00154613460410004,0.00283410467036715,0.00395953818368922,0.00499122103200933,0.00596625785232741,0.00690640658036912,0.00782525111267118,0.00873167166531702,0.00963167438848406,0.010529473577188,0.0114325493697632,0.0123588475474471,0.0133352586140771,0.0144010617030882,0.015613741144948,0.0170560322649282,0.0188374271560692,0.021053513455441,0.0235607988938377,0.0254327043137307,0.0255177959157847,0.0244732948163595,0.0234016660683853,0.0226293462951564,0.0221426014155648,0.0218715414797321,0.0217551348038771,0.0217483448742775,0.021818979696216,0.0219439772223331,0.0221066201319753,0.0222946229511694,0.0224988388345928,0.0227123795355368,0.0229300080246042,0.0231484934173034,0.0233685841397915,0.0235925380341504,0.0238236710457453,0.0240669821285546,0.0243302682410595,0.0246262149178755,0.0249764035480302,0.0254176274562525,0.025987977775531,0.0264407994703297,0.026069433872981,0.0255945291361934,0.0253925671132631,0.0253369315479965,0.0253307557296336,0.0252910082908875,0.0252689215435162,0.0256402107000226,0.0261597655290167,0.0270481483564045,0.0281664709925302,0.0289384642053536,0.0288427620674978,0.0280810913303158,0.0270834411475569,0.0260547938219922,0.0250372805932404,0.0240161713189406,0.0229627793723894,0.021846911256044,0.0206398300667201,0.0193148465169373,0.017847594934542,0.0162165338883318,0.0144037717379317,0.0123961800158694,0.0101866994016286,0.00777570577865316,0.00517227782069596,0.00239519683427147,-0.000526480348033376,-0.0035534023638828,-0.0066365351334432,-0.00971842271395329,-0.0127350583150689,-0.0156182788461172,-0.0182985610714257,-0.0207080733483799,-0.0227838206844378,-0.0244707098692138,-0.0257243556670498,-0.0265134511468413,-0.0268215391273203,-0.0266480505490928,-0.0260085197460271,-0.0249339429035108,-0.0234693082086448,-0.0216713866794787,-0.0196059177594534,-0.0173443551967344,-0.0149604608372951,-0.0125268852334235,-0.0101119566749535,-0.0077768998501746,-0.0055736618432799
0.00100598698516033,0.00210681335496368,0.0030424508622198,0.0038829355609199,0.00466597302218091,0.00541364717581849,0.00613973440521837,0.00685323573631724,0.00756023663179772,0.00826500585206258,0.00897511896692027,0.00970875300125673,0.0104931539334939,0.0113681426100591,0.0123920521986643,0.0136489906254186,0.0152507324209664,0.0172966612058101,0.0196489803782164,0.0213868758744689,0.0213609685060326,0.0202266545777346,0.0190810180533979,0.0182447045031702,0.0177000737013806,0.0173749347152974,0.0172069010773344,0.0171501080297605,0.0171718349208509,0.0172486687360103,0.0173636512073401,0.0175043267606001,0.0176614256671541,0.0178279692135841,0.0179986527354186,0.0181702040631022,0.0183433812694196,0.0185204716069034,0.018704835386123,0.018901541062522,0.0191185001238825,0.0193686001562074,0.0196738134581147,0.0200717860776809,0.0206026934237167,0.0210242973887433,0.0206337873775768,0.0201505201512511,0.0199457142381039,0.0198893476789097,0.0198830927322005,0.0198434599093349,0.019822317492209,0.0201967013978415,0.0207235636503156,0.0216263081248633,0.0227688856587491,0.0235760271016936,0.0235252377522457,0.0228168111100195,0.0218790561124431,0.0209150700280867,0.0199654526821782,0.0190144284026235,0.0180326346787236,0.0169894410044069,0.0158558217701974,0.0146048914942574,0.0132121472714708,0.0116559490388222,0.00991833250138918,0.00798611448453679,0.00585219366508327,0.00351691311816826,0.000989325497678273,-0.00171180880647492,-0.00455744997897156,-0.00750826065132149,-0.0105152183619358,-0.0135208768971711,-0.0164612376770217,-0.0192681445879234,-0.0218720803607918,-0.0242052184847111,-0.0262045684037138,-0.0278150407611863,-0.0289922536834546,-0.0297049031838743,-0.0299365346692588,-0.0296865813624796,-0.02897057961603,-0.0278195274056072,-0.0262784145100818,-0.0244040133659426,-0.0222620645967455,-0.0199240225547395,-0.0174636495467343,-0.014953596641764,-0.0124621927106932,-0.01005066309683,-0.0077709556247928
0.000582686833701884,0.00153721714684107,0.0023243977830214,0.0030152795118808,0.00364805761531423,0.00424508246883065,0.00482028813787549,0.00538277478528315,0.00593869304302619,0.00649235646787827,0.00705141916602703,0.00763424837997473,0.00826838215963654,0.00899408562158355,0.00987038611753721,0.0109825091530911,0.0124440740522627,0.0143574907282671,0.0165893646289378,0.0182229595813385,0.0181099526106594,0.0169046252369089,0.0157003700493125,0.0148134441480305,0.0142231341120485,0.01385540880581,0.0136467886644802,0.0135507369324119,0.0135341023644153,0.0135731852642098,0.0136508301223923,0.0137544418853226,0.0138746499307243,0.0140044011926457,0.0141383353767341,0.0142731463399182,0.0144096000900451,0.0145500080603831,0.0146977669942239,0.0148580023270275,0.0150387192290562,0.0152529700427191,0.0155230443894308,0.0158872755469315,0.0163874936226687,0.0167848087882814,0.0163790897071823,0.0158890277918877,0.015681891597974,0.0156249242627304,0.0156186042092703,0.0155790657073034,0.0155586999150832,0.0159356255455143,0.0164684736986924,0.0173829237866749,0.018545088768456,0.0193802091021527,0.019364655505393,0.0186976981144404,0.0178065396506708,0.0168929022672499,0.0159962102638715,0.0150998671195435,0.0141739736031419,0.0131875498785545,0.0121113385565963,0.0109182961567145,0.00958380899077493,0.00808615721569184,0.00640731766847003,0.00453406278154422,0.0024592571020372,0.000183217013663084,-0.00228502602214431,-0.00492672866905886,-0.00771286499942803,-0.0106041090750606,-0.0135514479320316,-0.0164974433160046,-0.0193781033684671,-0.02212527769142,-0.0246694539064498,-0.0269428097112623,-0.0288823581902565,-0.0304330131504368,-0.0315503954791913,-0.0322032036089998,-0.0323749850737165,-0.03206517497255,-0.0312893113180277,-0.0300783935585235,-0.0284774127825499,-0.0265431425938912,-0.024341324587388,-0.0219434136125303,-0.0194231723553763,-0.0168532523101297,-0.0143019828256552,-0.0118305897839363,-0.00949102161839099
0.000243685500068744,0.00108139428108933,0.00174994596475991,0.00232123667926548,0.00283387144792052,0.00331042429009576,0.00376496194263176,0.00420666813410259,0.00464174850589461,0.00507455446613414,0.00551280652282615,0.00597503266852628,0.00648901747838271,0.00709540032569733,0.00785379159236399,0.00885035098716247,0.0102002277047984,0.012008303408811,0.0141446514336321,0.0156953899003213,0.0155125237358129,0.0142497364868299,0.0129979560165541,0.0120700650100394,0.0114428776019948,0.0110408543449281,0.010799610914032,0.0106720509463143,0.010624663114297,0.010633507249769,0.0106812620111159,0.0107552148670162,0.0108459100993323,0.0109462318649733,0.0110507728627107,0.0111561982273543,0.0112632806724795,0.0113743520555309,0.0114928398538405,0.0116239174857455,0.0117756688211441,0.0119612841455115,0.0122033174734377,0.0125406701928374,0.0130165175029135,0.0133945452454522,0.0129764532362469,0.0124807242165088,0.012271626810034,0.0122141522391348,0.012207777149859,0.0121683183923049,0.0121486087650158,0.0125276788316062,0.0130655632377907,0.013989809291868,0.015168202816737,0.0160261360587379,0.016038837343525,0.0154048506016511,0.0145506894971175,0.0136770704249056,0.0128224992692587,0.0119697207331277,0.0110883991614934,0.0101472685438968,0.0091168807006734,0.00797006164701597,0.00668210594701035,0.00523122754198924,0.00359935431904201,0.00177322173678762,-0.000254334125004307,-0.00248301917528337,-0.0049038196739728,-0.00749800656097488,-0.0102365655464329,-0.0130801802797749,-0.0159798457705016,-0.0188781304516428,-0.0217110481162188,-0.0244104531752521,-0.026906837367898,-0.0291323819372471,-0.0310241030360072,-0.0325269171389941,-0.0335964474629444,-0.0342013944820682,-0.0343253075261031,-0.03396762327898,-0.03314388115572,-0.0318850818492026,-0.0302362175549703,-0.0282540628636883,-0.0260043601915384,-0.0235585648084925,-0.0209904397212484,-0.0183726367834375,-0.0157734857478783,-0.0132542129517047,-0.0108667673425669
-3.21541450876428e-05,0.000710820724220074,0.00128309505600874,0.00175728378639906,0.00217234194571148,0.00255103523468858,0.00290754438886165,0.00325112507927866,0.00358803037380956,0.00392264434892931,0.00426274485919131,0.00462699865620453,0.0050434028462355,0.00555291879394759,0.00621565691135539,0.0071185741233587,0.00837811408461242,0.0101012152156355,0.0121607182062441,0.013644674381206,0.0134048654634685,0.0120947673321387,0.0108037673372188,0.00984213500253328,0.00918466201923929,0.00875454893908434,0.00848664748417027,0.00833338566992392,0.00826094475852912,0.00824517861930119,0.00826862352985924,0.00831846590588348,0.00838517672513661,0.00846158600661595,0.00854224587741048,0.0086237966690843,0.00870701688348841,0.00879425599869532,0.00888896797249927,0.00899636748953214,0.00912460593162856,0.0092869914998619,0.00950630305116928,0.00982192101761092,0.010278133922299,0.0106406232872356,0.0102122813430685,0.00971172771597617,0.00950094463236395,0.0094430326391548,0.00943661002956886,0.00939722013879396,0.00937807677796276,0.00975899474595376,0.0103012064051282,0.0112338220070611,0.0124259330444998,0.0133028127740067,0.013338538834742,0.0127311525750353,0.0119067932181034,0.011065449142911,0.0102449007007492,0.0094273552385602,0.00858211575670054,0.00767767732338664,0.00668443162604371,0.00557509473462092,0.00432488369613981,0.00291195637537345,0.0013181991219442,-0.000469684035361961,-0.00245888125342364,-0.00464911744762464,-0.00703139400629182,-0.00958699407108199,-0.0122869133096,-0.0150918435827387,-0.0179527867352495,-0.0208123169377543,-0.0236064528359539,-0.0262670529730741,-0.0287246126286842,-0.0309113160961341,-0.0327641821694451,-0.0342281296211158,-0.035258783675052,-0.0358248465654805,-0.0359098691708847,-0.0355132895422767,-0.0346506483049563,-0.0333529472260553,-0.0316651794569202,-0.0296441204404846,-0.0273555133023613,-0.0248708136757171,-0.0222637848441871,-0.0196070789717356,-0.0169690261598958,-0.0144108531386138,-0.0119845092991885
-0.000259323274932916,0.000405940121360387,0.000899162417819066,0.00129358007095459,0.00162845221121438,0.0019267116630487,0.00220263881667226,0.00246555235822482,0.00272174695857141,0.00297563538249079,0.00323504587782186,0.00351876706842491,0.00385498248498728,0.0042849353383827,0.00486917230264861,0.00569534223442936,0.00688100221433918,0.00853482797469152,0.0105318873503972,0.0119614522302283,0.0116746528486391,0.0103250602347675,0.00900123683036069,0.00801142657643283,0.00732874539904782,0.00687532494877985,0.00658536129118059,0.00641087138726104,0.0063177695698422,0.00628173026166245,0.00628516537560153,0.00631517289035766,0.00636215953597064,0.00641890782805299,0.00647993426366011,0.00654185738027335,0.00660546076352753,0.00667310935915477,0.00674828033866137,0.00683622449375032,0.00694515212297286,0.00708847395231893,0.00728916327611717,0.00758701106285153,0.00802724070536209,0.00837708174362928,0.00794012443349135,0.00743539382635094,0.00722313672126229,0.00716484091946468,0.00715837656056362,0.00711904718399547,0.00710040105549159,0.00748293918477883,0.00802893345637079,0.00896882239550867,0.0101727198060271,0.0110655695103552,0.011120290436492,0.0105345943203663,0.00973448975399283,0.00891945178737963,0.00812668402917183,0.00733795002318116,0.00652224923295308,0.00564787417236978,0.00468507998362355,0.00360648860586088,0.00238725051363486,0.00100547529178097,-0.000556986548376992,-0.00231345814575934,-0.00427114864179212,-0.00642979943239763,-0.00878042504152998,-0.0113043192183544,-0.0139724862967456,-0.016745625291668,-0.0195747440086278,-0.0224024216261961,-0.0251646810290138,-0.0277933843726289,-0.0302190300336546,-0.0323738049754296,-0.0341947303053114,-0.035626726809228,-0.0366254214707608,-0.0371595180678727,-0.0372125688379431,-0.0367840130319752,-0.0358893923379261,-0.0345597094664298,-0.0328399584085292,-0.0307869153560582,-0.0284663240581206,-0.0259496404671147,-0.023310628110028,-0.0206219394234715,-0.0179519048152887,-0.0153617513603352,-0.0129034288393773
-0.000448183761898868,0.00015276812100054,0.000580497672174718,0.000908786444387688,0.00117716161582981,0.00140870385263175,0.00161778193904483,0.00181377056877713,0.00200300144500698,0.00218991289724146,0.00238237810988451,0.00259929432622719,0.00286901101101444,0.00323302170821638,0.00375225928696532,0.00451498184701893,0.00563971764495075,0.00723662851120321,0.00918258395990423,0.0105675136246154,0.0102415567570584,0.0088586192453648,0.00750700414561556,0.00649339294663842,0.00578949862858558,0.00531653419604972,0.00500812516295013,0.00481592815787546,0.00470562237656247,0.00465272361566926,0.00463953356743874,0.00465307167702456,0.00468368753519299,0.00472412136133293,0.00476885790069304,0.00481449625819375,0.00486182455036333,0.00491322150091578,0.00497218493094675,0.00504399768926178,0.0051369222427784,0.00526445975605494,0.00544975407637938,0.00573295286801634,0.00616007402389118,0.00649954225791194,0.00605525526433381,0.00554685638455887,0.00533329141403205,0.00527465388261494,0.0052681523033955,0.00522887688612261,0.00521067381093276,0.00559465334950149,0.00614400266498172,0.00709030405757982,0.00830447033921677,0.00921094907393916,0.00928149308338133,0.00871362106683282,0.00793340379664986,0.0071399724152974,0.00637007100802478,0.00560509294471956,0.00481377962234442,0.00396424959532848,0.00302664000270503,0.00197349108202594,0.000779895335945469,-0.000576079804640584,-0.00211261518919414,-0.00384305777621319,-0.00577463513713705,-0.00790710316455634,-0.0102314879529499,-0.0127290926070638,-0.0153709291130881,-0.0181177028097943,-0.0209204267768414,-0.0237216846278416,-0.0264575030046039,-0.0290597472668105,-0.0314589185401156,-0.0335872061593125,-0.0353816332876444,-0.036787122501361,-0.0377593023494956,-0.0382668779839391,-0.038293402852012,-0.0378383172735249,-0.0369171638832573,-0.0355609462327444,-0.0338146590615864,-0.0317350792294028,-0.0293879510413609,-0.0268447307345675,-0.0241791820530037,-0.0214639576763764,-0.0187673882855256,-0.0161507012626543,-0.0136658467354691
-0.000606389883980263,-5.9025915562394e-05,0.000314061752751199,0.00058713871439281,0.000799971399292776,0.000975772916824436,0.00112899145380108,0.00126905211668915,0.00140231999206825,0.0015332564806424,0.00166977534748658,0.00183087187588049,0.0020450451063625,0.00235401375501831,0.0028190569044434,0.00352897584859113,0.00460315635044517,0.00615304546382089,0.00805697375334746,0.00940507699240911,0.00904623022761075,0.0076348669083206,0.00625948471426585,0.00522557369887311,0.00450366217084541,0.00401416461796833,0.00369020401456188,0.00348311717965055,0.00335837356597346,0.00329134697174416,0.00326424016290217,0.00326400195830945,0.00328093048468592,0.00330772782216959,0.00333885006015211,0.00337087875611464,0.00340460611611171,0.00344242329293598,0.00348784671018865,0.00354618804010998,0.00362575652902519,0.00374013412673713,0.00391261615222893,0.00418366393601866,0.00459997760814046,0.00493089439367722,0.00448030593202287,0.00396864516475337,0.00375390499963379,0.00369495933129627,0.0036884241471149,0.00364919745661862,0.00363139418406866,0.00401667242367987,0.00456903537564668,0.00552106161746702,0.00674428410651173,0.00766251988408562,0.00774634904340643,0.00719320681564395,0.00642938103349655,0.00565379478977168,0.00490282651387708,0.00415755831524645,0.00338650988940259,0.0025576486934995,0.00164100868507178,0.000609058333930879,-0.000563160956179143,-0.00189761901333063,-0.00341252447032958,-0.00512124543035486,-0.00703102585418436,-0.00914163454632,-0.0114441079216794,-0.0139197574406396,-0.0165396019319075,-0.0192643523950045,-0.0220450266354072,-0.0248242122443196,-0.0275379392359679,-0.0301180758482755,-0.0324951256780474,-0.0346012801931952,-0.0363735644072781,-0.0377569025087517,-0.0387069244570358,-0.0391923366423922,-0.0391966936031501,-0.0387194366232347,-0.0377761091917553,-0.0363977156192393,-0.0346292513211046,-0.0325274937600084,-0.030158187743325,-0.0275927897653366,-0.0249050637660044,-0.0221676626444914,-0.0194489173280643,-0.0168100554762947,-0.0143030275298536
-0.000739740895415314,-0.000237269292970715,8.9975078924498e-05,0.000316692413047048,0.000482865076892103,0.000611826157681072,0.000718095966790622,0.00081114549519018,0.000897370259709762,0.000981252714316705,0.00107074367975202,0.00118492791761904,0.0013524408052128,0.00161520586567498,0.00203481602991817,0.00270056230866722,0.003732595908022,0.0052434863259283,0.0071127488777486,0.00843035850697105,0.00804370351407702,0.00660790172947312,0.00521201453138076,0.00416064163741892,0.00342330364379251,0.00291971385711198,0.0025825478004029,0.00236285529809521,0.00222591662026472,0.0021469770275373,0.00210814950185689,0.00209631863592552,0.00210173568561856,0.00211706795610289,0.00213674538638231,0.00215733351204261,0.0021796282714821,0.00220603215492798,0.00224007853169073,0.00228710528008191,0.00235546406356169,0.00245880980170199,0.00262057383373948,0.00288149630182866,0.00328886858700761,0.00361271103170502,0.00315665442274149,0.0026420608336799,0.00242625286112719,0.00236702624266227,0.00236046037928705,0.0023212781811186,0.00230383970931269,0.00269030115133018,0.00324540139199225,0.00420259578088777,0.00543389228163416,0.00636236805034351,0.00645742462787813,0.0059165027989998,0.00516623341909295,0.00440544187307967,0.00367021708878834,0.00294137768056069,0.00218725111520168,0.00137567227716806,0.000476583950123732,-0.000537609117061022,-0.00169191105267963,-0.00300832497934067,-0.00450508441606634,-0.00619557644464086,-0.00808705976274715,-0.0101793148036629,-0.0124633872905859,-0.0149205962299379,-0.0175219666373851,-0.0202282146363906,-0.0229903623143817,-0.0257510008698424,-0.0284461633779883,-0.0310077206911807,-0.0333661786524571,-0.0354537306699212,-0.037207403441113,-0.0385721226224964,-0.0395035194583714,-0.0399703014676894,-0.0399560241835248,-0.0394601297691743,-0.0384981624932489,-0.0371011273589686,-0.0353140203987067,-0.0331936196257396,-0.0308056703061145,-0.0282216291689827,-0.0255152603332375,-0.0227592168984276,-0.0200218300167371,-0.0173643276008114,-0.0148386603768103
-0.000852719604648916,-0.000388012706752316,-9.93996108695494e-05,8.82139914440971e-05,0.000215007317700744,0.000304423228529194,0.00037104820239503,0.000424395408416434,0.00047088837663567,0.000515028962738806,0.000564802158216415,0.000639375195925496,0.000767508954288565,0.000991315094288625,0.00137267390086226,0.0020013223176697,0.00299810159993508,0.00447657032858273,0.00631720203147657,0.00760950952860528,0.00719921132875745,0.00574223854466593,0.00432851937121992,0.0032620101577403,0.00251136881703284,0.00199568721212162,0.00164723853109883,0.001416812473787,0.0012695169608623,0.00118047973493951,0.00113173147765844,0.00111009779422933,0.00110578682914619,0.00111143386611734,0.00112144474428866,0.00113237022588319,0.00114500968931819,0.00116177606879675,0.00118621832330512,0.0012236983948295,0.00128260679299808,0.00137666500871525,0.00152942774949261,0.0017818854227809,0.00218184610924199,0.00249982511669211,0.00203898314676798,0.00152172617275848,0.00130493829416745,0.00124545297670342,0.00123885882862762,0.00119971765727245,0.00118261533951802,0.00157016545123123,0.00212777677448872,0.00308968353581274,0.00432824967017464,0.00526572249287116,0.00537031992938575,0.00483956139963349,0.00410052426960261,0.00335202677541835,0.00262993079105378,0.00191483058458708,0.00117488554301204,0.000377813153674023,-0.000506525138067149,-0.00150578171368831,-0.00264500167445214,-0.00394621819096086,-0.00542768729606657,-0.00710281327651452,-0.00897886821389693,-0.0110556431196847,-0.0133241921966722,-0.0157658413345534,-0.0183516211992307,-0.0210422525986758,-0.0237887615389096,-0.0265337425225443,-0.029213231430868,-0.0317591015147478,-0.0341018606793491,-0.0361737041150578,-0.037911660067219,-0.0392606555423104,-0.0401763229667934,-0.0406273708985067,-0.0405973557865146,-0.0400857206041166,-0.0391080103381714,-0.0376952306303466,-0.0358923780817949,-0.0337562312135165,-0.0313525357145816,-0.0287527485307608,-0.0260306339459651,-0.0232588452444716,-0.0205057137857876,-0.0178324677157706,-0.0152910580235841
-0.000948847977441242,-0.000516010089982505,-0.000260062860610005,-0.000105551324717679,-1.21151888644588e-05,4.37897486361694e-05,7.68112107692454e-05,9.65014823978705e-05,0.000109310109791483,0.000119756985863639,0.000135858889411145,0.000176859735370405,0.000271636950690324,0.000462476561065128,0.000811524312496537,0.00140892689746419,0.00237615330106777,0.00382764091885879,0.00564463407236959,0.00691593393333634,0.00648543741687801,0.00500999576330519,0.00358065508007033,0.00250093272849528,0.00173874388570039,0.00121262489688934,0.000854483909112247,0.000614872705683389,0.000458740769180066,0.000361107430304264,0.000303927254218017,0.000273971187142896,0.000261407368405298,0.000258841335212701,0.000260656521025471,0.000263389946195902,0.000267844187638699,0.00027644188537046,0.000292746467636107,0.000322142169918216,0.00037305539723298,0.000459268924170253,0.000604450369811271,0.000849816809380233,0.00124363137565497,0.00155674863562982,0.00109168590163167,0.000571988224480346,0.000354293071242573,0.000294567438898108,0.000287946984418141,0.000248843976740076,0.000232054145297145,0.000620614821183585,0.00118055031529418,0.00214679279533403,0.00339196366602135,0.00433740579917719,0.00445014913603248,0.00392785225121717,0.00319812477075798,0.00245985275919969,0.00174872270626669,0.00104513691344033,0.000317106656841482,-0.000467755426213134,-0.00133966109750938,-0.00232631442072706,-0.0034527977015244,-0.00474117147503805,-0.00620971232710632,-0.0078718402835023,-0.00973483969153555,-0.0117985112726064,-0.0140539170242915,-0.0164823891718089,-0.0190549635877739,-0.0217323654015495,-0.0244656242374839,-0.0271973376518371,-0.0298635441213103,-0.0323961191168637,-0.0347255724536601,-0.0367841009738968,-0.0385087343582164,-0.0398444008656185,-0.040746734019845,-0.0411844433434433,-0.0411410861363708,-0.0406161061246407,-0.0396250489627556,-0.0381989208859961,-0.0363827190244942,-0.0342332223715469,-0.031816177009783,-0.0292030400865231,-0.0264675760391913,-0.0236824383238715,-0.0209159584928458,-0.018229364908777,-0.0156746088052522
-0.00103093070333107,-0.000625047292869829,-0.00039679332139167,-0.000270381042963397,-0.000205282228461501,-0.00017785835912365,-0.000173404567655688,-0.000182332004139141,-0.000198166769334984,-0.000216372069568815,-0.000228901323801045,-0.000216438756630244,-0.000149997849089867,1.28703173118971e-05,0.000334558713454447,0.000905593637771207,0.0018480198836095,0.00327706176933229,0.0050745781595013,0.00632845039135799,0.00588062700702741,0.00438896857461812,0.00294584864779379,0.001854516027743,0.00108224313337568,0.000547065728357499,0.000180557991287689,-6.69477095180948e-05,-0.000230648740952244,-0.000335626598954475,-0.000399997684034981,-0.000437042103612173,-0.000456629136373454,-0.000466181096815843,-0.000471335546190499,-0.000475568346897548,-0.000478073924674804,-0.000476420548509493,-0.000467031254065997,-0.00044450098681037,-0.000400369904237863,-0.000320798352747342,-0.000182014513113504,5.7405696277657e-05,0.000446129083257141,0.000755219634716919,0.000286406667100669,-0.000235546202538961,-0.000454088133130304,-0.000514038768531844,-0.000520683881772399,-0.000559751110369211,-0.000576248167678317,-0.000186741981329952,0.000375361997190682,0.00134562643400393,0.00259684806961391,0.00354940302613693,0.00366912950858556,0.00315387573661607,0.00243185516585531,0.00170208423180629,0.00100011712015236,0.000306191155274638,-0.000411813855494714,-0.00118637966927282,-0.00204778447963649,-0.00302377949306276,-0.00413948107972106,-0.00541697490356152,-0.0068745564697914,-0.00852566032196966,-0.0103775821415637,-0.0124301316366102,-0.014674378028966,-0.0170916594231163,-0.0196530165289319,-0.0223191784946859,-0.0250411783129276,-0.0277616163849282,-0.0304165336073512,-0.0329378075226233,-0.0352559497291998,-0.0373031586124205,-0.0390164651945083,-0.040340798905779,-0.0412317942965708,-0.0416581617923556,-0.0416034594897634,-0.0410671318198084,-0.0400647250624768,-0.0386272460093408,-0.0367996922863538,-0.0346388433296027,-0.032210445590741,-0.0295859564060891,-0.0268391403569908,-0.0240426510605749,-0.0212648202498028,-0.0185668764904592,-0.0160007712450747
-0.00110122710692842,-0.000718174078038591,-0.00051344055673061,-0.000410929397747783,-0.0003699554580332,-0.00036679179304594,-0.000386679830095826,-0.000419996293468561,-0.000460244325897474,-0.000502871186046749,-0.000539802155432367,-0.000551653641904903,-0.000509336288106454,-0.00037024790426321,-7.17635899267766e-05,0.000476997275812852,0.0013986117392365,0.00280901394428856,0.00459054616594812,0.00582999509559023,0.00536725437385477,0.00386126882954074,0.00240591542649748,0.00130431745788684,0.000523188476790448,-1.98902446970628e-05,-0.000393652430110025,-0.000647969606593302,-0.000818176270169113,-0.000929448381282061,-0.000999968985979205,-0.00104306622152728,-0.00106864461480427,-0.00108415274290508,-0.00109524797842497,-0.00110541834603262,-0.00111385544281206,-0.00111811896237257,-0.00111461918695133,-0.00109793147955495,-0.00105956462172729,-0.000985625775379084,-0.000852246228433273,-0.000617811386762313,-0.000233293874759122,7.24707314088135e-05,-0.000399697679912769,-0.000923750133851708,-0.00114308810196984,-0.00120325089877427,-0.00120991928895742,-0.00124895273833481,-0.00126517355346611,-0.000874776416173617,-0.000310634529988585,0.000663388687957234,0.00192019637555374,0.00287914555088209,0.00300487947004524,0.00249547839202591,0.00177981971335028,0.00105710274892368,0.000362785537199484,-0.000323036926810349,-0.0010326023413072,-0.00179847808582134,-0.00265100310167665,-0.00361797192997471,-0.00472453237144266,-0.00599279334338965,-0.00744106790004517,-0.0090828040783375,-0.0109253081125078,-0.0129683980905213,-0.0152031499799943,-0.0176109073819808,-0.0201627155337192,-0.02281930734867,-0.0255317189778388,-0.0282425534924795,-0.0308878540620711,-0.0333995001758579,-0.0357080051093153,-0.0377455686997802,-0.0394492232324682,-0.0407638992408961,-0.0416452322427106,-0.0420619335144914,-0.0419975619040941,-0.0414515625074837,-0.0404394821947872,-0.0389923282825697,-0.0371550988647957,-0.0349845737955931,-0.0325464998750662,-0.0299123346180108,-0.02715584274164,-0.0243496780151254,-0.0215621723419328,-0.0188545544795041,-0.0162787761063398
-0.00116157548961904,-0.000797871927862182,-0.000613136838951533,-0.000530983408620733,-0.00051057887996897,-0.00052811285362353,-0.00056877595308541,-0.000622912281831534,-0.000684003201532835,-0.000747480827337221,-0.000805243707951542,-0.000837843846249631,-0.00081609432285723,-0.000697247794874678,-0.000418460338005189,0.000111481656897783,0.00101565073478727,0.00241062579981688,0.00417912184889269,0.00540668332059735,0.00493105896423507,0.0034123411585012,0.00194605886909271,0.000835330642166898,4.63819711300495e-05,-0.000503621467252691,-0.000883699302211882,-0.0011439138605438,-0.00131972856537876,-0.00143640847342064,-0.00151219963111027,-0.00156047565422646,-0.0015911744870809,-0.00161176962858844,-0.00162793726426025,-0.0016431769731251,-0.00165667766596234,-0.00166599089604103,-0.0016675148525076,-0.00165580635933771,-0.0016223445615382,-0.00155318655395309,-0.00142437289771502,-0.0011941124049113,-0.000813053513093687,-0.000510023362102041,-0.000985214030670534,-0.00151123476408555,-0.00173132595776537,-0.00179169008107061,-0.00179838058233028,-0.00183738193980565,-0.00185334046120045,-0.00146209840679923,-0.000896028787968683,8.15311449366973e-05,0.00134353273242582,0.00230826966199515,0.00243918749471961,0.00193463432480434,0.00122420225449971,0.000507317811005992,-0.000180626593583977,-0.000859659178483962,-0.00156212336295303,-0.00232066474603543,-0.00316567822003377,-0.00412499844708658,-0.00522380243575959,-0.00648422077412802,-0.00792458290909281,-0.00955834950652856,-0.011392836694097,-0.0134278704277488,-0.015654533017095,-0.0180541732368247,-0.0205978405900678,-0.0232462715414146,-0.0259505052233024,-0.0286531472293208,-0.0312902428775911,-0.0337936734990053,-0.0360939539563906,-0.0381232854621838,-0.0398187014982755,-0.0411251336439166,-0.0419982183340518,-0.0424066676526346,-0.0423340411603804,-0.041779784584452,-0.0407594453552916,-0.0393040312880277,-0.0374585409211891,-0.0352797545060551,-0.0328334191738349,-0.0301909926088926,-0.0274262396575599,-0.0246118142334121,-0.0218160484018569,-0.0191001711023274,-0.0165161342183346
-0.00121348488836065,-0.000866177884225688,-0.000698453455029585,-0.000633651852692874,-0.000630800594666081,-0.000666010042919107,-0.000724422478199427,-0.000796350914063104,-0.000875255929360441,-0.000956555177762719,-0.00103212166648914,-0.00108244588711737,-0.00107824783342347,-0.000976641894823937,-0.000714576069416717,-0.000200521855201363,0.000689057615951061,0.0020713308161735,0.00382929156257816,0.00504711679751768,0.00456033400552536,0.00303023682348269,0.00155413230296997,0.000435236695015551,-0.000360652502025882,-0.000916752213023342,-0.00130234931509166,-0.00156768582681033,-0.00174834714162309,-0.00186968285927036,-0.00194999893490277,-0.00200271229888704,-0.00203779276019445,-0.00206273760238651,-0.00208324097707258,-0.00210281350206842,-0.00212064152256675,-0.00213426882047085,-0.00214008205192417,-0.00213262038682438,-0.00210333480898561,-0.00203823499030742,-0.00191327599517899,-0.00168650184808405,-0.00130826766065062,-0.00100747018824188,-0.00148540048215828,-0.00201327812309926,-0.00223408623091603,-0.00229464249113009,-0.00230135411464349,-0.00234032481130764,-0.00235603286926156,-0.00196398494140038,-0.0013960810361735,-0.000415172740811487,0.000851690116824733,0.00182170035893225,0.00195710350648914,0.00145654586103694,0.000750377307864314,3.82892006818292e-05,-0.000644365782138889,-0.00131772285859677,-0.00201422117258132,-0.00276657826314741,-0.00360524090479863,-0.00455808115483225,-0.0056503033443196,-0.00690405838972108,-0.00833769114979988,-0.00996467418617075,-0.0117923329606453,-0.0138205008629557,-0.0160402662022145,-0.0184329826528655,-0.0209697037621444,-0.0236111693641929,-0.0263084214227585,-0.0290040679285319,-0.0316341562429445,-0.0341305694493519,-0.0364238239218712,-0.0384461221828175,-0.0401344988545083,-0.0414338865131981,-0.0422999224686926,-0.0427013195752467,-0.0426216380738996,-0.0420603242943561,-0.0410329262020909,-0.0395704520883966,-0.0377179009164554,-0.0355320533170018,-0.0330786567376133,-0.0304291690247056,-0.0276573551479571,-0.0248358691589039,-0.0220330432776219,-0.0193101066173261,-0.0167190112572556
-0.0012582039302384,-0.00092477747979372,-0.000771518002713995,-0.000721507075679306,-0.000733639211268011,-0.000783949125026773,-0.000857532851721576,-0.000944673619343472,-0.00103881207440687,-0.00113535199019721,-0.00122614184744996,-0.00129161309186254,-0.00130239644317287,-0.00121547388952381,-0.000967594677636074,-0.000466930830081647,0.000410492282499231,0.00178238567488875,0.00353194197546625,0.00474186391161446,0.00424539262196966,0.00270506876770349,0.00122008492248793,9.38423374667874e-05,-0.000708238306700526,-0.00126972842508599,-0.00166016624590881,-0.00192996401553391,-0.00211482317042821,-0.0022401739740463,-0.00232437965612009,-0.00238089861792345,-0.0024197312101466,-0.00244839753211035,-0.00247260898005064,-0.00249588677130186,-0.00251741478831202,-0.00253472935599319,-0.00254420607466899,-0.00254036721414774,-0.00251463685405473,-0.00245297949613965,-0.0023312691641193,-0.00210739515393343,-0.00173144554574511,-0.00143245321539576,-0.00191288232373621,-0.00244252198221462,-0.00266401606680766,-0.00272475663441218,-0.00273148853770611,-0.00277042979284303,-0.00278589746672586,-0.00239307693052959,-0.00182341835521549,-0.000839322174973178,0.000432118546993321,0.00140696378258109,0.00154625701104538,0.00104896862096648,0.000346242987230072,-0.000361931659597081,-0.00104022031297579,-0.00170885137347443,-0.0024003511923727,-0.00314750389842477,-0.00398080468164541,-0.00492816067200907,-0.00601480191674586,-0.00726289851698225,-0.00869080990767812,-0.0103120199214763,-0.0121338628778587,-0.0141561792303664,-0.0163700629958383,-0.0187568725150915,-0.0212876651905214,-0.0239231840711269,-0.0266144738240406,-0.0293041447303606,-0.0319282461051086,-0.0344186627080784,-0.0367059123599042,-0.038722198837188,-0.0404045578547704,-0.0416979229443759,-0.0425579322545253,-0.0429532993781769,-0.0428675852089799,-0.0423002366547844,-0.0412668021945394,-0.039798290576599,-0.0379397011718682,-0.0357478149754409,-0.0332883797387151,-0.0306328534637418,-0.0278550012386475,-0.0250274772474247,-0.0222186138586221,-0.0194896403522513,-0.0168925089953676
-0.00129677323627389,-0.000975075468576225,-0.0008341036665937,-0.000796692927320042,-0.000821610506866743,-0.000884818546852628,-0.000971368629515357,-0.00107151531289656,-0.00117868003862498,-0.00128825319664971,-0.00139205960937439,-0.0014704737853366,-0.00149404043148493,-0.00141961415236402,-0.00118375342024235,-0.000694343969047662,0.000173003873178312,0.00153650344348821,0.00327947775276416,0.00448306404614829,0.00397816146244012,0.00242859682498442,0.000935540109137767,-0.00019734777458158,-0.001004979192333,-0.00157125600577346,-0.00196595419766976,-0.00223964814746114,-0.00242815026497034,-0.00255696815925632,-0.00264452008161475,-0.00270430432728674,-0.00274635065712303,-0.00277820115750638,-0.00280558385218654,-0.0028320301822824,-0.00285672165548601,-0.00287718740860821,-0.00288979239428877,-0.00288904262716816,-0.00286633635780764,-0.00280759484468862,-0.00268861488215832,-0.00246713964120016,-0.00209301265981421,-0.00179545981267948,-0.00227818177266004,-0.00280950228794863,-0.00303165588781629,-0.00309257406599861,-0.00309932552847547,-0.00313823838497873,-0.00315347429598756,-0.00275990960404338,-0.002188564456447,-0.00120141765066495,7.43585368443433e-05,0.0010536638758325,0.00119633809564679,0.000701697804668999,1.71325845599313e-06,-0.000703303025274549,-0.00137801484315592,-0.00204273196166538,-0.00273006065475601,-0.00347284706480688,-0.0043016318322795,-0.00524435517338961,-0.00632627147762466,-0.00756956905253592,-0.00899262119452238,-0.0106089224729415,-0.0124258156574049,-0.014443147948811,-0.0166520188221584,-0.0190337910850493,-0.0215595258334149,-0.0241899691987828,-0.0268761684422825,-0.0295607360441335,-0.0321797231962101,-0.0346650162697465,-0.0369471344764637,-0.0389582827997268,-0.0406354980059032,-0.0419237145466695,-0.0427785713783488,-0.0431687828055819,-0.0430779103509157,-0.0425054014794702,-0.0414668051652267,-0.0399931305972949,-0.0381293775397943,-0.0359323273392589,-0.0334677280402002,-0.0308070377948042,-0.0280240218054467,-0.0251913343838743,-0.022377308041823,-0.0196431722201071,-0.0170408793668386
-0.00133006579525022,-0.00101825032097519,-0.000887698002586396,-0.00086100792282584,-0.00089682501433358,-0.000971041481487689,-0.00106866599309102,-0.00117992539462386,-0.00129822254712586,-0.00141893488373346,-0.00153386431357283,-0.00162333021770356,-0.00165779408897726,-0.00159398745440131,-0.00136828485727247,-0.000888297059053245,-2.92388406309962e-05,0.00132757094481262,0.00306552697771478,0.00426412272377563,0.00375186758626356,0.00219390812257236,0.000693470529600004,-0.000445460566669498,-0.00125809302140878,-0.00182863851123138,-0.00222709910593122,-0.00250420437170495,-0.0026958733411695,-0.00282768812156964,-0.00291812005227388,-0.00298070596922262,-0.00302550407233881,-0.00306007772389405,-0.00309017104556486,-0.00311932537981696,-0.00314671993508564,-0.00316987689081993,-0.00318515090226246,-0.00318703228230777,-0.00316689437510287,-0.00311061684940528,-0.00299392254082842,-0.002774415878253,-0.00240171515504928,-0.00210528804522681,-0.002590126124973,-0.0031230578497774,-0.00334584825650031,-0.0034069382981996,-0.00341370870145674,-0.00345259405431664,-0.00346760560100035,-0.0030733211706564,-0.00250034789007048,-0.00151026824790357,-0.000230364602482158,0.000753079153536174,0.000898697541950044,0.000406172378630609,-0.000291673272057036,-0.000994179089276015,-0.00166599148348823,-0.00232749144779376,-0.00301135892798832,-0.00375049815337558,-0.00457549267053237,-0.00551431407733172,-0.00659223992653435,-0.00783147589267119,-0.00925040852021963,-0.0108625426567512,-0.012675229172243,-0.0146883217434404,-0.0168929250893126,-0.0192704063129587,-0.0217918300651478,-0.0244179454464046,-0.0270998022179516,-0.0297800149808227,-0.0323946367378727,-0.0348755554159932,-0.0371532915704283,-0.0391600513505211,-0.0408328725389855,-0.0421166904769739,-0.0429671449020823,-0.043352950807436,-0.0432576703241364,-0.0426807514566554,-0.0416377436582023,-0.0401596565446182,-0.038291490260786,-0.0360900264936265,-0.0336210135715383,-0.0309559097921358,-0.028168480468453,-0.0253313800359509,-0.0225129411449957,-0.0197743933920935,-0.0171676894005776
-0.00135881840526317,-0.00105529666357365,-0.000933556506610062,-0.000915970008454781,-0.000961064023246028,-0.00104466308711754,-0.00115173427987597,-0.00127247755834886,-0.00140027774023388,-0.0015304996689236,-0.00165492298142578,-0.00175381348869807,-0.00179755187797415,-0.00174275030431104,-0.00152560527289936,-0.00105346231056647,-0.000201157426610199,0.00115042863990145,0.002884711726723,0.00407947417388843,0.00356079460178371,0.0019951681729895,0.000487945098286868,-0.000656511175181729,-0.0014736716775825,-0.00204804014808979,-0.00244983470390525,-0.00272993412060307,-0.00292436030984211,-0.00305876742672573,-0.00315167823485196,-0.00321666694627498,-0.00326381936433084,-0.00330071951515087,-0.00333312716258094,-0.00336459327296157,-0.00339429482043085,-0.00341974722567473,-0.003437295147946,-0.00344141367467454,-0.00342345203755978,-0.00336924973856045,-0.00325445846896888,-0.00303655026832628,-0.00266493478923646,-0.00236936348681316,-0.00285616562316426,-0.00339064862513117,-0.00361405629687783,-0.00367531325633674,-0.00368210206819941,-0.00372096068762473,-0.00373575423697936,-0.00334077108099162,-0.00276621995751203,-0.00177330883976334,-0.000489456723744564,0.000497848662366795,0.000646035389075816,0.000155166812014773,-0.000541058036241049,-0.00124161080354446,-0.00191110658641014,-0.00256998888097182,-0.00325100592657379,-0.0039871166607186,-0.00480894534681875,-0.00574449349766137,-0.00681906081478156,-0.00805486961735413,-0.00947031917014352,-0.011078924204373,-0.0128880433894534,-0.0148975366442829,-0.0170985137475064,-0.0194723459503323,-0.0219901013390222,-0.0246125318853676,-0.0272906897699015,-0.0299671916470696,-0.0325780922740293,-0.0350552810853225,-0.0373292799387941,-0.0393322961146548,-0.0410013683816962,-0.0422814329443252,-0.0431281302985629,-0.043510176106075,-0.0434111330889914,-0.0428304497757425,-0.0417836760851311,-0.040301822047684,-0.0384298881783431,-0.0362246564948689,-0.0337518756016399,-0.0310830039376387,-0.0282918069234517,-0.0254509391147901,-0.0226287332967314,-0.0198864192170554,-0.0172759496693351
-0.00138365639547028,-0.00108705864926462,-0.00097274473572892,-0.000962867487030394,-0.00101583933994082,-0.00110741911930401,-0.00122253345826989,-0.00135135613564669,-0.00148725438914632,-0.00162558078903918,-0.00175809325323184,-0.00186500536584955,-0.00191661908585516,-0.00186943039245702,-0.00165946283349383,-0.00119380509963085,-0.000346928896046816,0.00100069754457588,0.00273246766539303,0.00392439463079475,0.00340009090999716,0.00182742515083389,0.000313930008746244,-0.000835604739337859,-0.00165688543489706,-0.00223469257081432,-0.00263945165346846,-0.00292218551272749,-0.00311901571047057,-0.00325566633628349,-0.00335071014296151,-0.00341775771420982,-0.00346692173599883,-0.00350580637043962,-0.00354018663047362,-0.00357362286695406,-0.00360528987577635,-0.00363269649013231,-0.00365217763327697,-0.00365819357796004,-0.00364207012820783,-0.00358960784642171,-0.00347638970682151,-0.00325976083821078,-0.00288893657027334,-0.00259398833326552,-0.00308262339875753,-0.00361860598957464,-0.00384261407156639,-0.00390403368299497,-0.00391084044444057,-0.00394967299475613,-0.00396425403845324,-0.00356859028059731,-0.00299250468920809,-0.00199684951584933,-0.000709203289354532,0.00028172504457058,0.000432156044091192,-5.74513172697522e-05,-0.000752502078861683,-0.00145158241992371,-0.00211926411475605,-0.00277604564044798,-0.00345473889206249,-0.00418835460167966,-0.00500755586155543,-0.00594037283446891,-0.00701212649583538,-0.00824505518650609,-0.00965757043635662,-0.011263196519983,-0.0130692996466695,-0.0150757457759481,-0.0172736495871966,-0.019644386352581,-0.0221590274909327,-0.0247783277610425,-0.0274533416930629,-0.0301266879367175,-0.0327344229545898,-0.0352084376474668,-0.0374792551404847,-0.0394790838144464,-0.0411449633981291,-0.0424218309365457,-0.0432653276644688,-0.0436441698948746,-0.0435419209258439,-0.0429580297964439,-0.0419080468793407,-0.0404229826093434,-0.0385478378622176,-0.0363393949783462,-0.0338634028312454,-0.0311913199977684,-0.0283969120033982,-0.0255528335210792,-0.0227274174672442,-0.0199818937371288,-0.0173682152902309
-0.00140511323406567,-0.00111425642522037,-0.00100617171731643,-0.00100279941060044,-0.00106244068754019,-0.00116079035246835,-0.00128273557886166,-0.00141842458148494,-0.001561207418456,-0.001706424660465,-0.00184581298417008,-0.0019595349074697,-0.00201781545595381,-0.00197703719442943,-0.0017730551031192,-0.00131270829241203,-0.000470116661882236,0.000874641941777887,0.00260490095313326,0.00379485424216397,0.00326561760412791,0.00168645464703854,0.000167130914680236,-0.000987096458799686,-0.00181214505911798,-0.0023930589085206,-0.00280046342280071,-0.00308552103246562,-0.00328445016005063,-0.0034230430037363,-0.00351992106561561,-0.00358873043320385,-0.00363961005234126,-0.00368018376501844,-0.00371624149361227,-0.00375135276670902,-0.00378469025036354,-0.00381375633828407,-0.00383487644234726,-0.00384249637553391,-0.00382791910586922,-0.00377690731646374,-0.00366497736145388,-0.00344935219178932,-0.00307906518188217,-0.00278453899357256,-0.00327489372069301,-0.00381233124475089,-0.00403692517440124,-0.00409850375202869,-0.00410532806644115,-0.00414413512165379,-0.00415850840468868,-0.00376217970429704,-0.00318459712103403,-0.00218627341969002,-0.000894966434133559,9.93786718397338e-05,0.000251774039196739,-0.000236913585658138,-0.000931176083941887,-0.00162919910998038,-0.00229550074517348,-0.00295062795051004,-0.00362745227063099,-0.00435903371531454,-0.00517607257467767,-0.00610662656878858,-0.00717603719109317,-0.00840655826595649,-0.00981661319510851,-0.01141973550255,-0.0132232987132008,-0.0152271746531107,-0.0174224827650578,-0.0197906022323555,-0.0223026077174613,-0.0249192566933361,-0.0275916059795689,-0.0302622761709241,-0.0328673253931813,-0.0353386459775937,-0.0376067622860918,-0.0396038837739165,-0.0412670511072584,-0.042541202152209,-0.0433819788652634,-0.0437580981958383,-0.0436531240049085,-0.0430665058307044,-0.0420137944896026,-0.0405260008117047,-0.0386481260256297,-0.0364369527872697,-0.033958230233373,-0.0312834170756523,-0.0284862789421696,-0.0256394706205184,-0.0228113251555678,-0.0200630725867175,-0.0174466660356662
-0.0014236462046768,-0.0011375072940803,-0.00103461666002563,-0.00103670787486926,-0.00110197360291353,-0.00120604609057756,-0.0013337739054804,-0.00147528022949561,-0.00162389828750065,-0.00177495688726403,-0.00192017187756266,-0.00203965571415055,-0.00210355804197526,-0.00206815040032682,-0.00186912299915187,-0.00141307164502114,-0.000573775242586727,0.000769059616407608,0.00249867383380964,0.00368739866457313,0.00315382686027332,0.00156863554542697,4.3866749890098e-05,-0.00111471956308806,-0.00194323141075503,-0.00252696490724702,-0.00293673890818535,-0.0032238515923726,-0.00342461582996911,-0.0035648903482699,-0.00366334432610338,-0.00373365860403219,-0.00378599784900846,-0.00382800518833504,-0.00386548516000285,-0.0039020162914174,-0.00393676916069596,-0.00396723985007608,-0.00398974445438727,-0.00399871463387425,-0.0039854310323808,-0.00393561937087905,-0.00382473119731208,-0.00360987137841629,-0.00323990202926749,-0.00294562406735976,-0.00343760049815733,-0.00397645432840799,-0.00420162150805892,-0.00426335586334159,-0.00427019738761358,-0.0043089794442972,-0.00432314907156672,-0.00392616897539022,-0.00334712181954067,-0.00234619492344046,-0.00105134252127925,-5.37589543729844e-05,0.000100358729830718,-0.000387704442797787,-0.00108151230504916,-0.00177883697094683,-0.00244413386199516,-0.00309799280463796,-0.00377334152846998,-0.00450328714413928,-0.00531856572901934,-0.00624726161530287,-0.00731473616074396,-0.00854325820768964,-0.00995126268960278,-0.0115522921255986,-0.0133537271622512,-0.015355445341533,-0.0175485707508312,-0.0199144863895944,-0.0224242700869683,-0.025038681967126,-0.0277087810869852,-0.0303771899429133,-0.0329799682873486,-0.035449009851065,-0.0377148402064047,-0.0397096698604141,-0.0413705403971822,-0.0426423904869681,-0.0434808627932628,-0.0438546748890757,-0.043747391186971,-0.043158461714407,-0.0421034377227022,-0.0406133304294702,-0.0387331414092702,-0.0365196536273767,-0.0340386164786531,-0.0313614888070528,-0.0285620363412257,-0.0257129139811749,-0.0228824548976782,-0.0201318892714596,-0.0175131703831953
-0.0014396490320665,-0.00115734275742488,-0.00105875046711323,-0.00106540402958133,-0.00113538995945622,-0.001244279211361,-0.00137688248617923,-0.00152329839271065,-0.00167684362243736,-0.00183283542509161,-0.00198296917943919,-0.00210730814832349,-0.00217592794029875,-0.00214499113715694,-0.0019500264657959,-0.00149739186205677,-0.000660534592966999,0.000681193447585215,0.00241091248689773,0.0035990536965822,0.00306166398932373,0.00147085005024805,-5.90319002424788e-05,-0.00122168838086778,-0.00205339982983932,-0.00263970455427431,-0.00305160924989023,-0.00334054450921673,-0.00354291556124542,-0.00368464629510301,-0.00378445263785299,-0.00385604953318119,-0.00390962690274987,-0.00395284681759933,-0.00399152817694559,-0.0040292583521413,-0.00406520586962555,-0.00409686061100611,-0.00412052952229081,-0.00413063037678496,-0.00411842193719925,-0.00406959375632598,-0.0039595341459906,-0.00374523343192168,-0.00337539172641854,-0.00308121158283181,-0.00357472494147371,-0.00411496164204572,-0.00434069116610036,-0.00440257853866699,-0.00440943697576501,-0.00444819446381239,-0.00446216398902255,-0.00406454422458125,-0.00348406056094097,-0.00248058702484921,-0.00118228904136664,-0.000181621331991844,-2.59907892732336e-05,-0.000513685020349541,-0.00120732693339787,-0.00190426384373055,-0.00256888075449146,-0.00322180549566342,-0.0038960189833841,-0.00462467354522134,-0.00543853982487708,-0.00636572794862778,-0.00743161857267371,-0.00865849515442663,-0.0100648038646605,-0.0116640959974754,-0.0134637591532234,-0.0154636764594223,-0.0176549765452323,-0.0200190461440124,-0.0225269661849932,-0.0251394993890279,-0.0278077070052776,-0.0304742133941194,-0.0330750799030122,-0.0355422016354607,-0.037806105351375,-0.0397990025900197,-0.0414579358364864,-0.0427278445505636,-0.0435643720900057,-0.0439362366402536,-0.0438270031557059,-0.0432361221444378,-0.0421791452851084,-0.04068708417612,-0.0388049407320005,-0.0365894982220683,-0.0341065062948972,-0.0314274239244096,-0.0286260169381122,-0.0257749403464836,-0.0229425274440292,-0.0201900085503213,-0.0175693371022344
-0.00145346212064187,-0.00117422233685294,-0.00107915318246013,-0.0010895891714387,-0.00116351271931253,-0.00127643458513382,-0.00141312824298395,-0.00156366812673148,-0.00172135465409129,-0.00188149369414203,-0.00203576046552556,-0.00216416979082568,-0.00223672440609179,-0.00220947972622143,-0.00201780584118061,-0.00156782751982243,-0.000732668492178123,0.000608659714198434,0.00233913229885319,0.00352724794006765,0.00298648800520995,0.0013904026130882,-0.000144305214384355,-0.00131078192379253,-0.00214546478638766,-0.00273412573369125,-0.00314795445392502,-0.00343851106651161,-0.00364229135085647,-0.00378528317413629,-0.00388624840773444,-0.00395893553571414,-0.00401355933064518,-0.00405780051152149,-0.00409749211853483,-0.00413623023287424,-0.00417318136070732,-0.00420582927897684,-0.00423047193052994,-0.00424151343186541,-0.00423019104816857,-0.00418215885142859,-0.00407274327663565,-0.00385882317576502,-0.00348894467036076,-0.0031947321797916,-0.00368970908800792,-0.00423129971195579,-0.00445758213803038,-0.00451962013778529,-0.00452649523050153,-0.00456522852216135,-0.00457900102234166,-0.00418075174394472,-0.0035988558717357,-0.00259288465936902,-0.00129122752096378,-0.000287609242795028,-0.000130647120986094,-0.000618193534733802,-0.00131191933209363,-0.00200873728998885,-0.00267295527955191,-0.00332523492642145,-0.00399860773801919,-0.00472626962805855,-0.00553902474968715,-0.00646500831513386,-0.00752961978917144,-0.00875515689546913,-0.0101600767872103,-0.0117579393429501,-0.0135561389714429,-0.0155545642728825,-0.0177443483291913,-0.0201068815364158,-0.0226132478662298,-0.025224212588949,-0.0278908391069626,-0.0305557536120795,-0.0331550190193857,-0.0356205317819329,-0.0378828198274245,-0.0398740957103662,-0.0415314028022484,-0.0427996813396985,-0.043634575363694,-0.0440048036624768,-0.0438939317238179,-0.0433014105289519,-0.0422427921773034,-0.0407490886422344,-0.0388653021730629,-0.0366482163385546,-0.0341635810371542,-0.0314828553707973,-0.0286798052643562,-0.0258270858370977,-0.0229930305053622,-0.0202388697254495,-0.0176165570879995
-0.00146538091039025,-0.0011885448539177,-0.00109632822896025,-0.0011098719588935,-0.00118705613472525,-0.00130333226862495,-0.00144343716175827,-0.00159742141762187,-0.00175856940486618,-0.00192217576546072,-0.002079895826123,-0.00221169662059439,-0.00228750901980557,-0.0022632828214455,-0.00207423194171041,-0.00162625205312483,-0.000792150358402299,0.00054938958146511,0.00228117687300644,0.00346974967985081,0.00292600679636523,0.00132495376498998,-0.000214331398715073,-0.0013844121031783,-0.00222186896746135,-0.0028127001336602,-0.00322827408781068,-0.00352027797806409,-0.00372529656921672,-0.0038693806820147,-0.00397133743639921,-0.00404494836979996,-0.00410045275616522,-0.00414554970646397,-0.00418608621123395,-0.00422566694542681,-0.00426345642211312,-0.00429693239662998,-0.00432238393473949,-0.00433420169530585,-0.0043236017779742,-0.00427620336880818,-0.00416727220224278,-0.00395357831060306,-0.00358352075647805,-0.00328916332189899,-0.00378554029419287,-0.00432845979138907,-0.00455528694740504,-0.00461747350572272,-0.0046243650314568,-0.00466307444889802,-0.00467665258724992,-0.00427778258338418,-0.00369449553272183,-0.00268606901786161,-0.00138112751116082,-0.000374674231741423,-0.000216537353412205,-0.000704127230676477,-0.00139815302593971,-0.00209508455584939,-0.00275914675254718,-0.00341103139713717,-0.00408381834295857,-0.00481074567885598,-0.00562265015297014,-0.00654769145069878,-0.00761128742151573,-0.00883574975351387,-0.010239546361716,-0.0118362455442151,-0.0136332483923893,-0.0156304488814341,-0.0178189844689911,-0.0201802491521668,-0.0226853298951872,-0.0252949944769794,-0.0279603084193745,-0.0306238997174191,-0.0332218328301466,-0.0356860055400732,-0.0379469469255678,-0.0399368705417217,-0.0415928206337335,-0.0428597382041195,-0.0436932679675316,-0.0440621293066668,-0.0439498882353253,-0.0433559962014708,-0.0422960057195944,-0.0408009291329755,-0.0389157690212397,-0.0366973092486166,-0.0342112999601042,-0.031529200383956,-0.0287247765411158,-0.0258706836581855,-0.0230352552717048,-0.0202797219728488,-0.0176560375039392
-0.00147566273746041,-0.00120065769149733,-0.00111071409899496,-0.00112678254642296,-0.0012066423343956,-0.00132568654839677,-0.00146861579549168,-0.00162545714673151,-0.00178947911596505,-0.00195596525082831,-0.00211655121797694,-0.00225115682555088,-0.0023296419503015,-0.00230785211254436,-0.00212084718419847,-0.0016742972604622,-0.000840699076004592,0.000501581057776868,0.00223516795280065,0.00342461505765557,0.00287822389721337,0.00127246578843621,-0.000271181914271557,-0.00144467973989859,-0.00228474000163703,-0.00287758064427157,-0.00329474532580165,-0.00358804606352758,-0.0037941552547367,-0.00393918578801933,-0.00404198943038891,-0.00411638035155804,-0.00417262202467739,-0.00421843173137226,-0.00425967024769758,-0.00429995074202605,-0.00433843575781068,-0.00437259710060589,-0.00439871506808953,-0.00441116703367972,-0.00440114821850934,-0.00435424343697388,-0.00424565873980831,-0.00403205763384329,-0.0036616981135531,-0.00336709843969007,-0.00386482060822768,-0.00440904732371372,-0.0046364121444491,-0.00469874547281202,-0.004705653239087,-0.00474433906087635,-0.00475772513999417,-0.00435824200903911,-0.00377358196156941,-0.00276273677626637,-0.00145457554714024,-0.000445387148545917,-0.000286211033530437,-0.000774009661741237,-0.00146852219886151,-0.00216576822677106,-0.00282988472130996,-0.0034815904733303,-0.00415401174149888,-0.00488042757027052,-0.00569170651234741,-0.00661603219663265,-0.00767884049091028,-0.00890245678675994,-0.0103053595703888,-0.0119011254168808,-0.0136971619914934,-0.0156933685599832,-0.0178808868891041,-0.0202411145237673,-0.0227451413775994,-0.0253537377028261,-0.0280179711115074,-0.0306804713775739,-0.0332773044835137,-0.0357403695239393,-0.0380001967131079,-0.0399890005939841,-0.0416438262745534,-0.0429096155137109,-0.0437420136915386,-0.0441097407779598,-0.0439963633064947,-0.0434013331862495,-0.0423402033418541,-0.0408439864821442,-0.0389576855131868,-0.0367380845912284,-0.0342509341049535,-0.0315676934074669,-0.0287621286146577,-0.0259068950592084,-0.0230703263964523,-0.0203136533508339,-0.0176888298145534
-0.00148453249891153,-0.00121086444092702,-0.0011226940072987,-0.00114078425527947,-0.00122281501899407,-0.00134412166505499,-0.00148936901968727,-0.00164856087859955,-0.00181495006852073,-0.00198380915730634,-0.00214675435171319,-0.00228365872037473,-0.00236431189755137,-0.00234445628249935,-0.00215899954064236,-0.0017133892266018,-0.000879816835443914,0.000463659324944965,0.00219946407272464,0.00339014527861647,0.00284139453668097,0.00123115785806438,-0.000316667078715138,-0.00149342081222592,-0.00233593729680748,-0.00293064875134696,-0.00334927087715986,-0.00364373869719636,-0.00385081107368257,-0.00399666219872663,-0.00410018796727818,-0.00417523481794579,-0.00423209016228787,-0.00427848926155816,-0.00432030653509163,-0.0043611635580445,-0.00440022092455061,-0.00443494455236415,-0.00446160606513413,-0.00447456969945881,-0.00446501004565203,-0.00441847799024786,-0.00431012077772608,-0.00409649736896611,-0.00372572985870656,-0.00343080402247398,-0.00392982405156106,-0.00447533929848976,-0.00470323568644115,-0.0047657142412425,-0.00477263808194706,-0.00481130054849532,-0.0048244965556945,-0.0044244068554804,-0.00383838950245696,-0.00282515725907873,-0.00151383208871514,-0.000501994743121958,-0.000341896293750699,-0.000830046244575833,-0.00152520660143995,-0.0022229404393348,-0.00288729245053232,-0.00353900572202615,-0.0042112512436574,-0.00493734796329393,-0.00574819555620154,-0.00667200113778543,-0.00773421827797671,-0.00895718584670901,-0.0103593927368246,-0.0119544236774078,-0.0137496928137477,-0.0157451046293096,-0.0179318051424711,-0.020291195399986,-0.0227943682276501,-0.0254020963204959,-0.0280654493556298,-0.0307270588648296,-0.0333229923363456,-0.0357851501619244,-0.0380440636789264,-0.0400319484072471,-0.0416858503081967,-0.042950711888884,-0.0437821791876839,-0.0441489727555225,-0.0440346596401607,-0.0434386922070471,-0.042376623786706,-0.0408794674497576,-0.038992226425379,-0.0367716851588363,-0.034283594280045,-0.0315994132656918,-0.0287929083256439,-0.025936734897588,-0.0230992267544097,-0.0203416147524628,-0.0177158529322542
-0.00149218735509751,-0.00121943125002591,-0.00113260390399325,-0.00115228326161343,-0.00123605083004785,-0.00135918486631165,-0.00150631477151025,-0.00166742128732889,-0.00183574169773459,-0.00200653768942516,-0.00217140618154132,-0.00231017392167365,-0.00239256094867579,-0.00237420753613415,-0.00218987072485488,-0.00174477814274454,-0.000910820545085955,0.000434243807309165,0.00217262623328263,0.00336485108712314,0.00281398915278674,0.00119946880180888,-0.000352373921507443,-0.00153224484725833,-0.00237709092131033,-0.00297355387904186,-0.00339351877249383,-0.00368904202634246,-0.00389696796282624,-0.00404353141963654,-0.00414767197282617,-0.00422326801706685,-0.00428063067783335,-0.00432751303158052,-0.00436980301844181,-0.00441113054582143,-0.00445065427597902,-0.00448583429221738,-0.00451293362514527,-0.00452630350246253,-0.00451709809689205,-0.00447083474907584,-0.00436260265249633,-0.00414885792569741,-0.003777591210961,-0.00348226701157217,-0.00398254416950983,-0.00452933186400095,-0.00475775457043426,-0.00482037702287408,-0.00482731679500992,-0.00486595611327978,-0.0048789637593325,-0.0044782731350439,-0.00389091198345448,-0.00287531989202572,-0.00156087878798816,-0.000546466646877741,-0.000385546443916862,-0.000874170375810168,-0.00157011713096367,-0.00226848788374756,-0.00293323132039713,-0.00358511248931537,-0.00425734567092428,-0.00498328881105681,-0.00579387212063143,-0.00671732580823314,-0.00777912087385202,-0.0090016094719978,-0.0104032907605607,-0.011997757516734,-0.0137924302850831,-0.0157872187040491,-0.0179732729941815,-0.0203319976644942,-0.0228344884209128,-0.025441520375052,-0.0281041652473513,-0.0307650563093378,-0.0333602625398197,-0.035821685614762,-0.0380798579836545,-0.0400669961338744,-0.0417201468719441,-0.0429842534461257,-0.0438149625469597,-0.0441809953010116,-0.0440659192655848,-0.0434691872583176,-0.0424063530119752,-0.0409084299557284,-0.0390204216389716,-0.0367991127934487,-0.0343102542881658,-0.0316253057222964,-0.0288180333988702,-0.0259610928596224,-0.0231228179939644,-0.0203644397889519,-0.0177379124320739
-0.00149880065291152,-0.00122659211932685,-0.00114073915999716,-0.00116163667944147,-0.00124676883522118,-0.00137135729733168,-0.00151999634688643,-0.00168264386140321,-0.00185252170588057,-0.00202488077047347,-0.0021912988344942,-0.00233155668345719,-0.00241530531585243,-0.00239808373339512,-0.00221449970912646,-0.00176956318604959,-0.000934868038729331,0.000412120696779317,0.0021533892628347,0.00334742312814873,0.00279466295202879,0.00117602603163425,-0.000379697767264098,-0.00156256695166546,-0.00240963404322914,-0.00300774621419841,-0.00342895555823053,-0.00372543852616225,-0.00393412403832061,-0.0040813070136827,-0.00418597032610601,-0.00426202405802201,-0.00431980285624123,-0.004367077471364,-0.00440974925930115,-0.00445145639572009,-0.00449135562598468,-0.00452690124472532,-0.00455434775896335,-0.00456803349724155,-0.00455909239755425,-0.00451300858231329,-0.00440481384170455,-0.00419086291289372,-0.00381901879894331,-0.00352323434142576,-0.00402473370361522,-0.00457278005128758,-0.00480172457409123,-0.00486448978434462,-0.00487144536524098,-0.00491006171277242,-0.00492288246516481,-0.00452159575912381,-0.00393290239456467,-0.00291497379280647,-0.00159745792578492,-0.000580534570183255,-0.000418878844071768,-0.000908081908385316,-0.00160493385983118,-0.00230406935030136,-0.00296933786923903,-0.00362152442480435,-0.00429388535279784,-0.00501981682060015,-0.00583027907149614,-0.0067535250699633,-0.00781504301269953,-0.00903719817261495,-0.0104384998511973,-0.0120325487829589,-0.0138267718424627,-0.0158210837693464,-0.0180066389438966,-0.0203648453034404,-0.0228668014065623,-0.0254732847589434,-0.0281353691057538,-0.030795689442753,-0.0333903162262357,-0.0358511524053395,-0.0381087315322401,-0.040095271053725,-0.0417478186145364,-0.043011318198064,-0.0438414171417356,-0.0442068371431642,-0.0440911462651592,-0.0434937977740011,-0.0424303458015469,-0.0409318041327472,-0.0390431766347479,-0.0368212483235644,-0.0343317703054662,-0.0316462023011976,-0.028838310706213,-0.0259807511655199,-0.0231418576841249,-0.0203828613787941,-0.017755716582829
-0.0015045252146875,-0.00123255334200731,-0.00114736017149983,-0.00116915933671263,-0.00125533847995773,-0.00138106313030717,-0.00153089270938295,-0.00169476239260635,-0.00186587873171595,-0.00203948189255276,-0.0022071306407917,-0.00234856010632012,-0.00243335272115242,-0.00241694694402927,-0.00223380243857418,-0.00178871337657649,-0.000952980045815788,0.000396219920090313,0.00214063780969564,0.0033367071006003,0.00278223039038039,0.0011596194976613,-0.000399868712648743,-0.00158563466360939,-0.00243483012475054,-0.00303450422345741,-0.00345687412406881,-0.00375423512938289,-0.00396360002206553,-0.00411132332062247,-0.00421643086952961,-0.00429286420989317,-0.00435098134545231,-0.00439857058053827,-0.00444154659714568,-0.00448355578460125,-0.00452375298417285,-0.00455958674087364,-0.00458730309745281,-0.00460122757696535,-0.0045924740388108,-0.00454649366685822,-0.00443826140088177,-0.00422403184365727,-0.00385154361316431,-0.00355524608748636,-0.00405793784962238,-0.00460723107536798,-0.00483669357101979,-0.00489960056595939,-0.00490657185089027,-0.00494516537925338,-0.00495780049087924,-0.00455592183718534,-0.0039659061504056,-0.002945660960606,-0.00162510547182859,-0.0006057251623246,-0.000443407492104697,-0.000933279406886367,-0.00163113791536484,-0.00233114720524097,-0.00299705484702995,-0.00364966410067069,-0.00432227230322924,-0.00504831318102261,-0.00585877658012945,-0.0067819379330516,-0.00784330243402653,-0.00906524833250222,-0.0104662949699155,-0.0120600509605833,-0.0138539494499408,-0.015847910232905,-0.0180330918132714,-0.0203909055277205,-0.0228924527640237,-0.0254985134027303,-0.0281601631978416,-0.0308200388561033,-0.0334142123001437,-0.0358745877428488,-0.0381316998310059,-0.040117766963925,-0.0417698376186136,-0.0430328565084138,-0.0438624716131643,-0.0442274051975908,-0.0441112258265652,-0.0435133872119753,-0.0424494438820963,-0.0409504099752801,-0.0390612896743168,-0.0368388682776275,-0.0343488971271794,-0.0316628360644801,-0.0288544515768132,-0.0259963994117581,-0.0231570136891716,-0.0203975256546407,-0.0177698897863032
-0.00150949610785292,-0.00123749724283514,-0.00115269707963062,-0.00117512948166471,-0.00126208628379548,-0.00138867725271624,-0.00153942717158073,-0.00170424865121449,-0.00187633301978585,-0.0020509097801239,-0.00221951879131588,-0.00236184978767817,-0.00244741703682438,-0.00243155907299242,-0.00224858843315301,-0.00180308514145111,-0.00096605869315014,0.000385595742234512,0.00213338612429992,0.0033316828331249,0.00277564368298688,0.00114917975410544,-0.000413973923319322,-0.00160255056546066,-0.00245379582332772,-0.0030549578262018,-0.00347841713720198,-0.00377658691496774,-0.00398656318027601,-0.0041347596424488,-0.00424024483894647,-0.00431699157520149,-0.00437538107237545,-0.00442321908635956,-0.00446643354912646,-0.00450867901733742,-0.00454910843899992,-0.00458516464267666,-0.00461308525715998,-0.0046271830794955,-0.00461855202296158,-0.00457261057015756,-0.00446427727951249,-0.00424970767719635,-0.00387651875603812,-0.00357966338102012,-0.00408352226491115,-0.00463405237912373,-0.00486402958653143,-0.00492707754045085,-0.00493406444054667,-0.00497263527835723,-0.00498508581230794,-0.00458261871872923,-0.00399128910165647,-0.00296874422592852,-0.00164517892566907,-0.000623387683758914,-0.00046047046681319,-0.000951087310727017,-0.00165003832675126,-0.00235101389743297,-0.00301765736635673,-0.00367078879678773,-0.00434374563306283,-0.00506999859836577,-0.00588056677722748,-0.00680374782595949,-0.00786506376737939,-0.00908690570715964,-0.0104878029387292,-0.0120813718904678,-0.0138750519285122,-0.0158687678641083,-0.0180536822938264,-0.0204112099291236,-0.0229124549670554,-0.0255181996467342,-0.0281795217175203,-0.0308390595858976,-0.0334328866313722,-0.0358929083225585,-0.038149660394049,-0.040135362191792,-0.041787063020017,-0.0430497083176473,-0.0438789467031107,-0.0442435010049197,-0.0441269402870837,-0.0435287187045224,-0.0424643911796618,-0.0409649722022345,-0.0390754662688927,-0.0368526589588617,-0.0343623018484925,-0.0316758548993802,-0.0288670846901127,-0.0260086470702705,-0.0231688762738996,-0.0204090036746747,-0.0177809838947309
-0.00151383298738011,-0.00124158534046773,-0.00115695376216823,-0.00117979360889803,-0.00126730150379828,-0.00139453176974924,-0.00154597473741058,-0.00171152056881091,-0.00188434544403493,-0.00205966825448012,-0.00222901004277543,-0.00237201536654263,-0.00245813066743872,-0.00244259507575384,-0.00225957482895467,-0.00181343716996329,-0.000974903152953011,0.000379410361628696,0.00213076095981124,0.00333144658727269,0.00277397462849538,0.00114375940834033,-0.000422976491786464,-0.00161429140877423,-0.00246752036049869,-0.00307010799327423,-0.00349459686206832,-0.0037935171430572,-0.00400404756977757,-0.00415266069837417,-0.00425846752563563,-0.00433547195770934,-0.00439407831578498,-0.00444210972129344,-0.00448550729214126,-0.00452793371331639,-0.00456854004869545,-0.00460476343830662,-0.00463283313932661,-0.00464704928970705,-0.00463848596807837,-0.00459252915549713,-0.00448404142377301,-0.00426908011258642,-0.0038951429116878,-0.00359769201826987,-0.00410269675604114,-0.00465445535166231,-0.00488494452602706,-0.00494813274391404,-0.00495513518437862,-0.00499368343989848,-0.00500595029100026,-0.00460289771005096,-0.00401026122598225,-0.00298543088941683,-0.00165888086343191,-0.000634717410262109,-0.000471253138106364,-0.000962678907650227,-0.00166279473107633,-0.0023648143766779,-0.00303227501989012,-0.00368601230880272,-0.00435940304282911,-0.00508595446912663,-0.00589671460407426,-0.00682000312230491,-0.00788135873303752,-0.00910318529691456,-0.0105040219853452,-0.0120974929854269,-0.0138910438418005,-0.0158846043492336,-0.018069341171234,-0.0204266723733335,-0.0229277049451171,-0.0255332234705437,-0.0281943076830009,-0.0308535976792306,-0.0334471682876725,-0.0359069262259173,-0.0381634083106086,-0.0401488348294053,-0.041800255909521,-0.0430626177117497,-0.0438915694899183,-0.0442558346335193,-0.0441389827032347,-0.0435404682948521,-0.0424758467230288,-0.0409761328271936,-0.0390863314163484,-0.0368632283491885,-0.0343725754353311,-0.0316858327558861,-0.0288767669803185,-0.0260180340597181,-0.0231779683417667,-0.0204178013276051,-0.0177894877826711
-0.00151764208507779,-0.0012449610328667,-0.00116031122343363,-0.0011833705580172,-0.00127124094418429,-0.00139892152632287,-0.00155086833755141,-0.00171694918748383,-0.00189032517102283,-0.00206620461109053,-0.0022360898089322,-0.00237958032779095,-0.00246605506525766,-0.00245065418124535,-0.0022673983026289,-0.00182044302906181,-0.000980222931744157,0.00037691997849254,0.00213198705057771,0.00333519602863341,0.00277639917353611,0.00114251736670901,-0.000427731452259605,-0.00162172435590602,-0.00247688197069307,-0.00308084339096948,-0.00350631199200335,-0.0038059342693828,-0.00401697123190203,-0.00416595399601571,-0.00427203582322622,-0.00434925158415034,-0.00440802860220035,-0.00445620729271901,-0.00449974190619051,-0.00454230322343774,-0.00458304043182589,-0.0046193850060805,-0.00464755786704152,-0.00466184654929291,-0.00465330538967312,-0.00460728803400956,-0.00449860139623248,-0.00428320537072957,-0.00390848027742741,-0.00361040251026501,-0.00411653539510293,-0.00466951547083116,-0.00490051432604099,-0.00496384222900526,-0.00497086014753445,-0.00500938591093014,-0.00502146982452834,-0.00461783421541262,-0.00402389674724457,-0.00299679279685261,-0.00166727893458729,-0.000640775508605085,-0.000476807878016405,-0.000969095843727619,-0.00167043665615663,-0.0023735651321668,-0.00304191066335591,-0.00369632346830073,-0.00437021907524082,-0.00509714086156654,-0.00590816552020845,-0.00683163457301772,-0.00789310329721049,-0.00911498822407442,-0.010515838341375,-0.0121092855488532,-0.0139027815344746,-0.0158962610492532,-0.0180808948020681,-0.020438104195317,-0.0229389989971569,-0.0255443661249732,-0.0282052872867118,-0.0308644042615132,-0.0334577933201126,-0.0359173624234574,-0.0381736494654579,-0.0401588756713922,-0.0418100919878812,-0.0430722452945507,-0.0439009854779431,-0.0442650364861906,-0.0441479683745986,-0.0435492361780304,-0.0424843956017695,-0.0409844618335335,-0.039094439993415,-0.0368711162184728,-0.0343802425506621,-0.0316932791901269,-0.0288839928968471,-0.0260250397230093,-0.0231847541294844,-0.0204243677443646,-0.0177958354757932
-0.00152101790556128,-0.0012477518869124,-0.00116293048435898,-0.00118605500781882,-0.00127413305677376,-0.00140210881502395,-0.0015544041454213,-0.00172086458435611,-0.00189463619319241,-0.00207091676168492,-0.00224118991134126,-0.00238501036079464,-0.00247168969512812,-0.00245626945999156,-0.00227262523752325,-0.00182470191870399,-0.000982649199814056,0.000377462917410476,0.00213637473182027,0.00334221741393903,0.00278218425317278,0.00114470540328826,-0.000428999434096911,-0.00162562082686679,-0.00248266192460966,-0.00308795457085931,-0.00351436199907851,-0.00381464645093832,-0.00402615085114677,-0.00417546464115826,-0.00428178318734584,-0.00435917221287685,-0.00441808196304572,-0.00446637008826989,-0.00451000392778256,-0.00455266233156659,-0.00459349261670616,-0.00462992061172995,-0.00465815893012689,-0.00467248254886177,-0.00466392613925604,-0.00461781114851778,-0.00450888910266833,-0.00429302305947599,-0.00391747755632577,-0.00361874717629762,-0.00412599366993804,-0.00468018947574533,-0.00491169613403519,-0.00497516324656821,-0.00498219659198651,-0.00502069993733167,-0.00503260152565788,-0.00462838490838546,-0.00403315128818815,-0.00300378345409702,-0.00167132291025363,-0.000642505981566677,-0.000478070865376212,-0.000971264756632673,-0.00167387996017165,-0.00237817042375865,-0.00304745642901105,-0.00370260193225413,-0.00437706067639043,-0.00510441184572552,-0.00591576060011545,-0.00683947016809805,-0.00790111229768664,-0.00912311612154126,-0.0105240403931868,-0.0121175246871457,-0.0139110268058524,-0.0159044864341251,-0.0180890783085432,-0.0204462271542039,-0.0229470455063849,-0.0255523226065062,-0.028213142129335,-0.0308721475299099,-0.0334654165158241,-0.0359248582867679,-0.0381810118100028,-0.040166099245021,-0.0418171723549676,-0.0430791787357735,-0.0439077689044888,-0.0442716673659763,-0.0441544446684926,-0.0435555562844689,-0.0424905583085292,-0.0409904662755057,-0.039100285615565,-0.0368768027431953,-0.0343857699319358,-0.0316986475005775,-0.0288892022993181,-0.0260300904811129,-0.0231896466196336,-0.0204291024694927,-0.0178004130810794
-0.00152404467753675,-0.00125007159756382,-0.00116495505558609,-0.00118802046639871,-0.00127618144981689,-0.00140432740470275,-0.00155684612621582,-0.00172356094135528,-0.00189760291957175,-0.00207415934591437,-0.00224469521185977,-0.00238872051214134,-0.00247547970597628,-0.00245991601182305,-0.00227576042314459,-0.00182674787550574,-0.000982744486165088,0.000380449463513788,0.00214330934543261,0.00335187462672026,0.00279067652989284,0.00114965666636246,-0.00042745834544089,-0.00162666834837699,-0.00248555652943638,-0.0030921461124036,-0.00351945941364029,-0.00382037395883916,-0.00403231429899975,-0.0041819280109241,-0.0042884524370046,-0.00436598406274724,-0.00442499599058888,-0.0044733630585827,-0.00451706565938848,-0.00455979069063406,-0.00460068360416477,-0.00463716459770058,-0.00466543800072383,-0.00467976626949018,-0.00467116447127358,-0.00462492196475073,-0.00451573510562686,-0.00429937060553653,-0.00392297849822465,-0.00362357477127917,-0.00413192316003674,-0.00468733006177224,-0.00491934300960284,-0.004982948948411,-0.00498999767946184,-0.00502847866646383,-0.00504019842302617,-0.00463540242584948,-0.00403887654841095,-0.00300725267282065,-0.00167185927187385,-0.000640750168289683,-0.000475876465978908,-0.000970011509151769,-0.00167394089946193,-0.00237943617149083,-0.00304970742874611,-0.00370563169443772,-0.00438070051185968,-0.0051085286117134,-0.00592024945184821,-0.00684424785427162,-0.00790611195942259,-0.00912828344555083,-0.0105293307911356,-0.0121229012149846,-0.013916458610727,-0.0159099475789153,-0.0180945468695661,-0.0204516845190843,-0.0229524758206199,-0.0255577123320736,-0.0282184796887688,-0.0308774230164299,-0.0334706214551255,-0.0359299854395716,-0.0381860550071851,-0.040171053248983,-0.0418220327422768,-0.0430839417972613,-0.0439124315597463,-0.044276227089769,-0.0441588994271682,-0.0435599044807664,-0.0424947987334601,-0.0409945980662723,-0.0391043082185994,-0.0368807158816399,-0.0343895735598817,-0.0317023416904649,-0.0288927872135502,-0.0260335663826037,-0.0231930138837843,-0.0204323615979007,-0.0178035647171795
-0.00152679760012089,-0.00125202167038294,-0.0011665130612919,-0.00118942183896137,-0.00127756790131595,-0.00140578600016344,-0.00155842994347138,-0.00172530089897438,-0.00189951497688368,-0.00207624897987602,-0.00224694930842484,-0.00239108132812904,-0.00247782251885875,-0.00246201799721335,-0.00227725452597638,-0.00182705767654279,-0.000981011004201227,0.000385353134091382,0.00215224214203436,0.0033635997614907,0.00280129272302343,0.00115677580822204,-0.000423713406759729,-0.00162548072955171,-0.00248618743424611,-0.00309404705067617,-0.00352224036962245,-0.00382375983812899,-0.00403611140617355,-0.00418600063703312,-0.00429270674798565,-0.00437035691605514,-0.00442944704999415,-0.00447786913825587,-0.00452161659919126,-0.00456438436118911,-0.00460531601481251,-0.00464182613905328,-0.00467011079772606,-0.00468441995532554,-0.00467574912333624,-0.00462935565833478,-0.0045198809164666,-0.00430299564818548,-0.0039257363870977,-0.00362564304723012,-0.00413508413973518,-0.00469169850011286,-0.00492421654938857,-0.00498796101357568,-0.00499502509786987,-0.00503348377340651,-0.00504502208562685,-0.00463964798672856,-0.00404183290937454,-0.00300795914778251,-0.00166964373948431,-0.000636259196666655,-0.000470969581854108,-0.000966073412527413,-0.00167134820953518,-0.00237808188349109,-0.00304937352194434,-0.00370611268863907,-0.00438182840219214,-0.00511017073526654,-0.00592230131114935,-0.00684662645644418,-0.00790875064253593,-0.00913112804944483,-0.010532336848597,-0.0121260318791574,-0.0139196831076724,-0.0159132400362552,-0.0180978854171598,-0.020455050589149,-0.0229558535959988,-0.0255610883061539,-0.0282218423105776,-0.0308807624015919,-0.0334739291482813,-0.0359332542174837,-0.0381892787142886,-0.0401742266590843,-0.041825151441516,-0.0430870020844522,-0.0439154303610678,-0.0442791618853535,-0.0441617681876838,-0.0435627056123217,-0.0424975310296084,-0.0409972606660185,-0.0391069005695466,-0.0368832377074951,-0.0343920248148437,-0.0317047224468104,-0.0288950976333587,-0.0260358067282221,-0.0231951845298337,-0.0204344630449196,-0.0178055976072442
-0.00152934391675852,-0.00125369287128882,-0.00116771906922683,-0.00119039764042572,-0.00127845495549167,-0.00140667122324312,-0.00155936632525777,-0.00172631930779937,-0.00190063134653706,-0.00207746877862502,-0.00224825944298945,-0.00239242414763041,-0.00247907350368837,-0.00246295469599034,-0.00227751052688363,-0.00182605764983934,-0.000977897825762186,0.000391703157573975,0.00216268244150464,0.00337688501039146,0.00281351127586094,0.00116553048021695,-0.000418305796466623,-0.00162260682992121,-0.00248511050988154,-0.00309421986161151,-0.00352327369109906,-0.00382537909301761,-0.00403812324474795,-0.00418826958366014,-0.00429513912558455,-0.00437288968561012,-0.00443203994042274,-0.00448049900077185,-0.00452427328977745,-0.00456706575382371,-0.00460801812518752,-0.00464453937324594,-0.00467281730998881,-0.00468708943001439,-0.00467833172544085,-0.00463176961597078,-0.00452198958708117,-0.00430456671856305,-0.00392642480106775,-0.00362562957720791,-0.00413615643803866,-0.00469397551176387,-0.00492699776564076,-0.00499088052806984,-0.00499795994116359,-0.0050363963406117,-0.00504775350095255,-0.00464180226521549,-0.00404270029577036,-0.00300658129433096,-0.00166535206704155,-0.000629704713277057,-0.000464016292276659,-0.000960109758929129,-0.00166675351491419,-0.00237475093390538,-0.00304708945547483,-0.0037046707867936,-0.00438106117651715,-0.00510994588501568,-0.00592251460096072,-0.00684719508849252,-0.00790960810352481,-0.00913222029480987,-0.0105336195025527,-0.0121274681681964,-0.013921242317436,-0.0159148963432207,-0.0180996169916174,-0.0204568388969653,-0.0229576828482134,-0.0255629450198533,-0.0282237149547928,-0.0308826411088645,-0.0334758054775599,-0.0359351209576331,-0.0381911297199662,-0.0401760567127192,-0.0418269561364779,-0.0430887777255762,-0.0439171738795012,-0.0442808707652944,-0.0441634404030459,-0.0435643395717582,-0.0424991255285967,-0.0409988148449366,-0.0391084138768584,-0.0368847098673541,-0.0343934557815131,-0.0317061122924599,-0.0288964465197999,-0.026037114917402,-0.0231964523957707,-0.0204356910873513,-0.0178067864672191
-0.00153174384359425,-0.00125516647984897,-0.0011686756727261,-0.00119107190815332,-0.00127898816734856,-0.00140715018991261,-0.00155984397411102,-0.0017268264715779,-0.00190118394090455,-0.00207807226569456,-0.00224890074420692,-0.00239304567756271,-0.00247955088657925,-0.00246306574491117,-0.00227688928602154,-0.00182412956180344,-0.000973807082823464,0.000399077971913075,0.00217419085605797,0.00339127564945896,0.00282686515217523,0.00117544398056646,-0.000411720124764647,-0.0016185381391407,-0.00248282352530849,-0.00309316822947325,-0.00352306874734865,-0.00382574662722179,-0.00403887015225135,-0.00418926055424906,-0.00429628059345988,-0.00437411868514803,-0.00443331624674004,-0.00448179949134397,-0.00452558783200607,-0.00456839222407734,-0.00460935254364903,-0.00464587215696244,-0.0046741306339928,-0.00468835301494264,-0.00467949579837423,-0.00463275251336137,-0.00452265486608328,-0.00430468247155824,-0.00392564691406605,-0.00362414111218645,-0.0041357488265934,-0.00469477066769786,-0.00492829649038606,-0.00499231739001704,-0.00499941211458177,-0.00503782626302907,-0.00504900247883078,-0.00464247479030977,-0.00404208756483526,-0.00300372661707238,-0.00165958937453659,-0.000621688158999767,-0.000455613052550152,-0.000952710926432898,-0.0016607403281319,-0.00237001944783044,-0.0030434236293968,-0.00370186644205406,-0.00437895119068732,-0.00510839821403763,-0.00592142519526062,-0.00684648128850673,-0.00790920350132707,-0.00913207092776269,-0.0105336810596846,-0.0121277039279992,-0.0139216216077769,-0.0159153933752241,-0.0181002099642154,-0.0204575092998984,-0.0229584149124995,-0.0255637252793857,-0.0282245318927865,-0.0308834848698394,-0.0334766676306171,-0.0359359943002227,-0.0381920081139899,-0.040176934946726,-0.0418278298089463,-0.0430896431456156,-0.0439180279817863,-0.0442817110369034,-0.0441642648201944,-0.0435651465449112,-0.0424999138545873,-0.0409995836651029,-0.0391091626402958,-0.0368854382985178,-0.0343941638347226,-0.0317068000398084,-0.0288971141229134,-0.0260377626379262,-0.0231970806073091,-0.0204363002890703,-0.0178073772994365
-0.00153405137448548,-0.00125651537602733,-0.00116947486251423,-0.00119155586052805,-0.00127929804898846,-0.00140737274487746,-0.00156003209035788,-0.0017270109593519,-0.00190138070444068,-0.00207828676320942,-0.00224911990644117,-0.00239321196041997,-0.00247954000514794,-0.0024626556792674,-0.00227571436832341,-0.0018216157223726,-0.00096909934516487,0.000407099586804738,0.0021863734137757,0.00340636395688954,0.00284093558990439,0.00118608887905869,-0.000404390914426456,-0.00161371534955768,-0.00247977280399847,-0.00309134378222597,-0.00352208226417861,-0.00382532412926473,-0.00403881868960831,-0.00418944492115814,-0.00429660729440973,-0.0043745248008622,-0.00443376158150754,-0.00448226093923099,-0.0045260552676194,-0.00456886352529451,-0.00460982373350238,-0.00464633365941958,-0.00467456463721061,-0.00468872926246,-0.00467976455649466,-0.00463283218694266,-0.00452240913838819,-0.00430387969105661,-0.00392394356158343,-0.00362172169468877,-0.00413440716023383,-0.00469463053999153,-0.00492865952998578,-0.00499281846513111,-0.00499992849021402,-0.00503832040350227,-0.00504931580571144,-0.00464221209639626,-0.00404054064805837,-0.0029999398336491,-0.00165289824019732,-0.000612748812186537,-0.000446294670541025,-0.000944406274189902,-0.00165383185296419,-0.00236440400566096,-0.00303888569792043,-0.00369820218342909,-0.00437599371357278,-0.00510601563643287,-0.00591951358491416,-0.00684495807314178,-0.00790800233954925,-0.00913113790867559,-0.0105329719132319,-0.0121271819655171,-0.0139212561838011,-0.0159151587227444,-0.0181000843002619,-0.0204574741292844,-0.022958454478853,-0.0255638261272246,-0.0282246825142747,-0.0308836754170723,-0.0334768896791011,-0.0359362406528176,-0.0381922726371906,-0.0401772124329192,-0.0418281158598677,-0.0430899340730658,-0.0439183207226655,-0.0442820030801042,-0.0441645541433924,-0.0435654315597042,-0.0425001933586702,-0.0409998568004368,-0.0391094288563538,-0.0368856973199578,-0.0343944156158945,-0.0317070446527501,-0.0288973517291407,-0.0260379934988955,-0.0231973050963566,-0.0204365189050126,-0.0178075906821302
-0.00153631498113804,-0.00125780498535111,-0.00117019921977601,-0.0011919493394365,-0.00127950176238095,-0.00140747340511127,-0.00156008256664131,-0.00172704205123697,-0.0019014083107185,-0.0020783163402508,-0.00224913838941099,-0.00239316182487181,-0.0024792970093942,-0.00246199788280643,-0.00227427624029031,-0.00181882342505491,-0.000964098297373983,0.000415428680490382,0.00219887644779937,0.00342178392362924,0.0028553466686474,0.00119708147240627,-0.000396708237170973,-0.00160853407241479,-0.00247635901304322,-0.00308915194936032,-0.00352072424781347,-0.00382452606066219,-0.00403838769247966,-0.00418924583942792,-0.0042965466659961,-0.00437453972853752,-0.00443381188342906,-0.004482323517357,-0.00452611999999442,-0.00456892829050726,-0.00460988455592859,-0.00464638096633152,-0.00467458062300352,-0.00468868368157249,-0.00467960769387443,-0.00463248247999726,-0.00452173033033532,-0.00430264025216975,-0.00392180025552014,-0.00361885971530573,-0.00413262145692284,-0.00469404579098076,-0.00492857775731737,-0.00499287467960285,-0.00499999999999434,-0.0050383696856664,-0.00504918433656543,-0.00464150481192749,-0.00403854963212158,-0.00299570994016074,-0.00164576573831487,-0.000603370783854862,-0.000436541243913569,-0.000935671008951866,-0.00164649777099179,-0.00235836834366876,-0.00303393318008172,-0.00369412913395029,-0.00437263335100035,-0.00510323615584674,-0.00591721110983667,-0.00684305007282338,-0.0079064225042349,-0.00912983235207099,-0.0105318963847447,-0.0121262997920992,-0.0139205367326627,-0.0159145762372948,-0.0180996170061341,-0.0204571035384447,-0.0229581648409496,-0.0255636039918146,-0.0282245163777797,-0.0308835554351932,-0.0334768074303833,-0.0359361889427106,-0.0381922453343619,-0.0401772043315951,-0.0418281225633164,-0.0430899518943704,-0.0439183465997887,-0.0442820345027951,-0.0441645890900253,-0.0435654684424176,-0.0425002309755733,-0.0409998942937729,-0.0391094656757904,-0.0368857331902425,-0.034394450491392,-0.0317070786054693,-0.0288973849205523,-0.0260380261903662,-0.0231973376610903,-0.0204365518416566,-0.0178076246303214
-0.00153685628127528,-0.00125676918941195,-0.00116798805765991,-0.00118879354249651,-0.0012755403882051,-0.00140279195798254,-0.00155473320165961,-0.00172105516087911,-0.00189479958676808,-0.00207109116870663,-0.00224128387364886,-0.00238462118832083,-0.00246994765517328,-0.00245162089652862,-0.00226251131604405,-0.00180510559231051,-0.000947588136621547,0.000435824101301718,0.00222395742079162,0.00345022174396159,0.0028831275591632,0.00122171922315584,-0.000375155299134899,-0.00158928658221469,-0.00245869996391646,-0.00307254603158347,-0.00350478976841062,-0.00380899336032958,-0.00402306670433061,-0.00417400330164575,-0.00428129038999137,-0.00435920765644116,-0.00441836436142573,-0.00446673774753448,-0.00451038599089348,-0.00455304394795708,-0.00459384595572843,-0.00463017866109627,-0.00465819704476167,-0.00467208899996341,-0.00466275290537621,-0.00461528726539595,-0.00450406073031528,-0.00428426942095528,-0.00390239591324293,-0.00359863407918559,-0.00411341466479564,-0.00467601751605229,-0.00491104517125107,-0.00497547823904765,-0.00498261865670613,-0.00502096640136673,-0.00503160267100866,-0.00462335515812606,-0.00401913500361784,-0.00297409432782758,-0.00162131470054083,-0.000576778684891588,-0.000409716276198901,-0.000910038476674924,-0.00162246339343475,-0.00233584425433087,-0.00301271368566058,-0.00367401683359247,-0.00435346570657646,-0.00508488433250776,-0.00589957337747515,-0.00682604549590304,-0.00788998598735668,-0.00911391095236125,-0.0105164465971936,-0.0121112855414425,-0.0139059278712368,-0.0159003474061878,-0.0180857467597493,-0.0204435736624287,-0.0229449598140152,-0.0255507105561061,-0.0282119231921472,-0.0308712527925923,-0.0334647870254889,-0.0359244436791857,-0.0381807691638292,-0.0401659921181519,-0.0418171699688192,-0.0430792552807242,-0.0439079029452663,-0.0442718413300309,-0.0441546444037532,-0.0435557706753958,-0.0424907789414622,-0.0409906871458804,-0.039100502870865,-0.0368770144565653,-0.0343859757839082,-0.0316988479952774,-0.0288893985670301,-0.0260302843515187,-0.0231898407052999,-0.020429300261096,-0.0178006190563003
-0.00151506622499101,-0.00122558882420934,-0.00112772667319358,-0.00113963379342352,-0.00121759417140599,-0.00133612879865597,-0.00147939580358131,-0.00163706852632006,-0.0018021766656382,-0.00196983641469139,-0.00213138661872625,-0.00226603456203156,-0.00234257083931533,-0.00231527502012119,-0.00211690514774876,-0.00164979121461817,-0.000781925806052408,0.000612581474629392,0.00241201594095242,0.00364732808588042,0.00308414246952671,0.00142317243112977,-0.000173857062986782,-0.00138774477662729,-0.00225641943479848,-0.00286912593041699,-0.00329993342034385,-0.00360248667892926,-0.00381475674971554,-0.00396378186412782,-0.00406908213292767,-0.00414496163379541,-0.00420204791196976,-0.00424833204894881,-0.00428988278056086,-0.00433044149257555,-0.00436914101226549,-0.0044033634422711,-0.0044292571285347,-0.00444100004936021,-0.00442947532315019,-0.00437975714993799,-0.00426617440439281,-0.004043861605179,-0.00365927760657647,-0.00335336706534806,-0.00386841812752614,-0.0044319042400478,-0.00466733126806429,-0.00473187610101999,-0.00473902899234413,-0.00477735859307415,-0.00478784786912922,-0.00437913594746386,-0.00377389867948441,-0.00272715645358934,-0.00137242291224848,-0.00032710813349679,-0.000161661584713979,-0.00066543123303453,-0.0013820020819697,-0.00209963446770911,-0.00278067472761623,-0.00344603338741067,-0.00412943084978012,-0.00486470821354756,-0.0056831824702761,-0.00661337984617627,-0.0076809964846829,-0.00890855708103411,-0.0103146946795916,-0.0119131073860579,-0.0137112997315103,-0.0157092491730739,-0.0178981613294449,-0.020259486436109,-0.0227643582978023,-0.0253735840380331,-0.028038262478794,-0.0307010499924936,-0.0332980353695607,-0.0357611373707185,-0.0380209032523471,-0.0400095623926457,-0.0416641728668272,-0.0429296878105299,-0.0437617626189799,-0.0441291261057425,-0.0440153526353282,-0.0434199010687434,-0.042358330516275,-0.0408616592020654,-0.0389748949589659,-0.0367548263516794,-0.0342672074487349,-0.0315834994886587,-0.0287774700208508,-0.0259217759791436,-0.023084752811189,-0.0203276332517301,-0.0177023734526571
-0.00141841419038657,-0.00109350189064017,-0.000960170805795968,-0.00093661126488026,-0.000979114243947588,-0.00106220030661308,-0.00117002542094397,-0.00129226065292193,-0.0014219337519612,-0.0015541593401297,-0.00168027326111875,-0.00177947599118622,-0.00182054946262322,-0.00175776444566356,-0.00152387571985046,-0.00102123446261781,-0.000117941214533679,0.00131149085003102,0.00314399851856595,0.00440714399249664,0.00386321770027886,0.00221494789908983,0.000627837449411084,-0.00057707377864169,-0.00143708007836563,-0.00204121265400392,-0.00246346633038308,-0.00275746044337555,-0.00296115872260638,-0.00310159892098349,-0.00319830311171598,-0.00326557801031568,-0.00331405377096927,-0.00335172379557069,-0.00338465878056105,-0.00341660139693167,-0.00344668418848415,-0.00347228845561842,-0.00348956156709779,-0.00349268047724993,-0.00347252775823037,-0.00341417941664979,-0.00329197549101146,-0.00306110148355865,-0.00266827511203416,-0.00235583737195832,-0.00286856638677913,-0.0034318479310933,-0.0036673101585547,-0.00373187368071304,-0.00373902899234158,-0.00377735500680743,-0.00378781737669764,-0.00337903560521835,-0.00277371750288236,-0.0017271311865541,-0.000373634363271425,0.000667715882209041,0.000825333291482044,0.000310661033463111,-0.000418457803186945,-0.00114939926884161,-0.00184410390481538,-0.00252330315141736,-0.00322063421045371,-0.00396989670768111,-0.00480238557779122,-0.00574661468001114,-0.00682827293688937,-0.00806988070163417,-0.00949006835672028,-0.0111025323603806,-0.0129147762252522,-0.0149267767881629,-0.0171297393032686,-0.0195051138073317,-0.022024034014311,-0.0246473070269542,-0.0273260316914343,-0.0300028644325077,-0.0326138941098195,-0.0350910395626038,-0.0373648481299016,-0.0393675492733276,-0.0410362011500085,-0.0423157569745731,-0.0431618722173851,-0.0435432757628402,-0.0434435420416992,-0.0428621299765933,-0.0418145987348605,-0.0403319665932771,-0.0384592414330968,-0.0362532118633898,-0.0337796319904649,-0.0311099630722879,-0.0283179726727726,-0.0254763177415809,-0.0226533337436039,-0.0199102534323246,-0.0172990329799181
-0.00124690017746265,-0.000860508388701886,-0.000665320455467466,-0.00057972595687239,-0.000560100605829839,-0.000581006481854052,-0.000626622053744696,-0.000686631540676275,-0.000754070845733978,-0.000824059945021105,-0.000887943800822799,-0.000924945475790473,-0.000903883525100069,-0.000779089173167047,-0.000483423032361263,8.05646636912183e-05,0.00104436563792909,0.00253255222750637,0.004419905153632,0.00572966946379827,0.00522035325141457,0.00359704562702445,0.00202992823805315,0.000842726411741435,-6.81894623877355e-07,-0.000588806202355574,-0.000995388498540528,-0.00127391465367999,-0.00146227262299781,-0.00158745447221165,-0.00166895332636807,-0.00172105678600176,-0.00175438193843047,-0.00177691298740212,-0.00179471399089337,-0.00181152366103388,-0.00182647548439574,-0.00183695370114134,-0.00183911036045092,-0.00182713028363479,-0.00179191021062008,-0.00171855406552845,-0.00158146399017478,-0.00133598905609755,-0.000929388429616873,-0.000606044999016397,-0.00111385944256681,-0.00167584858918857,-0.00191098184272764,-0.00197547097813433,-0.00198261865670624,-0.00202095564257276,-0.00203151119371636,-0.00162305413139197,-0.00101859147381544,2.5981473277259e-05,0.00137505094638524,0.00240769336221747,0.00255126835238095,0.00201823832281223,0.00126816944290242,0.000514861342262529,-0.000203001217264021,-0.00090582612560719,-0.00162707578861099,-0.00240044981491416,-0.00325718270001985,-0.00422574999740766,-0.0053318153439843,-0.00659788181416454,-0.00804256762858269,-0.00967956046440976,-0.0115163573524626,-0.0135529302514596,-0.0157804806812201,-0.0181804557761116,-0.0207239869635476,-0.0233718795228657,-0.0260752308300647,-0.0287766961126317,-0.0314123632462722,-0.0339141502548437,-0.0362126037964892,-0.0382399527601915,-0.0399332548183684,-0.0412374627728487,-0.0421082317404846,-0.0425142903013299,-0.0424392126228712,-0.0418824573989464,-0.0408595835972246,-0.0394016093195239,-0.0375535422932572,-0.0353721709917048,-0.0329232494091011,-0.0302782387461651,-0.0275109065227953,-0.0246939096388222,-0.0218955835025417,-0.0191771608028712,-0.0165905976380811
-0.00105305480811718,-0.000597370317501261,-0.000332419882788093,-0.000176836696728688,-8.71021250859472e-05,-3.78309448943459e-05,-1.32306534488258e-05,-3.00268423220063e-06,-1.93742330290014e-07,6.90325584473683e-08,6.42839863340683e-06,3.96310293377944e-05,0.000130809874057558,0.000325554989459076,0.000690870899180074,0.00132396033494786,0.00235582466021411,0.0039099755574924,0.00585878933586637,0.00722086345668904,0.00675072282240063,0.00515595881218944,0.00361176432481258,0.00244482091750919,0.00162033776910953,0.00105041443268528,0.000661611201969503,0.000400605117086617,0.000229602443071464,0.000121668876291947,5.73484400421265e-05,2.23783888557705e-05,6.15882155829972e-06,7.17749529366429e-07,2.88657986402541e-15,2.72187700600668e-07,2.39956295877697e-06,8.99396692055632e-06,2.38971841786118e-05,5.29141789715748e-05,0.00010513013071578,0.000195406186441316,0.000349264236562341,0.000611160355922902,0.00103321221718788,0.00136878875163693,0.00086663724679048,0.000306235753787076,7.15277902167966e-05,7.13742191882361e-06,0,-3.83517543476319e-05,-4.90318744237328e-05,0.000358996899289865,0.000962356250876262,0.00200441639501281,0.00334817700655932,0.00437074929465475,0.00449843313704967,0.00394479032351946,0.00317122362290512,0.00239280765065097,0.00164892093390812,0.000919522046024079,0.000171349845607072,-0.000629178626531557,-0.00151322664741627,-0.00250922424200639,-0.00364280476528056,-0.00493645045507751,-0.0064087647703972,-0.00807342466371663,-0.0099379192013751,-0.0120022143127529,-0.0142575068752551,-0.0166852403945845,-0.0192565434235052,-0.0219322189364186,-0.0246633624409833,-0.0273926276352578,-0.0300561011316935,-0.0325856999021499,-0.0349119697221387,-0.0369671387349986,-0.0386882639792308,-0.040020297714576,-0.0409188945918202,-0.0413527827882925,-0.0413055361218907,-0.0407766129816653,-0.0397815720685094,-0.0383514312498507,-0.0365311980464412,-0.0343776607488081,-0.0319565732000422,-0.0293393965236208,-0.0265998981801577,-0.0238107350025414,-0.0210402423231671,-0.0183496527446239,-0.0157909222666273
