0,0,0,0,0,0,0,0,0,0,0,0,0,0,0,0,0,0,0,0,0,0,0,0,0,0,0,0,0,0,0,0,0,0,0,0,0,0,0,0,0,0,0,0,0,0,0,0,0,0,0,-4.87240784135247e-05,-0.00014375013556517,-4.41975936083406e-06,-9.82169701888025e-08,-2.7733807549165e-06,-1.34326066659335e-05,-3.8571146862976e-05,-8.58003532700768e-05,-0.000163968761944322,-0.000283274416810791,-0.000455356981169795,-0.000693353848840068,-0.0010118994318725,-0.00142704142793717,-0.00195604287562355,-0.00261703537526148,-0.00342848868476331,-0.00440846710173795,-0.00557365577515075,-0.00693816188949929,-0.00851212649936039,-0.0103002201013855,-0.0123001332429544,-0.0145012045605342,-0.0168833440423942,-0.019416402751829,-0.0220601104385122,-0.0247646541320102,-0.0274719132539997,-0.0301173104589963,-0.0326321902034511,-0.0349466021227253,-0.0369923424569645,-0.0387060907163962,-0.0400324679312406,-0.0409268371597002,-0.0413576690906357,-0.0413083095338163,-0.040778014463512,-0.0397821624738205,-0.038351610842268,-0.0365312236341364,-0.0343776607761206,-0.0319565689620597,-0.0293393544159876,-0.0265997428579741,-0.0238103444995351,-0.0210394424854691,-0.0183482108848774,-0.0157885399028008
-4.65132034066799e-06,-6.24609552603452e-06,-7.86749987348284e-06,-9.50315604491541e-06,-1.11470244594702e-05,-1.27957924760427e-05,-1.44474876993163e-05,-1.61008643029668e-05,-1.77551004679091e-05,-1.94096298362033e-05,-2.10634579244813e-05,-2.27141789633412e-05,-2.43581102423821e-05,-2.59896774852829e-05,-2.76002366063801e-05,-2.91760374286991e-05,-3.06948409727464e-05,-3.2121588025565e-05,-3.34100651541986e-05,-3.45308997930163e-05,-3.54919162786515e-05,-3.6294305284692e-05,-3.69601903197399e-05,-3.75325372268808e-05,-3.80455375875461e-05,-3.85207091290761e-05,-3.89711640211739e-05,-3.94050904306236e-05,-3.98277915087653e-05,-4.02428255866819e-05,-4.06526552483333e-05,-4.10590297640795e-05,-4.14632188866658e-05,-4.186616084604e-05,-4.2268559027805e-05,-4.26708435458402e-05,-4.30729140449904e-05,-4.34744650975531e-05,-4.38750379749327e-05,-4.42739184035993e-05,-4.4669939170204e-05,-4.50610649181347e-05,-4.5443423799481e-05,-4.58087989057298e-05,-4.61382607485974e-05,-4.6398986845918e-05,-4.65733360252801e-05,-4.66564587358414e-05,-4.66856280488307e-05,-4.66932086671324e-05,-4.66940326679422e-05,-9.54169168397779e-05,-0.00019043315725042,-5.10707673683913e-05,-4.66743566133561e-05,-4.92050854724434e-05,-5.96287531644691e-05,-8.44446278040287e-05,-0.000131285297190475,-0.000209007040254212,-0.000327812671632517,-0.000499353382006001,-0.000736778619055311,-0.00105473186689482,-0.00146926696799296,-0.00199765103999549,-0.00265801842398056,-0.00346884076292701,-0.00444818368529727,-0.00561273330385686,-0.00697659751767653,-0.00854991792246042,-0.0103373654324418,-0.0123366309226813,-0.0145370532906219,-0.0169185427351344,-0.0194509504914638,-0.022094006451149,-0.0247978977618924,-0.0275045039445762,-0.0301492477376486,-0.0326634736690572,-0.0349772314354359,-0.0370223173297377,-0.0387354109079268,-0.0400611332400209,-0.0409548474189938,-0.0413850241642023,-0.0413350093122561,-0.0408040588611209,-0.0398075514258749,-0.0383763443026692,-0.036555301573359,-0.0344010831794188,-0.0319793358269935,-0.0293614657464102,-0.0266211986625443,-0.0238311447922993,-0.021059587286506,-0.0183677002210905,-0.0158073738087716
-3.17218933791984e-05,-4.25536506915604e-05,-5.35770980156191e-05,-6.47035347625266e-05,-7.58894708490724e-05,-8.71109697437439e-05,-9.83537422958295e-05,-0.000109608745376903,-0.0001208700048978,-0.00013213339938582,-0.000143391687121143,-0.00015462735834675,-0.000165813643573788,-0.000176910107293993,-0.000187854247266923,-0.000198547152936407,-0.000208830280731848,-0.000218458220520532,-0.000227123333467504,-0.000234679219535275,-0.000241247112108284,-0.000246796502051085,-0.000251413865009952,-0.000255373868441203,-0.00025891117428195,-0.000262177063981381,-0.000265264807984367,-0.00026823305817594,-0.000271119978886134,-0.000273951263747382,-0.000276744738852575,-0.000279513090920132,-0.000282265542404973,-0.000285008915469606,-0.000287748328940465,-0.000290486914608724,-0.000293223942075945,-0.000295957189572271,-0.00029868332459282,-0.000301397167844689,-0.000304090277583942,-0.000306747986869315,-0.000309342544843097,-0.000311815587842522,-0.000314035406912173,-0.000315792018224204,-0.000317006324846528,-0.000317602775074215,-0.000317814157221629,-0.000317869277119248,-0.000317875276108972,-0.000366590658537602,-0.000461545284097337,-0.000321982307457397,-0.00031711839883198,-0.000318753290925275,-0.000327735012148268,-0.000350619791685713,-0.000395194439939505,-0.000470348066100927,-0.000586285455020822,-0.000754712371747335,-0.000988845402315298,-0.00130338101301761,-0.00171440967235726,-0.00223922307820738,-0.00289597220003579,-0.00370314017213328,-0.00467880076510961,-0.00583964600547676,-0.00719978818765005,-0.00876937224295407,-0.0105530716645965,-0.0125485793548554,-0.0147452358282302,-0.0171229525903748,-0.0196515819448735,-0.0222908546657267,-0.0249909586363125,-0.0276937739959082,-0.0303347240066492,-0.0328451536429442,-0.0351551129843609,-0.0371963986541,-0.0389056904943539,-0.0402276098243398,-0.0411175199548856,-0.0415438917965128,-0.0414900713541494,-0.0409553147744238,-0.039955000804091,-0.0385199868562325,-0.0366951371167841,-0.0345371116200577,-0.0321115571494984,-0.0294898799750183,-0.0267458058516539,-0.0239519450301071,-0.0211765806991744,-0.0184808869775148,-0.0159167541261088
-5.2430329033047e-05,-6.99203794775579e-05,-8.7820613976789e-05,-0.000105944717834525,-0.000124199505385306,-0.000142532962526695,-0.000160913715595779,-0.000179321755304872,-0.000197743787209558,-0.000216170601184289,-0.000234585973473545,-0.00025295075293725,-0.000271205380371964,-0.000289260618536495,-0.000306980285685866,-0.000324153345030431,-0.000340454085976793,-0.000355418476393384,-0.000368607840773249,-0.000380279603624759,-0.000391262752274779,-0.000401149083182722,-0.000409485009167673,-0.000416554471059377,-0.000422758992899405,-0.000428390580181758,-0.000433639009995145,-0.000438627237200682,-0.000443436835699964,-0.000448123478598298,-0.000452726181014962,-0.000457272920432772,-0.000461784152099608,-0.00046627507372827,-0.000470757125784607,-0.000475237322296447,-0.000479714030208292,-0.000484182292186323,-0.000488634710946227,-0.000493059873792499,-0.000497439369705585,-0.000501741678550175,-0.000505908476772894,-0.000509821770812519,-0.00051323969452244,-0.000515943595935452,-0.000518184470753598,-0.000519444025678251,-0.00051990869241397,-0.000520031472940547,-0.000520044901355478,-0.00056874950106186,-0.000663615987158716,-0.000523769019902226,-0.000518256840574359,-0.000518701112665342,-0.000525930122330797,-0.000546850992595379,-0.00058964876631327,-0.00066312573933601,-0.00077725218761961,-0.000943661119830571,-0.00117559289693379,-0.00148778618975968,-0.001896367385255,-0.00241865467231164,-0.00307281793784728,-0.00387735386697098,-0.00485034608776135,-0.00600849393623809,-0.00736591523343815,-0.00893275916671992,-0.010713702562299,-0.0127064409723207,-0.0149003170466427,-0.0172752440324802,-0.0198010756691054,-0.0224375439254224,-0.0251348376878473,-0.0278348379441096,-0.0304729686789896,-0.0329805754862127,-0.0352877089790854,-0.0373261662431271,-0.0390326275228233,-0.0403517144889138,-0.0412387907605444,-0.0416623275195943,-0.0416056710105646,-0.0410680775921987,-0.0400649261995385,-0.0386270744131947,-0.0367993865684779,-0.0346385228331434,-0.0322101301018823,-0.0295856147015751,-0.0268387024306424,-0.0240420035883065,-0.0212638014177853,-0.018565270098887,-0.015998299961485
-6.67766273022513e-05,-8.83462818840828e-05,-0.000110598047757061,-0.000133226705260989,-0.000156077128068259,-0.000179061770825001,-0.00020212740759929,-0.000225239894087013,-0.00024837644740333,-0.000271521235231775,-0.000294646316981862,-0.000317684362735038,-0.000340533320637115,-0.000363041211213018,-0.000384978351863441,-0.00040599461371102,-0.00042556625670785,-0.000443002355644399,-0.000457863587071722,-0.000471332052061778,-0.000485538836778442,-0.000499352048679901,-0.000511173622793213,-0.000521074345081722,-0.000529588993440243,-0.000537161257730524,-0.000544093770053849,-0.000550587627505201,-0.000556778361950601,-0.000562759470139797,-0.000568596981735846,-0.000574338518302366,-0.00058001904797095,-0.0005856646356224,-0.00059129494956058,-0.000596922066609383,-0.000602543178442406,-0.000608149772940068,-0.000613729197035531,-0.000619262036247422,-0.000624717215535503,-0.000630042139961116,-0.000635141219589265,-0.000639827347816118,-0.000643751123579798,-0.000646853719980051,-0.000650107773746886,-0.000652180210548323,-0.000652969233626261,-0.000653179796131417,-0.000653202908407862,-0.000701893444412961,-0.00079664526643494,-0.000656430904703381,-0.000650089681840969,-0.000649048550693069,-0.000654214083712369,-0.000673138230533391,-0.000714648276312173,-0.000787340059959934,-0.000900712869429249,-0.00106619962625607,-0.00129702110291115,-0.00160794739712136,-0.00201514010668667,-0.00253594582230939,-0.00318855563741448,-0.00399148184744098,-0.00496281965325247,-0.0061192770961406,-0.00747497865504171,-0.00904007869375909,-0.01081925812555,-0.0128102157750781,-0.0150022969458597,-0.0173754170614503,-0.0198994316641595,-0.0225340742302361,-0.0252295349164973,-0.0279276957891812,-0.0305639817546703,-0.0330697391988628,-0.0353750194196095,-0.0374116200968191,-0.0391162219933362,-0.0404334472337427,-0.0413186598359701,-0.0417403313334466,-0.0416818082815027,-0.0411423473144457,-0.0401373276122172,-0.0386976069735562,-0.0368680499284401,-0.0347053168186729,-0.0322750546841307,-0.0296486699260749,-0.0268998883995097,-0.0241013204669034,-0.0213212494423415,-0.0186208495852043,-0.0160520113148972
-0.000103542178269262,-0.000136833643929983,-0.000171217579805886,-0.000206205915360031,-0.00024155017268122,-0.000277109963914807,-0.000312799866499814,-0.000348565049639921,-0.000384368911558856,-0.000420186008992429,-0.000455971431762096,-0.000491616972952603,-0.000526958683990984,-0.000561752556212651,-0.000595630192094815,-0.000628030960470245,-0.00065811902622488,-0.000684801279364385,-0.000707422536528881,-0.00072800192044759,-0.00075007820083263,-0.000771762905658354,-0.000790355720788757,-0.000805903013091041,-0.000819239093087461,-0.000831067581002029,-0.000841871010054071,-0.000851970895123894,-0.000861584284069316,-0.000870861074254776,-0.000879907210812116,-0.000888799147563399,-0.000897593048473372,-0.000906330791293519,-0.000915043984220906,-0.0009237520384388,-0.000932450440661906,-0.00094112551307047,-0.000949756931767231,-0.000958313529739251,-0.000966745460608424,-0.000974968458404508,-0.000982829659649197,-0.000990030914850183,-0.000996021438051536,-0.00100075788855644,-0.00100589072953553,-0.0010092062530204,-0.0010104726759619,-0.00101081097910673,-0.00101084812623274,-0.00105951829103502,-0.00115410365087225,-0.00101335332158535,-0.00100579042568239,-0.00100251248945554,-0.0010044081575787,-0.00101972715141149,-0.00105807198513911,-0.00112785712812011,-0.0012381080798049,-0.00140010072158614,-0.00162709132193271,-0.00193392531558298,-0.00233682999242604,-0.00285320084614595,-0.00350126406431784,-0.00429955715895323,-0.00526619371499577,-0.00641789542895688,-0.0077687971184407,-0.00932906111819075,-0.0111033745898989,-0.0130894413302815,-0.0152766106525968,-0.0176448012529205,-0.0201638713729873,-0.022793556736991,-0.0254840493896847,-0.0281772329950079,-0.0308085338206988,-0.033309299419794,-0.0356095820963477,-0.0376411804020995,-0.0393407758587442,-0.0406529912541099,-0.0415331911879941,-0.0419498477060428,-0.0418863078158932,-0.0413418285523866,-0.040331789451058,-0.0388870486270777,-0.0370524708926027,-0.0348847168415469,-0.0324494337239617,-0.029818028048763,-0.0270642257529107,-0.0242606372905438,-0.0214755460785264,-0.0187701264917329,-0.0161962690796789
-0.000144972764763308,-0.000191584913197238,-0.000239726735487811,-0.000288714838098831,-0.000338201302873333,-0.000387989558769769,-0.000437959997001493,-0.000488035843348746,-0.000538165847880846,-0.000588314384837729,-0.000638418570791998,-0.000688326893980332,-0.000737809793062187,-0.000786525606582924,-0.000833958504262751,-0.000879323492116455,-0.00092145024195303,-0.000958808210656748,-0.000990480107703522,-0.00101929335135238,-0.00105020316498997,-0.00108056516612094,-0.00110659810458419,-0.0011283667710998,-0.00114703932128712,-0.00116360094850851,-0.00117872729021761,-0.00119286852957673,-0.00120632857637287,-0.00121931731679369,-0.00123198309530617,-0.00124443296270704,-0.00125674555994198,-0.0012689795243865,-0.00128117911396475,-0.00129337150829924,-0.00130555038786951,-0.0013176966009408,-0.00132978168993119,-0.00134176201472959,-0.00135356778042057,-0.00136508099796038,-0.00137608762877805,-0.00138617020775311,-0.00139455754324331,-0.00140118904998225,-0.00140837588471736,-0.00141301826450369,-0.00141479151186546,-0.00141526520511955,-0.00141531721868264,-0.00146396580702426,-0.00155837479806106,-0.0014170561991703,-0.00140819610924294,-0.00140253575628019,-0.00140092434141212,-0.00141231384215506,-0.00144710371663711,-0.00151353466405912,-0.00162016282946142,-0.00177811844532572,-0.002000705324537,-0.00230285334014652,-0.00270086164878895,-0.0032121787496368,-0.00385506868245252,-0.00464809607351873,-0.00560939423203043,-0.0067556994804962,-0.00810115769508735,-0.00965593972674219,-0.0114247394064198,-0.0134052658331719,-0.0155868725930758,-0.0179494818670549,-0.0204629547696455,-0.0230870294160392,-0.0257718998580673,-0.0284594514574235,-0.0310851119278628,-0.0335802300616782,-0.0358748592309408,-0.0379007989124934,-0.0395947314330262,-0.0409012802837667,-0.041775810681463,-0.0421867952147515,-0.0421175813706605,-0.0415674266084751,-0.0405517108404979,-0.0391012925171271,-0.0372610367494254,-0.0350876043983206,-0.0326466429364778,-0.0300095589868131,-0.0272500785730939,-0.0244408122465511,-0.0216500435329305,-0.0189389469294844,-0.0163594131235841
-0.000186511834696585,-0.000246478324454333,-0.000308413112592477,-0.000371436853698422,-0.000435101865984939,-0.000499155211287391,-0.000563442982140321,-0.000627866388470668,-0.000692359483722485,-0.000756876425885686,-0.000821336298639617,-0.000885544141784587,-0.000949204564119244,-0.00101187792944094,-0.00107290049143829,-0.00113126216518566,-0.00118545706527515,-0.00123351589732088,-0.00127425878373043,-0.00131132503167337,-0.0013510918861559,-0.00139015601682009,-0.00142365064298808,-0.00145165852462133,-0.00147568257702237,-0.00149699042808256,-0.00151645143045951,-0.00153464484944193,-0.00155196173888676,-0.00156867216993826,-0.0015849670256674,-0.00160098405468943,-0.00161682444920014,-0.00163256366168191,-0.00164825864172161,-0.00166394436315709,-0.0016796126942439,-0.00169523899119834,-0.00171078663586901,-0.0017261994739512,-0.00174138769657292,-0.00175619948179008,-0.00177035941891665,-0.00178333035111265,-0.00179412003243302,-0.00180265096765171,-0.00181189786599665,-0.00181787138591612,-0.00182015312574928,-0.00182076265730659,-0.00182082958662347,-0.00186945652690772,-0.00196368856457783,-0.00182179981729642,-0.00181163826663618,-0.00180358774596824,-0.00179845812020127,-0.00180590638182888,-0.00183713185865556,-0.00190020068964582,-0.00200319772990617,-0.00215710683884835,-0.00237527941568752,-0.00267272999789603,-0.00306582982068414,-0.00357208055051761,-0.0042097841970124,-0.00499753258596901,-0.00595347881334347,-0.00709437387428036,-0.00843437473895181,-0.00998366080189181,-0.0117469325848625,-0.0137219045064241,-0.0158979344393522,-0.0182549480607616,-0.0207628093673643,-0.0233812588731677,-0.0260604926436537,-0.0287423977438405,-0.0313624033382491,-0.0338518594625055,-0.0361408205602153,-0.0381610870363753,-0.0398493420253274,-0.0411502097240209,-0.042019055968195,-0.0424243538912733,-0.0423494514612612,-0.0417936065632941,-0.0407721994876906,-0.0393160890211913,-0.0374701405747464,-0.0352910152771992,-0.0328443608245477,-0.030201583954111,-0.0274364107767287,-0.0246214519410539,-0.0218249910820851,-0.019108202819845,-0.0165229779800226
-0.000228347424985523,-0.00030176317810783,-0.000377589076983266,-0.000454748386505184,-0.000532692928160371,-0.000611112982049789,-0.00068982008956661,-0.000768693282649704,-0.000847651809845196,-0.000926639537607579,-0.00100555738381477,-0.00108416661964052,-0.00116210553904824,-0.00123883580967943,-0.00131354468098774,-0.00138499532356929,-0.00145134383687225,-0.00151017898584365,-0.00156005650001026,-0.00160543386203753,-0.00165412110752897,-0.00170195018883922,-0.0017429604593457,-0.00177725260933438,-0.00180666671686543,-0.00183275490173877,-0.00185658164964514,-0.00187885625501167,-0.00190005755601603,-0.00192051625136571,-0.00194046607578295,-0.00196007570172479,-0.00197946903874088,-0.00199873847830885,-0.00201795375520594,-0.00203715769493018,-0.00205634034015799,-0.00207547151458921,-0.00209450637939206,-0.00211337617393308,-0.0021319709281333,-0.00215010473848064,-0.00216744037183029,-0.00218332010405244,-0.0021965290331652,-0.00220697275953657,-0.00221829465688394,-0.00222560908823271,-0.00222840306369611,-0.00222914943436534,-0.00222923138936436,-0.00227783652203942,-0.00237189030237458,-0.00222942720684979,-0.00221795461589228,-0.0022074963627111,-0.00219882276521837,-0.0022023011694093,-0.00222993676145661,-0.00228961976261293,-0.00238896013890744,-0.00253879421785179,-0.00275252129722232,-0.00304524118494533,-0.00343339771718963,-0.00393454611489349,-0.00456702663473683,-0.00534945850093548,-0.0063000147410634,-0.0074354611304111,-0.00876996581449901,-0.01031371679414,-0.0120714213310155,-0.0140407992022604,-0.0162112125988414,-0.0185625907197616,-0.0210648004650978,-0.0236775847653133,-0.0263511417143545,-0.029027360093095,-0.0316416705274993,-0.0341254243056788,-0.036408676950661,-0.038423229802432,-0.0401057668089321,-0.0414009128780307,-0.0422640344690186,-0.0426636052641186,-0.0425829737158575,-0.0420213981383589,-0.040994259202743,-0.0395324160345661,-0.0376807343468913,-0.0354958755384333,-0.0330434875301859,-0.0303949771746943,-0.0276240706705325,-0.0248033787644857,-0.0220011852016089,-0.0192786647256016,-0.016687708301485
-0.000270770249865179,-0.000357827135238566,-0.000447741518087785,-0.000539236799691978,-0.00063166305339707,-0.000724653073601803,-0.000817983423543816,-0.000911510683705805,-0.00100513911548738,-0.00109880216727165,-0.00119238236794472,-0.00128559668200076,-0.00137801627218236,-0.00146900289205748,-0.00155759294103587,-0.00164232001791755,-0.00172099793823049,-0.00179076775944717,-0.00184991658537163,-0.00190372782621907,-0.00196145972168284,-0.00201817144670817,-0.00206679759274224,-0.00210745830289098,-0.00214233544844934,-0.00217326932081158,-0.00220152201151947,-0.0022279344748927,-0.00225307442740034,-0.00227733394762201,-0.00230099015203781,-0.00232424301863311,-0.00234723945423263,-0.00237008899776483,-0.00239287432638712,-0.00241564621373398,-0.00243839285446041,-0.00246107847169639,-0.00248364990465881,-0.00250602563075176,-0.00252807526901384,-0.00254957841036968,-0.00257013522453088,-0.00258896588861705,-0.00260462989993784,-0.00261701475743277,-0.00263043903216109,-0.00263911115106904,-0.00264242369059064,-0.00264330858438794,-0.00264340574972288,-0.00269198880684235,-0.00278586213792169,-0.002642817619837,-0.0026300177847565,-0.00261712182543389,-0.00260485942543844,-0.0026043159302598,-0.00262831157576529,-0.002684559042982,-0.00278018852856692,-0.00292588762355621,-0.00313510440532038,-0.00342302513648803,-0.00380616721349817,-0.00430214010532995,-0.0049293228057047,-0.00570636228582531,-0.00665145175720316,-0.00778137196166497,-0.00911030236057114,-0.0106484396689236,-0.0124004979726374,-0.0143642024743246,-0.0165289197369603,-0.0188745825252581,-0.0213710606787354,-0.023978099574297,-0.0266458993594959,-0.0293163505523063,-0.0319248852582136,-0.0344028560332942,-0.0366803194933269,-0.0386890779248242,-0.040365816099359,-0.0416551596444835,-0.0425124756507185,-0.0429062383558442,-0.0428197967028712,-0.0422524094401893,-0.0412194576244015,-0.0397518007240493,-0.0378943047580126,-0.0357036313982079,-0.0332454287933699,-0.0305911039127022,-0.0278143830435728,-0.0249878770321331,-0.0221798697348183,-0.0194515360205382,-0.016854766995365
-0.000314191962851496,-0.000415220880449891,-0.000519562985636359,-0.000625738043713412,-0.000732992485031248,-0.000840900557482249,-0.000949203204917301,-0.00105773414675269,-0.00116638238477301,-0.0012750707603692,-0.00138366308047952,-0.00149183119974486,-0.00159907792907754,-0.00170466328216971,-0.00180747002946762,-0.00190579791059741,-0.00199711189467856,-0.00207809616342099,-0.00214676122888428,-0.00220922413454145,-0.00227621064396286,-0.00234199737077515,-0.00239840215676889,-0.00244556905364491,-0.00248602945234948,-0.00252191761448258,-0.00255469705281736,-0.00258534286999341,-0.00261451331864337,-0.00264266299196788,-0.00267011318509082,-0.00269709575386018,-0.00272378102132133,-0.00275029598539603,-0.00277673650029867,-0.00280316143173826,-0.00282955709284711,-0.00285588200453054,-0.00288207453252539,-0.00290804015884193,-0.0029336277158656,-0.0029585816476171,-0.00298243834562573,-0.00300429351951232,-0.00302247632229774,-0.0030368527061133,-0.00305242336253703,-0.0030624787011913,-0.00306631930419394,-0.0030673452379936,-0.00306745788920611,-0.00311601847102592,-0.00320970807990949,-0.00306607155605043,-0.00305192014282607,-0.00303654110570746,-0.00302062086282852,-0.00301597235104483,-0.00303624337706311,-0.00308896756518259,-0.0031807896631685,-0.00332224774862103,-0.00352684048357453,-0.0038098425811778,-0.00418784654216427,-0.00467851717791406,-0.00530027298380473,-0.00607178921806452,-0.00701127966502649,-0.00813554031915863,-0.00945876217259481,-0.0109911508191465,-0.0127374272972764,-0.0146953223366624,-0.0168542069538518,-0.0191940175455695,-0.0216846269452666,-0.0242857830215227,-0.0269476880133722,-0.0296122342078586,-0.0322148552171592,-0.0346869048885602,-0.036958440950592,-0.0389612666535881,-0.0406320676077847,-0.0419154701735328,-0.0427668420840758,-0.0431546581428532,-0.0430622677922722,-0.0424889302228712,-0.0414500268837298,-0.039976417592592,-0.0381129686796929,-0.0359163420950972,-0.033452186219414,-0.0307919081406001,-0.028009234236447,-0.0251767754542406,-0.0223628157638406,-0.0196285301616342,-0.0170258098972978
-0.000359163383065982,-0.000474682737379541,-0.000593982767042942,-0.000715374233205973,-0.000837997243367146,-0.000961366005034854,-0.00108518494246171,-0.00120926434027165,-0.00133347755964108,-0.00145773657112389,-0.00158188599505032,-0.00170555145469405,-0.00182816570225275,-0.00194888445223827,-0.00206643293587709,-0.00217887096215376,-0.00228330524916737,-0.0023759495914588,-0.00245452469923125,-0.00252598711227926,-0.00260255242335788,-0.00267770387000741,-0.00274213122272897,-0.00279601142877461,-0.00284223721897867,-0.00288324530938636,-0.00292070611881789,-0.00295573244152705,-0.00298907541277241,-0.00302125373976509,-0.00305263401606982,-0.00308348077783984,-0.00311398835072556,-0.00314430162713792,-0.00317452996608194,-0.0032047405262337,-0.00323491769242257,-0.00326501414129555,-0.00329495955306884,-0.00332464608699958,-0.0033539012602224,-0.00338243346364238,-0.00340971363025537,-0.00343470958985452,-0.00345551308673613,-0.00347196161453497,-0.00348974406972753,-0.00350121890046889,-0.00350560089829206,-0.00350677139043792,-0.00350689991215652,-0.00355543746078442,-0.00364893877605807,-0.00350469543925297,-0.00348915828415125,-0.0034712320178747,-0.00345155484248391,-0.00344267837258186,-0.00345909395085574,-0.00350815517419696,-0.00359601544440068,-0.00373306353411834,-0.00393285183110623,-0.00421074657473288,-0.00458341766792618,-0.00506858686736573,-0.00568471327981094,-0.0064505012295703,-0.00738418563231755,-0.00850257814463821,-0.00981988159616935,-0.0113463106938867,-0.0130865936110716,-0.0150384667485089,-0.0171913056917627,-0.0195250505632719,-0.0220095772673269,-0.0246046362279375,-0.0272604318289456,-0.0299188581714244,-0.0325153504124232,-0.034981263723069,-0.0372466569726965,-0.0392433343997078,-0.0409079824740552,-0.0421852283072508,-0.0430304402913395,-0.0434120938095509,-0.0433135388161446,-0.0427340349548242,-0.0416889640769141,-0.0402091863580434,-0.0383395684475332,-0.0361367725805043,-0.0336664473751902,-0.0310000000412539,-0.0282111570491406,-0.0253725294497943,-0.0225524013293153,-0.0198119478147366,-0.0172030603029191
-0.000406391246597796,-0.000537161291855433,-0.000672195449234376,-0.000809588182139137,-0.00094836965367095,-0.00108799201970668,-0.00122812197625331,-0.00136854560441462,-0.00150912011503993,-0.00164974625524373,-0.00179024883818684,-0.00193020575721079,-0.00206897742208791,-0.0022056118166149,-0.00233867137206965,-0.00246596775247199,-0.00258423656945506,-0.00268920232612578,-0.00277827577758566,-0.00285925492303313,-0.00294586938721358,-0.00303079799439916,-0.00310359381122183,-0.00316448200412488,-0.00321673367465478,-0.00326309979432102,-0.00330546520526359,-0.00334508521010676,-0.00338280699982471,-0.00341921555058064,-0.0034547242591173,-0.00348963141802685,-0.00352415614075518,-0.00355846179667687,-0.00359267168755551,-0.00362686153335137,-0.00366101372808202,-0.0036950749142463,-0.00372896580266873,-0.00376256479074951,-0.00379567736939873,-0.0038279746527308,-0.0038588598325137,-0.00388716817361099,-0.00391074404369899,-0.00392938472383851,-0.00394947114965801,-0.00396241468333629,-0.00396735596936588,-0.00396867572573528,-0.00396882063175033,-0.00401733440208124,-0.00411064131395202,-0.00396577134380068,-0.00394880257569107,-0.00392824240635974,-0.0039046726760386,-0.0038913957243494,-0.00390376594155396,-0.00394895697521218,-0.00403262543961454,-0.00416501263179713,-0.00435972960631727,-0.00463223858481093,-0.00499929011297549,-0.00547866512424655,-0.00608886487,-0.00684862381153508,-0.00777619876073908,-0.00888841759541251,-0.010199495400472,-0.0117196563145751,-0.0134536358930961,-0.015399176403007,-0.0175456581550172,-0.0198730251238239,-0.0223511563882975,-0.0249398050137811,-0.027589177600703,-0.0302411701246272,-0.032831219338776,-0.0352906817819296,-0.0375496175018653,-0.039539831757561,-0.0411980119068986,-0.042468785837144,-0.0433075226206684,-0.0436826982393959,-0.0435776631761026,-0.0429916775423849,-0.0419401236048667,-0.0404538619086627,-0.0385777594325178,-0.0363684787058298,-0.0338916685921246,-0.0312187364267146,-0.0284234087756946,-0.0255782967970245,-0.022751684696816,-0.020004747736971,-0.0173893774663313
-0.000456751433088828,-0.000603833252603888,-0.00075568346677295,-0.000910170666989293,-0.00106621033997692,-0.00122318997063981,-0.00138073695645559,-0.0015386121780656,-0.00169665603583144,-0.0018547575972004,-0.00201272106569873,-0.00217007466602195,-0.00232610350763536,-0.00247974339065954,-0.00262938709940634,-0.00277258740931271,-0.00290569186261564,-0.0030239102384656,-0.00312431439325762,-0.00321553958783894,-0.00331285436243342,-0.00340812276624647,-0.0034897574477155,-0.00355805542133282,-0.00361668961148042,-0.00366874104518506,-0.00371631892938653,-0.00376082740092604,-0.00380321385488416,-0.00384413234472511,-0.00388404502678568,-0.00392328534679301,-0.00396209822371068,-0.00400066625808155,-0.00403912726109067,-0.00407756586097594,-0.00411596238007376,-0.00415425718095105,-0.00419236163716994,-0.00423013981426348,-0.0042673742517705,-0.00430369718924443,-0.00433844108114038,-0.00437030242213204,-0.00439686470129823,-0.0044178668903887,-0.00444038199509575,-0.00445485875002198,-0.00446038256506458,-0.00446185767907732,-0.00446201963391462,-0.00451050866239715,-0.00460361326484689,-0.00445809097916681,-0.00443963099963125,-0.00441632370017498,-0.0043886822643446,-0.00437077216799549,-0.00437883400169569,-0.00441986314266329,-0.00449901517579149,-0.00462638806868752,-0.00481565878883856,-0.00508239170239927,-0.00544342238543815,-0.00591659393790899,-0.00652045179723246,-0.00727376198150466,-0.00819480420967766,-0.00930042331780079,-0.0106048471956405,-0.0121183098317785,-0.013845554487854,-0.0157843295524105,-0.0179240202654224,-0.0202445746191054,-0.0227158750022389,-0.0252976772334531,-0.0279401902232257,-0.0305853119002753,-0.0331684806806914,-0.0356210545278287,-0.0378730947167766,-0.0398564075692725,-0.0415076813677188,-0.0427715448070186,-0.0436033676677582,-0.0439716265550476,-0.043859672501752,-0.0432667661064269,-0.0422082900678898,-0.0407151053157498,-0.0388320791715418,-0.0366158744708537,-0.0341321403324514,-0.0314522842223782,-0.0286500328062553,-0.0257979973533812,-0.0229644621947648,-0.0202106027326683,-0.0175883106740941
-0.000511295936150583,-0.000676112858253818,-0.000846228974799098,-0.001019274780912,-0.00119404506913993,-0.00136985933169721,-0.00154630368033322,-0.00172311253556255,-0.00190010865409637,-0.0020771688484157,-0.00225407570103142,-0.00243030532358183,-0.00260506379204035,-0.00277716909344861,-0.00294483568679284,-0.00310534378434647,-0.00325463110575582,-0.0033873595641011,-0.00350022245873392,-0.00360267959221916,-0.00371156270826517,-0.00381791233462905,-0.00390900423528343,-0.00398524125899422,-0.00405072928680504,-0.00410889991010457,-0.00416209947369095,-0.00421188902851685,-0.00425932145199084,-0.00430512343832984,-0.00434980838090696,-0.00439374664454472,-0.00443721023901665,-0.00448040194768298,-0.00452347480568628,-0.00456652278690014,-0.00460952404001549,-0.00465241233763987,-0.00469508925155973,-0.00473740379461423,-0.00477911438260916,-0.00481981234981245,-0.00485875558845002,-0.00489449384032164,-0.00492433202359177,-0.00494792479732646,-0.00497303184203886,-0.00498912410655382,-0.00499525985488802,-0.00499689801529375,-0.00499707785662584,-0.00504554092881651,-0.00513843325173708,-0.00499222622497523,-0.00497219960948746,-0.00494600121041194,-0.00491405811631333,-0.004891211088337,-0.00489461380565174,-0.0049310872316261,-0.00500528365774021,-0.00512716491162186,-0.00531048395110679,-0.00557091549458016,-0.00592538589577037,-0.00639180430419527,-0.00698876298102479,-0.00773506132917639,-0.00864900327269737,-0.00974745155029248,-0.0110446475595244,-0.0125508356730352,-0.0142707672721654,-0.0162021971923401,-0.0183345158625249,-0.0206476755025185,-0.0231115619828724,-0.0256859340175655,-0.0283210029456292,-0.0309586687486081,-0.0335343715899104,-0.0359794709294965,-0.0382240293315819,-0.040199854233989,-0.0418436348898814,-0.0431000008420673,-0.0439243226145646,-0.0442850774665784,-0.0441656170082866,-0.0435652023492533,-0.0424992166417968,-0.040998521218943,-0.0391079837618625,-0.0368842674273682,-0.0343930216019809,-0.0317056538888729,-0.0288958910580784,-0.0260363444957255,-0.0231952986638406,-0.0204339291119696,-0.0178041277130798
-0.000571250184624869,-0.000755648245190251,-0.000945909256047675,-0.00113941037625751,-0.00133481822685895,-0.00153138018985768,-0.00172863863235979,-0.00192629995814931,-0.00212416825174401,-0.00232210736096653,-0.00251987700021629,-0.00271689815293748,-0.00291229325281601,-0.00310475551426675,-0.0032923103183894,-0.00347194831097349,-0.00363917017025227,-0.00378804792544058,-0.00391484405393071,-0.00402981935576946,-0.00415139124324032,-0.00426977050073536,-0.00437110905608766,-0.00445596194893192,-0.00452890807437314,-0.00459375550671628,-0.00465310373609284,-0.00470868080395436,-0.00476165163113147,-0.00481281997191327,-0.00486275352391603,-0.00491186175456965,-0.00496044535206946,-0.00500872845719191,-0.0050568802104721,-0.00510500447073885,-0.00515307708726444,-0.00520102486014401,-0.00524873898569307,-0.00529605253267405,-0.00534269834083474,-0.00538822431717766,-0.00543180902368143,-0.00547184543481282,-0.00550533736776036,-0.00553181972469925,-0.00555972645924263,-0.00557753672959679,-0.00558432078798938,-0.00558613148497261,-0.00558633024585326,-0.00563476586422575,-0.00572743360769343,-0.00558050179658354,-0.00555881521388729,-0.00552954685388306,-0.00549301415252268,-0.00546484444107043,-0.00546313521738152,-0.0054945396274883,-0.00556320713859341,-0.00567897438099493,-0.00585568372852691,-0.00610913083915215,-0.00645634016103184,-0.00691529180286982,-0.00750462817059847,-0.00824318434684362,-0.00914929008670415,-0.0102398272124452,-0.0115290515070924,-0.0130272183933908,-0.0147390878873254,-0.0166624216759682,-0.0187866157001397,-0.0210916266681291,-0.0235473441455593,-0.0261135299179405,-0.0287403978997346,-0.0313698502487698,-0.0339373289803249,-0.0363741951400978,-0.0386105126578746,-0.0405780901534968,-0.0422136179080262,-0.0434617263619254,-0.044277786826135,-0.0446302772521169,-0.0445025498609631,-0.0438938663029234,-0.0428196102101022,-0.0413106433422837,-0.0394118337610546,-0.0371798449629867,-0.0346803266177768,-0.0319846864736377,-0.0291666514110341,-0.0262988329396676,-0.0234495156601634,-0.0206798752778952,-0.0180418038414088
-0.000637996841125162,-0.000844299541212286,-0.00105706905078394,-0.00127341060063145,-0.0014918535430082,-0.00171156814997678,-0.00193205006262155,-0.0021529757827339,-0.00237412947795816,-0.00259536117315227,-0.00281640620691167,-0.0030366267882665,-0.00325505613116469,-0.00347025424527501,-0.00368004438235424,-0.00388110692248941,-0.00406847219701896,-0.00423557039262252,-0.00437816658771674,-0.00450728619289817,-0.00464295190488107,-0.00477454184216486,-0.00488710863213562,-0.00498142003383635,-0.00506257806514892,-0.00513479925277267,-0.00520095584416791,-0.00526295516754117,-0.0053220821724009,-0.00537922304146202,-0.00543500349718816,-0.00548987475542062,-0.00554416810492704,-0.00559813046511166,-0.00565194814789388,-0.00570573554910372,-0.00575946606649713,-0.00581305906489067,-0.00586639467062525,-0.00591928892815892,-0.005971447338592,-0.00602237131456636,-0.00607115427139391,-0.00611602013641025,-0.00615364366777627,-0.00618339375251396,-0.00621435782893717,-0.00623401105708341,-0.00624148752408847,-0.0062434822404759,-0.00624370116998027,-0.00629210752403973,-0.00638453581170245,-0.00623683074442491,-0.00621337102981234,-0.00618081512363004,-0.00613934025731615,-0.00610537024981319,-0.00609798112485489,-0.00612366804207354,-0.00618608149853086,-0.00629494825073203,-0.00646421732719329,-0.00670981859563764,-0.00704888367620823,-0.00749946969490306,-0.00808027328650859,-0.00881016802893519,-0.00970751149966075,-0.010789206048703,-0.0120695229165985,-0.0135587293888896,-0.0152615947439467,-0.0171758880135015,-0.0192910110431848,-0.0215869253471059,-0.0240335244452181,-0.0265905734085855,-0.0292082889054241,-0.0318285754196686,-0.0343868769452821,-0.0368145562217715,-0.0390416786371491,-0.0410000540731524,-0.0426263739079532,-0.0438652695399053,-0.0446721131195176,-0.045015383336694,-0.0448784330640969,-0.0442605245285627,-0.0431770418737742,-0.0416588473145063,-0.0397508093178777,-0.0375095917426205,-0.0350008445602817,-0.0322959756736461,-0.0294687120809017,-0.0265916654234714,-0.0237331204497521,-0.0209542530312454,-0.018306955403756
-0.000713042141910426,-0.000944093365449198,-0.00118226309169053,-0.0014243624024849,-0.0016687725319319,-0.00191458068874074,-0.0021612322420379,-0.00240837155133181,-0.00265576138928842,-0.00290323693902031,-0.00315050737426343,-0.00339687180198515,-0.00364126759280175,-0.00388211152862587,-0.0041170091955605,-0.00434230601076573,-0.00455252206032282,-0.00474038293502871,-0.00490107410468396,-0.00504633491678177,-0.00519780949157188,-0.00534404416562119,-0.0054690296694293,-0.00557382254938901,-0.00566410899640215,-0.00574455252586486,-0.00581832166010541,-0.00588751771317585,-0.00595355518899126,-0.00601740909306791,-0.00607976759944548,-0.00614112681763313,-0.00620185092046887,-0.00626221129352184,-0.00632241268537165,-0.0063825808026075,-0.00644268641094449,-0.00650264089053705,-0.00656231247276106,-0.00662149889351198,-0.00667987621730488,-0.00673689570580924,-0.00679155867653508,-0.00684190527486447,-0.00688424734310538,-0.00691772963814821,-0.00695206293195266,-0.00697370837012595,-0.00698192968782192,-0.00698412205838209,-0.00698436263882925,-0.00703273758017103,-0.00712490875360467,-0.00697637285488081,-0.00695100541211609,-0.00691490249308114,-0.00686806291118287,-0.00682771521660637,-0.00681395283043703,-0.00683312634754156,-0.00688839497822401,-0.00698939576990814,-0.00715020581486109,-0.00738690538234658,-0.00771674425544632,-0.00815786388207016,-0.00872902003750747,-0.00944912817489912,-0.0103365760812742,-0.0114082883637419,-0.0126785530028495,-0.0141576501183688,-0.0158503590008574,-0.0177544566151947,-0.0198593511805928,-0.0221450093953308,-0.0245813290426475,-0.0271280787340913,-0.0297354781039535,-0.032345434140587,-0.0348933929675199,-0.0373107191465999,-0.0395274796342339,-0.0414754856690059,-0.0430914298084421,-0.0443199444803561,-0.0451164027373595,-0.0454492840626489,-0.0453019420287303,-0.0446736394816504,-0.0435797611144128,-0.0420511696302781,-0.0401327339317205,-0.0378811182662243,-0.0353619729293013,-0.0326467059896534,-0.0298090445718343,-0.0269216004586644,-0.024052658557188,-0.0212633949172866,-0.0186057019758523
-0.000797961488239954,-0.00105714928786388,-0.00132416322790628,-0.00159549421497022,-0.00186936267742913,-0.00214476580645224,-0.00242109456073043,-0.00269795854452251,-0.00297509741235827,-0.0032523303183448,-0.00352933818688907,-0.00380535197981524,-0.00407920550256427,-0.00434916061638732,-0.0046125870977308,-0.00486546650937839,-0.00510176188125644,-0.00531342014905294,-0.00549494863239392,-0.00565873513194319,-0.00582805786119766,-0.00599063614497803,-0.00612944952072415,-0.00624593559790053,-0.00634643723825922,-0.00643611036171315,-0.00651844737734037,-0.00659576080421245,-0.00666960584250493,-0.00674105379155199,-0.0068108604447898,-0.00687957047489884,-0.00694758360160777,-0.00701519764378839,-0.00708263726118174,-0.00715004037268414,-0.00721737490159876,-0.00728454360309778,-0.00735140185162271,-0.00741772757609129,-0.00748316495456269,-0.00754711082260214,-0.00760846625865173,-0.00766507031784249,-0.00771283189373936,-0.00775060113107354,-0.00778867229323782,-0.00781248468252663,-0.00782151205027387,-0.00782391796894956,-0.00782418192754691,-0.00787252295298084,-0.00796441643291237,-0.00781498257087264,-0.00778755030991265,-0.00774759697086615,-0.00769489674108369,-0.00764748947734573,-0.00762652930043477,-0.00763823938756185,-0.00768529928726514,-0.00777728153528121,-0.00792841705116427,-0.00815495575370668,-0.00847427858327304,-0.00890461992012623,-0.009464800458929,-0.0101737814995585,-0.011049983840772,-0.0121103563750947,-0.0133692053262851,-0.014836824786259,-0.0165180049355951,-0.0184105313609631,-0.0205038192034689,-0.0227778407879287,-0.0252024985219685,-0.0277375648554796,-0.0303332626368213,-0.0329315015669803,-0.0354677300751831,-0.0378733146956309,-0.0400783240816729,-0.0420145709395075,-0.0436187491019459,-0.0448354921097242,-0.0456201739904719,-0.0459412750846233,-0.0457821497208042,-0.0451420614139484,-0.0440363954503612,-0.0424960150608397,-0.0405657896179434,-0.0383023837888898,-0.035771448218949,-0.0330443911559454,-0.0301949398608453,-0.0272957062691659,-0.0244149754592617,-0.0216139236736799,-0.0189444435665116
-0.000894322626025219,-0.00118557599961941,-0.00148542729788625,-0.00179001738302113,-0.00209739133093587,-0.00240644834769062,-0.00271652024251806,-0.00302717887349247,-0.00333813880518918,-0.00364920180442373,-0.00396001816185785,-0.0042697449248102,-0.00457710349730403,-0.0048801874338082,-0.00517610991596292,-0.00546045552015951,-0.00572657644100124,-0.00596555556694334,-0.00617110737124345,-0.00635618858655734,-0.0065457216187543,-0.00672660691647027,-0.00688087592663483,-0.00701045548797435,-0.00712242904206143,-0.00722249723410933,-0.00731450809625134,-0.0074010051160865,-0.00748369696612538,-0.00756375980047732,-0.007642022950683,-0.0077190838536323,-0.00779538082355932,-0.00787124036351733,-0.00794690873130037,-0.00802253708940547,-0.00809809027805889,-0.00817346169482896,-0.00824849275629135,-0.00832293986885066,-0.00839641251776106,-0.00846824821162807,-0.00853723844673739,-0.00860100128848858,-0.00865499646884813,-0.00869769691156692,-0.00873993142075486,-0.00876611125129502,-0.00877601474493687,-0.00877865239830938,-0.0087789417108918,-0.00882724595700451,-0.00891883819926768,-0.00876842954648887,-0.00873875258001126,-0.00869460096916962,-0.00863547021148098,-0.00858021682202395,-0.00855110373098478,-0.0085542473934435,-0.00859186290842857,-0.00867348834298901,-0.00881353850163483,-0.00902845524440687,-0.00933576566817696,-0.00975380700638941,-0.0103014715237619,-0.0109977709338673,-0.0118611622674982,-0.0129086210324173,-0.0141544734214906,-0.0156090288047918,-0.0172770892600944,-0.0191564497857315,-0.0212365330734415,-0.0234973175817103,-0.0259087107564224,-0.0284304892271248,-0.0310128793403685,-0.0335977937482744,-0.0361206833874931,-0.0385129169363576,-0.0407045648923418,-0.0426274415560671,-0.0442182421454399,-0.0454216014096422,-0.0461928944347715,-0.0465006024916754,-0.0463280807294885,-0.0456745933888738,-0.0445555263997563,-0.0430017435651386,-0.0410581147674049,-0.0387813051289434,-0.0362369656742801,-0.033496504845455,-0.0306336500513779,-0.0277210133931474,-0.0248268801349478,-0.0220124267283094,-0.0193295460629698
-0.00100358748400552,-0.00133133863909577,-0.00166853157483731,-0.00201092353866469,-0.00235636791045923,-0.00270365696170778,-0.00305205803015774,-0.00340110186929955,-0.00375047573991899,-0.00409996249666258,-0.00444917911971626,-0.00479720226500122,-0.00514263101430051,-0.00548337558383142,-0.00581626921493466,-0.00613646227027228,-0.00643663564327328,-0.00670691204189856,-0.00694008353949084,-0.00714958466999464,-0.00736199159720146,-0.00756339610672387,-0.00773495445102761,-0.00787920517814737,-0.00800406689990702,-0.00811584387091547,-0.00821877543429586,-0.0083156582594049,-0.00840836884590532,-0.00849819781916315,-0.0085860546960558,-0.00867259439515413,-0.0087582972470865,-0.00884352096618202,-0.00892853530207101,-0.00901350581858073,-0.00909839400267851,-0.00918308307183235,-0.00926739924863258,-0.00935107549051676,-0.00943368343795238,-0.00951449576666075,-0.00959218389004846,-0.00966412250420006,-0.00972527013211186,-0.00977362894013244,-0.00982050596028712,-0.00984927854477544,-0.00986013685928769,-0.00986302666574162,-0.00986334355040405,-0.00991160780273627,-0.0100028723753426,-0.0098514026715162,-0.00981927898148154,-0.00977053828590053,-0.00970433621427304,-0.00964035107283433,-0.00960200803475627,-0.00959534050155002,-0.00962211697188108,-0.00969187526205045,-0.00981924804070639,-0.0100208942441803,-0.0103145040183302,-0.0107185286156298,-0.0112519393530933,-0.0119338034944908,-0.012782617923765,-0.0138153873832342,-0.0150464599749363,-0.0164861618149777,-0.018139308010195,-0.0200037038581493,-0.0220687803076503,-0.0243145225206016,-0.0267108434460814,-0.0292175242766915,-0.0317847951763023,-0.0343545720160462,-0.0368623084665489,-0.0392393755431879,-0.0414158457528411,-0.0433235351329484,-0.0448991404098118,-0.0460872976483195,-0.0468433830867301,-0.0471358790084618,-0.0469481414554525,-0.0462794354579062,-0.0451451476458656,-0.0435761424446697,-0.0416172902911524,-0.0393252568026514,-0.0367656934160581,-0.03401000878459,-0.0311319304780135,-0.028204070777512,-0.0252947151493547,-0.0224650402724006,-0.0197669392927501
-0.00112699740078974,-0.00149610366411657,-0.00187557485391431,-0.00226074768188766,-0.0026492658510703,-0.00303980484998518,-0.0034315616872253,-0.0038240223147741,-0.00421684425238681,-0.0046097897636541,-0.00500243957107394,-0.00539378280804976,-0.00578228531219727,-0.00616565741563198,-0.00654042672776219,-0.00690126844382503,-0.00724012567917159,-0.00754605540176528,-0.00781078548135615,-0.00804812987925557,-0.00828633092070048,-0.00851068183244041,-0.00870154176127754,-0.00886219470845224,-0.0090014981877853,-0.00912642474006059,-0.00924164424917018,-0.0093502309957357,-0.00945424509875374,-0.00955510223672161,-0.00965379942769118,-0.00975105426459031,-0.00984739286141562,-0.00994320692594083,-0.0100387917846864,-0.0101343286775221,-0.0102297754406841,-0.0103250042059961,-0.0104198246412651,-0.0105139441344838,-0.0106068930125272,-0.01069787306043,-0.010785424059829,-0.0108666527393085,-0.0109359592848067,-0.0109907729623979,-0.0110428184665024,-0.0110744316278411,-0.0110863313803933,-0.0110894958192051,-0.0110898427181412,-0.0111380634374258,-0.0112289712389941,-0.0110763455224136,-0.0110415527590673,-0.0109877930090355,-0.0109138151875272,-0.0108401259676391,-0.0107913722049135,-0.0107735298471107,-0.0107879396299059,-0.0108441762749459,-0.0109571274778135,-0.0111436968093311,-0.0114217560062818,-0.0118098826039098,-0.0123271351927005,-0.0129926422319527,-0.0138249444394314,-0.0148410786719126,-0.0160554170739851,-0.0174783041221375,-0.0191145691972234,-0.0209620288723765,-0.0230101231306481,-0.0252388444642088,-0.0276181118369042,-0.0301077114262744,-0.0326578775647024,-0.0352105296371325,-0.037701124297508,-0.0400610351105802,-0.0422203367745528,-0.0441108472204263,-0.0456692648186275,-0.0468402270678233,-0.0475791114615791,-0.0478544013863325,-0.0476494538564125,-0.0469635347618222,-0.0458120314949168,-0.0442258091585866,-0.0422497387932319,-0.0399404865549338,-0.0373637043294195,-0.0345908009997464,-0.0316955043107721,-0.0287504267397042,-0.0258238539728261,-0.0229769629365202,-0.0202616470560356
-0.00126545045059343,-0.00168107303823359,-0.00210806904068566,-0.00254131493559484,-0.00297822539428059,-0.00341734851278461,-0.003857804656347,-0.00429903098856669,-0.00474065265886873,-0.00518240952814407,-0.00562384288045272,-0.00606384663140023,-0.0065007415919887,-0.00693202036943593,-0.007353877259714,-0.00776046821792759,-0.00814292718916906,-0.00848913250257143,-0.0087895977789211,-0.00905841723573373,-0.00932551940904566,-0.00957540580896479,-0.00978771501516484,-0.00996661686232713,-0.0101220182331423,-0.0102616291955511,-0.0103905922833156,-0.0105122856526906,-0.0106289700386264,-0.0107421975705604,-0.0108530606522544,-0.0109623451498211,-0.011070627023634,-0.0111783349765092,-0.0112857921618061,-0.0113931968711299,-0.0115005029689806,-0.011607570524481,-0.0117141911828476,-0.0118200444763964,-0.0119246156807289,-0.0120270291683719,-0.0121256806711493,-0.012217382555324,-0.0122959156508419,-0.0123580290965557,-0.012415805003197,-0.0124505252851645,-0.012463559850142,-0.0124670231734167,-0.0124674027222063,-0.0125155760887599,-0.0126060957173897,-0.0124522115554483,-0.0124145100420944,-0.0123552683881843,-0.0122727584812201,-0.0121883257484052,-0.0121279050360093,-0.012097440827069,-0.0120978635210634,-0.0121388229955362,-0.0122355011906354,-0.0124050756380456,-0.0126656194718971,-0.013035849637477,-0.0135349208103195,-0.014182028701583,-0.0149957621363378,-0.0159931931793291,-0.0171887203104269,-0.0185927081021716,-0.0202100015484494,-0.0220384295484393,-0.0240674419558681,-0.0262770392680163,-0.0286371470143782,-0.031107556811845,-0.0336385075396616,-0.0361719224142516,-0.0386432613416044,-0.040983900664721,-0.0431239174692643,-0.044995131748805,-0.0465342436642649,-0.0476858922754368,-0.0484054564424517,-0.0486614207523381,-0.0484371432776833,-0.0477318908440927,-0.0465610516733466,-0.0449554916054672,-0.0429600823374218,-0.0406314906113215,-0.0380353688010622,-0.0352431260396957,-0.0323284902625275,-0.0293640741600112,-0.0264181636577797,-0.0235519359515075,-0.0208172847702057
-0.00141938286747137,-0.00188682394431609,-0.00236673671385201,-0.00285349573125697,-0.00334426626993412,-0.0038374578532213,-0.00433210754184711,-0.00482759950158278,-0.00532352373372003,-0.00581959578161014,-0.00631531412800865,-0.00680946933658318,-0.00730022474407983,-0.00778483640135109,-0.00825913611215666,-0.00871671423606284,-0.00914782074043365,-0.00953903790876078,-0.00987951219075572,-0.0101835265629862,-0.0104827296826038,-0.0107608308255819,-0.0109968141610118,-0.0111958762161378,-0.0113690872016303,-0.0115249668480178,-0.011669174421599,-0.0118054195298267,-0.0119361814038276,-0.0120631606312987,-0.0121875533166777,-0.0123102195085094,-0.0124317893044875,-0.0125527315739622,-0.0126733996752809,-0.0127940104061924,-0.0129145133201533,-0.0130347553910425,-0.013154508691204,-0.0132734224844939,-0.0133909330549834,-0.0135060804979859,-0.0136171034542125,-0.0137204923125495,-0.0138093452478109,-0.0138796236479496,-0.0139437131109481,-0.0139818205695044,-0.0139960884646109,-0.013999876296936,-0.0140002912818053,-0.0140484132573159,-0.0141385115236185,-0.0139832607216585,-0.0139423976160442,-0.013877186980776,-0.0137853528275993,-0.0136890965980817,-0.0136157153534841,-0.013571146461308,-0.0135559228699727,-0.0135798065241034,-0.0136583133734356,-0.0138089251231229,-0.014049936854368,-0.0144002185948459,-0.0148790303047647,-0.0155056412808895,-0.0162986929306069,-0.0172752957694207,-0.01844987701798,-0.0198328231673229,-0.0214289962313035,-0.0232362385395813,-0.0252440106964599,-0.0274323219146047,-0.0297711048692426,-0.0322201570953221,-0.0347297224176858,-0.037241728219142,-0.0396916379411335,-0.042010830946366,-0.0441293869149329,-0.0459791280813669,-0.047496756551621,-0.0486269130810958,-0.0493249780140014,-0.049559437241035,-0.0493136499837667,-0.0485868840835133,-0.0473945286624111,-0.0457674503605784,-0.0437505215876078,-0.0414004097215948,-0.0387827676662327,-0.0359690048258468,-0.0330328493424485,-0.0300469141379177,-0.0270794853976895,-0.0241917406097549,-0.0214355738328825
-0.00158866801305664,-0.00211317219103784,-0.00265133860030115,-0.00319699716263779,-0.00374704282237036,-0.00429973501380679,-0.00485402062015528,-0.00540922646050806,-0.00596490451549323,-0.00652074402939963,-0.00707619720222762,-0.00762994282748543,-0.00817997389598366,-0.00872329045544294,-0.00925533174838237,-0.00976907492963933,-0.0102538096071057,-0.010694703566426,-0.0110793868118323,-0.0114222574790194,-0.0117567395649267,-0.0120657373124624,-0.0123276256118208,-0.0125487615508154,-0.0127414921643756,-0.0129152198319507,-0.0130761654974993,-0.013228398462938,-0.0133746348246264,-0.0135167359910961,-0.0136560103424052,-0.0137933982111048,-0.0139295882670273,-0.0140650928262821,-0.014200297913224,-0.014335440337366,-0.0144704649899625,-0.014605204681426,-0.0147394103087498,-0.0148726983763426,-0.0150044521156286,-0.0151336202862291,-0.0152582710753914,-0.0153745447661958,-0.0154747932668681,-0.0155540878807763,-0.0156250773133855,-0.0156668591130532,-0.0156824620089932,-0.0156866008530936,-0.0156870541581133,-0.0157351205619761,-0.0158247631227518,-0.0156680338335201,-0.0156237482591837,-0.01555206798498,-0.0154501013238177,-0.0153409335330505,-0.0152533072475714,-0.0151931729787498,-0.015160670799794,-0.0151657073514615,-0.0152241710739428,-0.0153538778694911,-0.0155733654226027,-0.0159016706710482,-0.0163581681994793,-0.0169622073376644,-0.0177324866398456,-0.0186861583853708,-0.0198376809967174,-0.0211974647502018,-0.0227703901223463,-0.0245543140068966,-0.0265387086626613,-0.0287035927479462,-0.0310189066805413,-0.0334444544063133,-0.035930485106479,-0.0384189306754458,-0.0408452583823945,-0.043140850858869,-0.0452357905930392,-0.0470619022446244,-0.0485558900242536,-0.0496623965219067,-0.05033680368735,-0.0505475988215328,-0.0502781423888453,-0.0495277033291826,-0.0483116717384343,-0.0466609151219935,-0.0446203066600704,-0.0422465144184953,-0.0396051918738179,-0.0367677487237165,-0.0338079133337025,-0.0307982988759228,-0.0278071918167737,-0.0248957699603804,-0.0221159277221724
-0.00177254508365979,-0.00235907578891758,-0.00296055176734945,-0.00357021566509724,-0.00418467110475807,-0.00480201584382705,-0.0054210996555654,-0.00604118761794823,-0.00666179078436204,-0.0072825700930306,-0.00790292793285531,-0.00852142279954043,-0.00913586431434996,-0.00974297688332742,-0.0103377769132502,-0.010912580651745,-0.0114556414671155,-0.0119505970522626,-0.0123834226882054,-0.0127685874718583,-0.0131413756408915,-0.0134838557892251,-0.0137738056599645,-0.0140188613667749,-0.0142327553459073,-0.0144258441594807,-0.0146049549838955,-0.0147745450008109,-0.0149375855844404,-0.0150961113951767,-0.0152515517313198,-0.0154049333700919,-0.0155570080373235,-0.0157083348158149,-0.0158593348886813,-0.0160102666029822,-0.0161610698320552,-0.0163115621412767,-0.016461471631792,-0.0166103795339166,-0.0167576119366306,-0.0169020191798059,-0.0170414856546343,-0.0171717736935548,-0.0172844272322113,-0.0173735368492739,-0.0174519956653528,-0.017497738857233,-0.0175147793322294,-0.0175192960111654,-0.0175197905586701,-0.0175677971541302,-0.0176569492274086,-0.0174986283312156,-0.0174506571665993,-0.0173720050260254,-0.0172591037340096,-0.0171359648307529,-0.0170328703830569,-0.0169557974585159,-0.0169044852832274,-0.0168890102285923,-0.0169256683591834,-0.0170326383975672,-0.0172287206765593,-0.0175331325878323,-0.0179653725409321,-0.0185448762750259,-0.0192904040189991,-0.02021915311037,-0.0213456156255201,-0.0226802274892897,-0.0242278890830823,-0.0259864729995368,-0.027945464057998,-0.0300848910952077,-0.0323747028710623,-0.0347747102379175,-0.0372351681467721,-0.0396980133513345,-0.0420987172431344,-0.0443686659738453,-0.0464379450553443,-0.0482383817585762,-0.0497066825601508,-0.0507874920251119,-0.0514361938316357,-0.0516212767987562,-0.0513261027286537,-0.0505499417437019,-0.0493081849878794,-0.0476317008978602,-0.0455653634832516,-0.0431658415500508,-0.0404987891913299,-0.0376356164204705,-0.0346500518435221,-0.0316147089019921,-0.0285978743646521,-0.0256607263759172,-0.0228551597350944
-0.00196958571974012,-0.00262258972165717,-0.00329191245290953,-0.00397016785292248,-0.00465364769516692,-0.00534027667776046,-0.00602880063143795,-0.00671841855102305,-0.00740859768538453,-0.00809896867720074,-0.00878888060385545,-0.00947676320846408,-0.0101602298512964,-0.010835709908774,-0.011497767187758,-0.0121380104472043,-0.0127435836127808,-0.0132964856463001,-0.0137809175711144,-0.0142114168365323,-0.0146252514153283,-0.0150035999376624,-0.0153236094345579,-0.0155942892275232,-0.0158308561230513,-0.0160446885287439,-0.0162432627045912,-0.0164314510793705,-0.0166124982954604,-0.0167886244647027,-0.0169613883129845,-0.0171319091427735,-0.0173010061697605,-0.0174692885310321,-0.0176372150395602,-0.0178050670935066,-0.0179727791956207,-0.0181401525946551,-0.0183068909930634,-0.0184725378657461,-0.0186363581371175,-0.0187970967935934,-0.0189524414643314,-0.0190977498055142,-0.0192237003105207,-0.0193233306472065,-0.0194097899715452,-0.0194597739330192,-0.0194783531267715,-0.0194832742016207,-0.0194838128900253,-0.0195317554740747,-0.0196203825854444,-0.0194603581753919,-0.0194084421026878,-0.0193223268626805,-0.0191977182659921,-0.0190596156576858,-0.0189399463749797,-0.0188447176872285,-0.0187732429555216,-0.0187357822173037,-0.0187490687728371,-0.0188316701128301,-0.0190026678980084,-0.019281472772639,-0.0196877157390719,-0.020240925057645,-0.0209599269905514,-0.021861967115734,-0.0229615735389952,-0.0242692096432866,-0.0257897971186661,-0.0275212253634015,-0.0294529926425706,-0.0315651386884514,-0.0338276211906109,-0.0362002583942206,-0.0386333114262508,-0.0410687222417357,-0.0434419666446481,-0.0456844345544629,-0.0477262147194762,-0.0494991372055266,-0.050939910914565,-0.0519931825255855,-0.0526143375667004,-0.0527718664817574,-0.0524491325047701,-0.051645407023712,-0.0503760823043102,-0.0486720277799803,-0.0465781183480135,-0.0441510236065905,-0.0414563983086278,-0.0385656528053846,-0.035552515960372,-0.0324896015033672,-0.0294451965267991,-0.0264804795392533,-0.0236473457509186
-0.00217770071642054,-0.00290087487708912,-0.00364182727346475,-0.00439250403533435,-0.00514886553875117,-0.00590865251457788,-0.00667050027320487,-0.00743353753187751,-0.0081971849484694,-0.00896104093987883,-0.00972439787202817,-0.0104855485303494,-0.0112418975306244,-0.0119895605122928,-0.0127226201253742,-0.0134319333649346,-0.0141034663189884,-0.0147174815737557,-0.0152563127972654,-0.0157346170134001,-0.0161918170626655,-0.0166081176480561,-0.0169599430455692,-0.0172577368315779,-0.0175182849066593,-0.0177540489366458,-0.0179731941251775,-0.0181810339545912,-0.0183811034488047,-0.0185758198470803,-0.0187668794834131,-0.0189555000507089,-0.0191425725421992,-0.0193287593345771,-0.0195145592683283,-0.0197002782626286,-0.0198858451073897,-0.0200710436957596,-0.0202555517809636,-0.020438872689891,-0.0206202063217354,-0.020798185697685,-0.0209702894443336,-0.0211314457547963,-0.0212714167456458,-0.0213821401798752,-0.021477071855581,-0.0215315609032294,-0.0215517762353976,-0.02155712744004,-0.0215577130835334,-0.0216055875740874,-0.0216936562807825,-0.0215318200760809,-0.0214757094647825,-0.0213816631429141,-0.0212446268590578,-0.0210906727957701,-0.0209534929459028,-0.0208391157286075,-0.0207463820382009,-0.0206857349039524,-0.0206743667867749,-0.0207312559564173,-0.0208757819718442,-0.0211275603296861,-0.0215063626724294,-0.0220318154387521,-0.0227228149839696,-0.0235966581052525,-0.0246679111706551,-0.0259470667281659,-0.0274390691047419,-0.0291418255543702,-0.0310448486298323,-0.0331281896425604,-0.0353618157730637,-0.0377055531247565,-0.0401096693899732,-0.0425161120534568,-0.0448603616105475,-0.0470738119869625,-0.0490865553724407,-0.0508304248049346,-0.0522421317656574,-0.0532663251818149,-0.0538583925490347,-0.0539868260393133,-0.0536349904096159,-0.0528021583940944,-0.0515037234516799,-0.0497705560760527,-0.0476475321087715,-0.0451913219907157,-0.0424675811767456,-0.039547720377557,-0.0365054687305241,-0.0334134402720908,-0.0303399224389518,-0.0273460941270809,-0.024483850983708
-0.00239418267269563,-0.00319025550410783,-0.00400564569110028,-0.00483159580028217,-0.00566371670912827,-0.00649955499272852,-0.00733762925836841,-0.008176993984945,-0.00901702059915385,-0.00985727345872189,-0.01069698498398,-0.0115343032066123,-0.0123664121712592,-0.0131890961424954,-0.0139959298962119,-0.0147769777750282,-0.0155169663978715,-0.0161943390666748,-0.0167895026718219,-0.0173173506139797,-0.0178196882074319,-0.0182756268372626,-0.0186607051922978,-0.0189868206342305,-0.0192723943069388,-0.01953102409655,-0.0197715998361696,-0.0199998996275914,-0.0202197646984381,-0.0204338203022756,-0.0206439080556641,-0.0208513495693719,-0.0210571116687861,-0.0212619129901685,-0.0214662946790654,-0.0216705885736351,-0.0218747174257768,-0.022078446787064,-0.0222814269945523,-0.0224831189733694,-0.0226826539834001,-0.0228785469469411,-0.0230680562918532,-0.0232456586540558,-0.023400157510002,-0.0235223752954655,-0.0236261723853204,-0.0236854090274725,-0.0237073521320096,-0.0237131578632443,-0.0237137931374618,-0.0237615956518735,-0.0238490741954288,-0.0236853237203288,-0.0236247839560014,-0.0235223729813722,-0.023372261895942,-0.0232017086162426,-0.0230463043568774,-0.0229120741283731,-0.0227973137854689,-0.0227126307124909,-0.0226756887289253,-0.0227058937784058,-0.0228229370881372,-0.0230466489880786,-0.023396948821878,-0.0238935662342838,-0.0245554713155185,-0.0254000147735356,-0.0264418032682333,-0.0276913600720769,-0.0291536533677726,-0.0308266092323942,-0.0326997552847757,-0.0347531550494452,-0.0369567857198126,-0.0392704816914728,-0.0416445175860194,-0.0440208467254356,-0.0463349545581428,-0.0485182392402265,-0.0505007965958907,-0.0522144628022916,-0.0535959520652184,-0.0545899156869997,-0.0551517432420375,-0.0552499287283595,-0.0548678385122657,-0.0540047467505418,-0.0526760481631725,-0.0509126143644519,-0.0487593221940011,-0.046272842983463,-0.0435188329296732,-0.0405687031232883,-0.0374961829911553,-0.0343738868938687,-0.0312701026319864,-0.0282460095109044,-0.0253535036397267
-0.00261577527614319,-0.00348631261226484,-0.00437777784332471,-0.00528067844005151,-0.00619025952393119,-0.00710386425129132,-0.00801988885628687,-0.00893730992425331,-0.00985544720304931,-0.0107738292859374,-0.0116916256335712,-0.0126068322692516,-0.0135164017040299,-0.0144157705845903,-0.0152979814673074,-0.0161522694574939,-0.01696206851688,-0.0177039377608524,-0.018356338044514,-0.0189345924040707,-0.0194831811112063,-0.0199799619656816,-0.020399342985696,-0.0207546457386692,-0.0210659703542263,-0.0213480935335193,-0.0216106602318126,-0.0218599339154252,-0.0221000761952381,-0.0223339302129583,-0.0225634898872209,-0.0227901858338738,-0.023015064459508,-0.0232389034620299,-0.0234622884106906,-0.023685578365171,-0.0239086897367777,-0.0241313688195283,-0.0243532371770626,-0.024573711259814,-0.024791850392426,-0.0250060458749411,-0.025213326056774,-0.0254076972654325,-0.0255769726203395,-0.0257108811582463,-0.0258238408394165,-0.0258880400284359,-0.0259117950219966,-0.0259180779149772,-0.0259187653118904,-0.0259664922321231,-0.0260533510809586,-0.0258875914819208,-0.0258224074360251,-0.0257112421042516,-0.0255475004117117,-0.0253597709113178,-0.0251856954898481,-0.0250312530893995,-0.0248940918732688,-0.0247849439012789,-0.0247219449855419,-0.0247249394769008,-0.024813940633987,-0.0250090016163303,-0.0253301953131062,-0.0257973588224604,-0.0264295390907292,-0.0272441430690592,-0.0282558194837171,-0.0294751237053466,-0.0309070488530076,-0.0325495406893423,-0.0343921425966582,-0.0364149308831352,-0.038587893226727,-0.0408708727087247,-0.0432141512110476,-0.0455596881735297,-0.047842974237113,-0.0499954119937926,-0.0519471010796458,-0.0536298809649107,-0.0549804687140169,-0.0559435181216912,-0.0564744209440783,-0.0565416730959425,-0.0561286426330665,-0.0552346052058867,-0.0538749568585173,-0.0520805703820231,-0.0498963236641983,-0.0473788889722063,-0.0445939232822119,-0.0416128380839476,-0.0385093631083065,-0.0353561130562919,-0.0322213761105748,-0.0291663320064751,-0.0262428773380164
-0.00283875707915914,-0.00378399688828028,-0.00475183698532984,-0.00573202312186357,-0.00671942055903587,-0.00771116085602105,-0.00870551280652277,-0.00970137180722457,-0.0106980037068957,-0.0116948997806089,-0.0126911637759081,-0.0136846330938726,-0.0146720187701989,-0.0156483952330927,-0.0166062512556512,-0.017533961142053,-0.018413622795446,-0.0192198669469231,-0.0199292349099631,-0.0205577589154136,-0.0211529594646652,-0.0216912345610299,-0.0221455237552809,-0.0225304874827957,-0.0228679229645185,-0.0231738163726137,-0.0234585922654458,-0.0237290169390431,-0.023989584649962,-0.0242433651156405,-0.0244925108071964,-0.0247385659145669,-0.0249826598141372,-0.0252256318100625,-0.025468113825916,-0.0257104933324165,-0.0259526801244393,-0.0261944004052192,-0.0264352457371789,-0.0266745862359222,-0.026911406368135,-0.027143969001428,-0.0273690640584221,-0.0275802126738642,-0.0277642179982516,-0.0279097800062381,-0.0280320893693852,-0.0281014339750313,-0.0281270761344762,-0.0281338567427425,-0.0281345985368439,-0.0281822465582835,-0.0282684588153373,-0.0281006042348715,-0.0280305836828304,-0.0279103255254624,-0.0277325031904497,-0.0275272166760843,-0.027334328675825,-0.0271597089609428,-0.0270002214912381,-0.0268666595239375,-0.0267776183424108,-0.0267533843927399,-0.0268142994174624,-0.02698064511692,-0.0272726523661952,-0.0277102690618867,-0.0283126215247903,-0.0290971748651228,-0.0300786213538236,-0.0312675496174215,-0.0326689786309696,-0.0342808745828949,-0.0360927972219507,-0.0380848361364621,-0.0402269899017182,-0.0424791106308898,-0.0447914877588121,-0.0471060870921922,-0.0493584046777704,-0.0514798477271524,-0.0534005198473235,-0.0550522639399234,-0.0563718000488312,-0.0573037845670873,-0.057803611525758,-0.0578397788385768,-0.0573956563235923,-0.0564705211894711,-0.0550797708618923,-0.0532542793598901,-0.0510389256651479,-0.0484903830212454,-0.045674309217805,-0.0426621161611243,-0.0395275338994393,-0.0363431774890223,-0.0331773355112905,-0.0300911881501381,-0.0271366325055311
-0.00305902731051285,-0.00407774427691871,-0.00512078525286895,-0.00617711305051741,-0.0072412013352532,-0.00830996308373246,-0.00938153524470639,-0.0104547291270876,-0.0115287547103026,-0.0126030645641203,-0.013676694256042,-0.0147473166554545,-0.0158113925030572,-0.016863621214022,-0.0178959192739698,-0.018895774146847,-0.0198439150492804,-0.0207130229352781,-0.0214777964969126,-0.0221553519006055,-0.0227966954646886,-0.023376508497306,-0.0238658220199839,-0.0242804885278053,-0.0246439921909163,-0.0249735461599699,-0.0252803724589126,-0.0255717540688921,-0.0258525280451538,-0.0261259980635466,-0.0263944805522048,-0.0266596372743319,-0.0269226835683835,-0.0271845226063195,-0.0274458343899693,-0.0277070358663697,-0.0279680299675213,-0.028228522063625,-0.0284880726303956,-0.0287460038224762,-0.0290012227363812,-0.0292518597817484,-0.029494459791397,-0.0297220480803105,-0.0299204115529222,-0.0300773322119718,-0.0302090570800307,-0.0302836946658831,-0.0303112895468656,-0.0303185861355551,-0.03031938436229,-0.0303669505248216,-0.030452492189022,-0.0302824666601606,-0.0302074425658802,-0.0300778094857943,-0.0298855729122809,-0.0296625647174523,-0.029451059172763,-0.0292567312306982,-0.0290754867833277,-0.02891809056318,-0.0288035703024136,-0.0287526504672562,-0.0287860034286714,-0.0289241426224672,-0.0291874598039887,-0.0295960160199222,-0.0301690188201851,-0.0309239929314305,-0.0318756753215339,-0.0330346887928983,-0.0344060789190718,-0.0359878329199451,-0.0377695274097667,-0.0397312656720194,-0.0418430575273731,-0.0440647644149958,-0.0463466835729042,-0.0486307873889603,-0.0508525775002071,-0.0529434658975416,-0.0548335602976886,-0.0564547071549016,-0.0577436295987411,-0.0586449867139853,-0.0591141748890431,-0.0591196941095382,-0.0586449160204562,-0.0576891194462037,-0.0562677032452711,-0.0544115427103917,-0.0521655179580417,-0.0495863032448549,-0.0467395572045139,-0.0436966921755649,-0.0405314385354917,-0.037316411709135,-0.0341199006915328,-0.0310030861318146,-0.0280178656545674
-0.00327218295714049,-0.00436157965207887,-0.00547706432761296,-0.00660680134331964,-0.00774486352633533,-0.00888793953684134,-0.0100340307673996,-0.0111818619531727,-0.0123305854943026,-0.0134796140413384,-0.0146279128123221,-0.0157729849675362,-0.016911033301517,-0.0180363713078228,-0.0191403278874429,-0.0202094834440572,-0.0212231772962265,-0.0221521435752274,-0.0229693695807473,-0.0236935335379355,-0.0243796608955029,-0.0250004040952037,-0.0255243343495565,-0.0259682830005018,-0.0263573807280679,-0.0267100711508639,-0.0270383845991569,-0.0273501307805368,-0.0276504974809673,-0.0279430283476416,-0.0282302082846968,-0.0285138200325782,-0.0287951674709335,-0.0290752196064849,-0.0293547060284015,-0.0296340740962913,-0.0299132196633883,-0.030191826619235,-0.0304694234156692,-0.0307452828647222,-0.0310182326106991,-0.0312862674049191,-0.0315456821073886,-0.0317890001063598,-0.0320010000432663,-0.0321687075430003,-0.0323097840882722,-0.0323898249591462,-0.0324194279532263,-0.0324272564055855,-0.0324281128520693,-0.0324755945533528,-0.0325604446345596,-0.0323881824962246,-0.0323080141703824,-0.032168783382656,-0.0319619224353393,-0.0317212587806075,-0.031491691870273,-0.0312785917139462,-0.0310766915995982,-0.0308966095595988,-0.0307577631162812,-0.0306813023496517,-0.0306882277971296,-0.0307992851410372,-0.031035028266255,-0.0314156326659904,-0.0319603882700566,-0.0326868803933015,-0.033609891507925,-0.0347400792610471,-0.0360825163802919,-0.0376352115808757,-0.0393877587321679,-0.0413202751421184,-0.0434027821567892,-0.0455951507808106,-0.0478476862612587,-0.050102367745031,-0.0522947026138611,-0.0543561077724914,-0.056216695165104,-0.0578083149019155,-0.0590676932891885,-0.0599394921838394,-0.0603791104028258,-0.060355050066876,-0.0598506847041645,-0.0588652948049907,-0.0574142807054336,-0.0555285190120118,-0.053252891011885,-0.0506440720069512,-0.0477677215018878,-0.0446952522812933,-0.0415003950623895,-0.0382557656502564,-0.0350296534665793,-0.0318832396402987,-0.0288684223369512
-0.00347357913781645,-0.00462919775984669,-0.00581269732477298,-0.00701143406424249,-0.00821907325649543,-0.00943207477413836,-0.01064830143796,-0.0118663893359301,-0.0130854318378346,-0.0143048006327628,-0.015523388714164,-0.0167385250810854,-0.0179461480929265,-0.0191401762995266,-0.0203113389520037,-0.0214452950936111,-0.0225199846838335,-0.0235042234013443,-0.0243694759957644,-0.0251365722335162,-0.0258651854451124,-0.0265255670795013,-0.0270831571879642,-0.0275554819116272,-0.0279692461024982,-0.0283441127416695,-0.0286929240629211,-0.029024022637712,-0.0293429526568814,-0.0296535023676836,-0.0299583287790051,-0.0302593384168673,-0.0305579258693683,-0.0308551276522127,-0.0311517242380575,-0.031448194207676,-0.0317444261499135,-0.0320400819199422,-0.0323346571563255,-0.0326273741916185,-0.0329169795691696,-0.0332013300186658,-0.0334764673647354,-0.033734411631195,-0.0339589561118374,-0.0341365855168893,-0.0342868142151747,-0.0343723306300899,-0.0344039869369493,-0.0344123607692663,-0.0344132769768121,-0.0344606719684376,-0.0345448124618262,-0.0343702583168422,-0.0342848315102857,-0.0341358404464376,-0.0339142722064998,-0.0336562606156726,-0.0334095692992035,-0.0331791268576903,-0.03295823543286,-0.032757217631703,-0.032595821484543,-0.0324956014976653,-0.0324778790902353,-0.0325636299069327,-0.0327735695048588,-0.0331279880291815,-0.0336462582147396,-0.0343460264370225,-0.0352421211262048,-0.0363452351859684,-0.0376604688627354,-0.0391858526864241,-0.0409109980599031,-0.0428160365579389,-0.0448710012631122,-0.0470357729297414,-0.0492606649750693,-0.051487663446257,-0.0536522815938422,-0.0556859413457577,-0.0575187589702097,-0.0590825883188557,-0.0603141589504911,-0.0611581355615787,-0.0615699194576613,-0.0615180149481361,-0.0609857974922491,-0.059972549289015,-0.0584936721905213,-0.0565800441515047,-0.0542765476607692,-0.0516398590933051,-0.0487356388480896,-0.045635300167743,-0.0424125741182671,-0.0391400768950662,-0.0358860983576839,-0.0327118201273711,-0.0296691409245675
-0.00365836778889194,-0.00487401465279008,-0.00611935331399509,-0.007380928016933,-0.00865199227422542,-0.00992877393099718,-0.0112089948926343,-0.0124912009217236,-0.0137744251529456,-0.0150579974341412,-0.016340736936497,-0.0176197947314404,-0.0188908393604181,-0.0201473872200792,-0.0213795589902733,-0.0225720839006145,-0.0237015049107174,-0.02473477373665,-0.0256420820408625,-0.0264471203294032,-0.0272149425657275,-0.0279129620048704,-0.028502686696838,-0.0290019784142725,-0.0294390106447374,-0.0298346396858419,-0.0302025159602381,-0.0305515171475672,-0.030887547290137,-0.0312146425113759,-0.0315356346911516,-0.0318525563766064,-0.032166894638044,-0.0324797548962003,-0.0327919696019166,-0.0331040492453063,-0.0334158749938259,-0.0337270862036159,-0.0340371450516219,-0.0343452224896453,-0.0346499827324587,-0.034949142947654,-0.0352384906750693,-0.0355095458596374,-0.0357451547796348,-0.0359315338154917,-0.0360905751423037,-0.0361816015605779,-0.036215346546794,-0.0362242770259335,-0.0362252543038154,-0.0362725606711541,-0.0363559763981254,-0.0361790846399724,-0.0360883106470814,-0.0359294560193497,-0.0356932257599439,-0.0354184221775255,-0.0351559405450654,-0.0349101033029763,-0.0346724753065571,-0.0344529023171874,-0.0342713860453872,-0.0341498550828025,-0.0341099394677453,-0.0341728396599259,-0.034359430693891,-0.0346901164671203,-0.0351843522128543,-0.0358598453381972,-0.0367314703310285,-0.0378099555072333,-0.0391004288071564,-0.0406009427517552,-0.0423011264460043,-0.0441811258883173,-0.046210986041386,-0.0483505975394655,-0.0505502820874497,-0.0527520327383883,-0.0548913687064153,-0.0568997170276464,-0.0587071983705024,-0.0602456703963911,-0.0614518659779098,-0.0622704527060521,-0.0626568344243293,-0.0625795176751862,-0.0620218798888343,-0.0609832050089377,-0.05947889643592,-0.0575398335018991,-0.0552108999235756,-0.0525487731727248,-0.0496191145625415,-0.0464933378038771,-0.0432451743192336,-0.0399472407028853,-0.0366678272617413,-0.0334681161198958,-0.0304000065644182
-0.00382151230460504,-0.00508918635678408,-0.00638837032111268,-0.00770479825531941,-0.00903131007540546,-0.0103638995182691,-0.0117001458536467,-0.0130385032024156,-0.0143779434823635,-0.0157177539659679,-0.0170566786517605,-0.0183916875312426,-0.0197181749467743,-0.0210292495996895,-0.0223144176266509,-0.0235574756067352,-0.024733583525623,-0.0258079101998636,-0.0267496873179233,-0.02758630450506,-0.028389043207204,-0.0291219702331809,-0.0297417205230825,-0.0302660526343919,-0.0307244687958647,-0.0311389774582911,-0.0315240262654057,-0.0318890264553677,-0.0322402432324818,-0.0325819625944475,-0.0329171932542741,-0.0332480954882136,-0.0335762502639186,-0.0339028330519887,-0.0342287291955585,-0.0345544816748532,-0.0348799641045762,-0.0352047929573114,-0.0355283964283852,-0.0358498934048473,-0.0361678649398431,-0.0364798878831629,-0.0367814960041344,-0.0370637171539597,-0.0373085047110113,-0.0375021398906788,-0.0376695111288357,-0.0377660453763663,-0.0378019053033657,-0.0378114016643728,-0.0378124411146399,-0.0378596572406492,-0.0379423355589828,-0.0377630694798661,-0.0376668832984554,-0.037498118478845,-0.0372473983170566,-0.0369566120249208,-0.0366800863184847,-0.0364213422505689,-0.0361698494998101,-0.0359347604789129,-0.0357362352539183,-0.0355965366678383,-0.0355375860210727,-0.035580800541459,-0.035747210801603,-0.0360573324499854,-0.0365307021867946,-0.0371850879279036,-0.0380354099720389,-0.039092431953381,-0.0403613094976117,-0.0418401171551747,-0.043518501796477,-0.045376623918798,-0.0473845404444024,-0.0495021519667185,-0.0516797885547512,-0.053859450339736,-0.0559766625668693,-0.0579628574428543,-0.0597481600936974,-0.0612644320430724,-0.0624484095253063,-0.0632447630695763,-0.0636088990970414,-0.0635093264192511,-0.0629294244701029,-0.0618684789675835,-0.0603418948873599,-0.0583805529633051,-0.0560293381621301,-0.0533449290724006,-0.0503929879383883,-0.0472449289478388,-0.0439744838862863,-0.0406542697540772,-0.0373525773134319,-0.0341305892000902,-0.0310402052774527
-0.00395777783368143,-0.00526759426165033,-0.00661073611436664,-0.0079721344408809,-0.00934421593820344,-0.0107227392006689,-0.0121051396913801,-0.0134897788848898,-0.0148755666885342,-0.016261747186217,-0.0176469880563161,-0.01902807556647,-0.0204001263251372,-0.0217558372442018,-0.0230840965925926,-0.024367770694437,-0.0255806619035165,-0.0266862640759459,-0.0276532290827876,-0.0285136246662119,-0.02934593318935,-0.0301102883638478,-0.0307573575340113,-0.0313042722174689,-0.0317816879534032,-0.0322127090038447,-0.0326125621802378,-0.0329911871171826,-0.0333552095066196,-0.0337091660582795,-0.0340562435662587,-0.0343987312847239,-0.0347383051873984,-0.0350762117283598,-0.0354133899073519,-0.0357504156872324,-0.0360871550198115,-0.0364232011765379,-0.0367579479604784,-0.0370904616994844,-0.0374192398054139,-0.0377417187776075,-0.0380531808038391,-0.0383441742374604,-0.038595829769781,-0.0387948912136424,-0.0389699637916377,-0.0390719691008149,-0.0391099622329701,-0.0391200320020298,-0.0391211345560349,-0.039168259068027,-0.0392501894437416,-0.039068519903987,-0.0389668774260482,-0.038788208170127,-0.0385232936949496,-0.0382175910178416,-0.0379291952950042,-0.0376605978473088,-0.0373987584606416,-0.0371518817579197,-0.03694017125592,-0.0367861743698515,-0.036712081111882,-0.0367395145163525,-0.0368896550210493,-0.0371831269404145,-0.0376395467034889,-0.0382767417346805,-0.0391096775643446,-0.0401491528136196,-0.0414003506115097,-0.0428613674472288,-0.044521867922084,-0.0463620270321648,-0.0483519136800806,-0.0504514384513443,-0.0526109398185579,-0.0547724250336346,-0.0568714254160482,-0.0588393783855918,-0.0606064135667636,-0.0621043963843058,-0.0632700664707019,-0.0640480973272406,-0.0643938979841831,-0.0642759795511804,-0.0636777234924895,-0.0625984173248831,-0.0610534676216455,-0.0590737565388559,-0.0567041703118878,-0.0540013886630769,-0.0510310747821611,-0.047864643341175,-0.0445758264942266,-0.0412372416538265,-0.03791718004419,-0.0346768248200282,-0.0315680764290983
-0.00406169866183852,-0.00540179901168439,-0.00677702893829485,-0.00817152861997098,-0.00957731386712398,-0.010989907984428,-0.0124066019029656,-0.0138256636883305,-0.0152459405839868,-0.0166666329587442,-0.0180863311650242,-0.0195016354650921,-0.0209073818298214,-0.0222958524299397,-0.0236553165641279,-0.0249677173762649,-0.0262055356956385,-0.0273307254551034,-0.0283118100157611,-0.0291866692881978,-0.0300421025200287,-0.0308336359194142,-0.0315047047720606,-0.0320711982018245,-0.0325647127493841,-0.0330093769900141,-0.0334211720387267,-0.0338105574216946,-0.034184516876672,-0.0345478376694221,-0.0349038853348509,-0.0352550789899853,-0.0356031904893415,-0.0359495380482212,-0.0362951149800338,-0.0366405306609467,-0.0369856432848769,-0.0373300226532657,-0.0376730278493153,-0.0380136722981124,-0.038350369586029,-0.0386804164642508,-0.0389988472710879,-0.0392957479170067,-0.0395515130276078,-0.0397538163395517,-0.0399358132550941,-0.0400432212526436,-0.040083359405572,-0.0400940088469603,-0.0400951753157611,-0.0401422070119901,-0.040223380427918,-0.0400392840108509,-0.0399321580929944,-0.0397436364159439,-0.0394649412904816,-0.0391456488092634,-0.0388480030857061,-0.0385732009187918,-0.0383052142143877,-0.0380510038422006,-0.0378306809609464,-0.0376670176274471,-0.0375824447248879,-0.037598777217539,-0.0377373380289789,-0.0380188560024967,-0.0384630248806585,-0.0390877301442243,-0.0399079816650614,-0.0409346125004776,-0.0421728329424111,-0.0436207612116086,-0.0452680795185681,-0.0470949772919247,-0.0490715353844449,-0.0511576743669457,-0.0533037411238583,-0.0554517500454094,-0.0575372385486191,-0.059491649292727,-0.0612451164284641,-0.0627295093096235,-0.0638815709943142,-0.0646459779824263,-0.0649781419385047,-0.0648465762940518,-0.0642346645658892,-0.063141696090217,-0.0615830790570781,-0.0595896970623922,-0.0572064376263962,-0.0544899816200845,-0.0515059931913102,-0.0483258875029107,-0.0450233970824373,-0.0416711397598648,-0.0383374072271795,-0.0350833831643505,-0.0319609686102761
-0.00412752622032277,-0.00548396744585018,-0.00687732382117828,-0.00829096116056917,-0.00971648832128064,-0.0111491938385542,-0.0125862236891166,-0.0140257519133857,-0.0154665625118924,-0.0169078116518146,-0.0183480114119992,-0.0197835739310149,-0.0212090519752956,-0.0226163107459022,-0.023993001103845,-0.0253201539933787,-0.0265689747898679,-0.0277000397933311,-0.0286822714854407,-0.0295606697368507,-0.0304316299766413,-0.0312452965678169,-0.0319364167655875,-0.0325189220499591,-0.0330250991594359,-0.0334800144401274,-0.033900372043705,-0.0342971399226709,-0.0346776559547244,-0.0350469570424345,-0.0354085877065159,-0.0357650975787411,-0.0361183551343179,-0.0364697510473223,-0.0368203335526974,-0.037170745844787,-0.0375208382714505,-0.0378701569190366,-0.0382180258702744,-0.0385634054017095,-0.038904625305594,-0.0392388436996568,-0.0395608521618786,-0.0398602954449944,-0.0401169354717467,-0.0403199191344621,-0.0405079122659155,-0.0406206271815734,-0.0406629178499149,-0.0406741525770203,-0.0406753837201597,-0.0407223214696588,-0.0408027296177357,-0.0406161861045013,-0.0405035611644962,-0.0403052768140628,-0.0400133248457047,-0.0396820323480983,-0.0393782247379747,-0.0391014987518377,-0.0388322887819952,-0.0385759698357366,-0.0383524023229524,-0.0381845122657464,-0.0380949381840953,-0.0381056701959687,-0.0382381646704568,-0.0385132498389411,-0.0389506937083308,-0.0395684379484179,-0.0403815356022567,-0.0414008534185596,-0.0426316283746326,-0.0440720001167278,-0.0457116682705464,-0.0475308365774026,-0.0494995977698028,-0.0515778823665757,-0.0537160456488586,-0.0558561091447985,-0.0579336163782077,-0.0598800152631569,-0.0616254444957059,-0.0631017773798304,-0.0642457604212843,-0.0650020731406754,-0.0653261298585252,-0.0651864463490865,-0.0645664082016456,-0.0634653065906227,-0.0618985513403889,-0.0598970275030826,-0.0575056238989716,-0.0547810225617047,-0.051788888609211,-0.0486006377013131,-0.04529000274357,-0.0419296019884052,-0.0385877276009496,-0.0353255637922091,-0.0321950121984419
-0.00414916523981104,-0.0055057823906958,-0.00690107665241702,-0.0083176594994452,-0.0097467378688777,-0.0111833664047732,-0.0126245458107608,-0.0140683554989901,-0.0155135156308219,-0.0169591376603384,-0.0184036543874598,-0.0198432875951119,-0.0212723042056782,-0.0226821503598986,-0.024059859824448,-0.0253855651310651,-0.0266292510485094,-0.0277503057914553,-0.028718661478129,-0.0295879439686596,-0.0304656149973615,-0.0312955467342387,-0.0320021226274128,-0.0325964905687783,-0.0331113362584114,-0.0335725624971671,-0.0339975594174365,-0.0343977895241772,-0.0347809398960279,-0.0351522957146103,-0.0355155805598535,-0.0358734751798022,-0.0362279454136173,-0.0365804551167619,-0.0369321080850815,-0.0372835817601916,-0.0376347185510192,-0.0379850405728797,-0.038333836624213,-0.0386800136108687,-0.0390218176657517,-0.0393562697268172,-0.0396779247900524,-0.0399760116165489,-0.0402297798615605,-0.0404304768931338,-0.0406233844502153,-0.0407412891487611,-0.0407857384820775,-0.0407975643074102,-0.040798860928435,-0.0408457035319496,-0.0409253376907557,-0.040736326543534,-0.0406181909984937,-0.0404102593711843,-0.0401056726936988,-0.0397642352193243,-0.0394578489329459,-0.0391841585790615,-0.0389194287288315,-0.038667054235233,-0.0384464616408103,-0.0382806489103612,-0.0381924234721685,-0.0382039309655878,-0.0383367505799814,-0.03861180386516,-0.0390489294742336,-0.0396661230376926,-0.0404784793638413,-0.0414968979907892,-0.0427266419968473,-0.0441658720742249,-0.0458043050187306,-0.0476221587287382,-0.0495895377209952,-0.0516663824074711,-0.0538030564386286,-0.055941588471694,-0.0580175281408058,-0.0599623286265049,-0.0617061331869496,-0.0631808190961304,-0.0643231363288949,-0.0650777674486259,-0.0654001294538186,-0.065258740482925,-0.0646369882183206,-0.0635341656922232,-0.061965684381778,-0.0599624308125782,-0.0575692951209721,-0.0548429605180952,-0.0518490931046802,-0.0486591090440772,-0.0453467416247337,-0.0419846095267653,-0.0386410053941223,-0.0353771139749282,-0.0322448375092843
-0.00412011449703294,-0.00545835697498797,-0.00683701310909073,-0.00823796229391772,-0.00965201493872386,-0.0110739925810837,-0.0125007501471276,-0.0139302716383392,-0.0153612126317633,-0.0167926392387667,-0.0182229037509619,-0.0196480348526391,-0.0210620103201879,-0.0224558544349515,-0.0238159848220555,-0.0251216505654514,-0.0263416776049614,-0.0274344824594384,-0.0283717084702367,-0.029217344024823,-0.0300916148240856,-0.0309310931042733,-0.0316478655098763,-0.0322493458416948,-0.03276828492169,-0.0332313065340625,-0.0336564449213737,-0.0340556416913798,-0.0344369277888955,-0.03480583535335,-0.0351662672789839,-0.0355210362455227,-0.0358722064019479,-0.0362213156842014,-0.0365695242357814,-0.0369175442706779,-0.0372652101447261,-0.0376120196856247,-0.0379572260481493,-0.0382996824615846,-0.0386375514743285,-0.0389677183819006,-0.0392845084627664,-0.0395767629698417,-0.0398233570127537,-0.0400183603469078,-0.040214945565069,-0.0403379105750352,-0.0403845276902604,-0.0403969518482212,-0.0403983149317537,-0.0404450609222418,-0.040523910344625,-0.0403324056398242,-0.0402087409392367,-0.0399912852579529,-0.0396747657712857,-0.0393253024685075,-0.0390204471085157,-0.0387554867097814,-0.0385017864125058,-0.0382603065397518,-0.0380498292074004,-0.0378933302631293,-0.0378137417602012,-0.0378333424778682,-0.0379738223495153,-0.0382561893669321,-0.0387003487446853,-0.0393243475682344,-0.0401433208375432,-0.0411681998762699,-0.0424042732180225,-0.0438497221854835,-0.0454942804796847,-0.0473181799909783,-0.0492915369220045,-0.0513743015243406,-0.0535168457943429,-0.0556612055149713,-0.0577429364405779,-0.0596934970365531,-0.0614430351467549,-0.0629234320417326,-0.0640714411933511,-0.0648317482359986,-0.0651597728739208,-0.0650240356366554,-0.0644079263253254,-0.0633107398541843,-0.0617478893758974,-0.0597502629107186,-0.0573627519307185,-0.0546420408426853,-0.0516537967456777,-0.0484694363145957,-0.0451626932267118,-0.0418061865962778,-0.038468209553029,-0.03520994738969,-0.0320833029582248
-0.00403344915034846,-0.00533220258330817,-0.00667308400925331,-0.00803726320266385,-0.00941515864964807,-0.0108013587823271,-0.0121925716210857,-0.0135866845052364,-0.0149822873358476,-0.0163783999943612,-0.0177732925623562,-0.0191627967772156,-0.0205405964206227,-0.0218972891300609,-0.0232186751197946,-0.0244831336325934,-0.0256583974413694,-0.0267021531407157,-0.0275885577205013,-0.028393971595847,-0.0292533589919085,-0.0300947984706619,-0.0308158401267771,-0.0314190711513573,-0.0319369290201592,-0.0323966302570274,-0.0328168081725052,-0.0332098677781169,-0.0335841791445805,-0.0339455208122629,-0.0342979759630682,-0.034644490636661,-0.0349872287398467,-0.0353278035915672,-0.0356674327904111,-0.0360068640510696,-0.0363459235160654,-0.0366840842736932,-0.0370205632914261,-0.0373541595702564,-0.037682951840155,-0.0380036909808182,-0.0383104794642,-0.0385918018693429,-0.0388263135668907,-0.0390117364206466,-0.0392106103096571,-0.0393385080569997,-0.0393873115652933,-0.0394003445450251,-0.039401775461556,-0.0394484228062528,-0.0395264723071045,-0.0393324351250302,-0.0392031991345937,-0.0389763228585816,-0.0386486213005494,-0.0382935055734993,-0.0379948490202789,-0.0377451116648465,-0.0375099128398309,-0.0372872535966526,-0.0370950303024556,-0.0369560898995227,-0.0368934393052899,-0.0369294655566002,-0.0370859560536655,-0.0373839977591457,-0.0378435580691152,-0.0384827328777016,-0.0393166957447114,-0.0403564087618022,-0.0416071852824658,-0.0430672268672142,-0.0447262838862908,-0.0465646020881259,-0.0485523092942564,-0.0506493655726734,-0.0528061512708746,-0.0549647093209397,-0.0570606016319955,-0.0590252919952916,-0.06078893288465,-0.062283409612539,-0.0634454791928538,-0.0642198303747087,-0.0645618856099617,-0.0644401678588475,-0.0638380690784108,-0.062754886099645,-0.0612060337829078,-0.0592224016728571,-0.0568488826047084,-0.0541421622060326,-0.051167908595658,-0.0479975389710622,-0.0447047874065709,-0.0413622734595406,-0.0380382907552353,-0.0347940251415638,-0.0316813800937785
-0.00388192864738168,-0.00511736255232883,-0.00639662794955171,-0.0077002042520217,-0.00901811997420147,-0.0103447285550713,-0.011676588662599,-0.0130114887971567,-0.0143479514361141,-0.0156849488684998,-0.017020666404863,-0.0183507329548445,-0.019668530524226,-0.0209642213221279,-0.022222981735732,-0.0234223292690586,-0.0245289677837915,-0.0255001172443455,-0.026313362144537,-0.0270597727227312,-0.027891369791559,-0.0287263402043837,-0.0294450857964269,-0.0300441115378008,-0.0305551176010597,-0.031005775255401,-0.0314152715798495,-0.031796461264033,-0.0321580509742871,-0.0325060670284294,-0.0328447754407053,-0.0331772582816717,-0.0335057816366196,-0.0338320362686557,-0.0341572989301288,-0.0344823539350715,-0.0348070189677369,-0.0351307416734985,-0.0354527019339696,-0.0357716434680995,-0.036085560247787,-0.0363910690135494,-0.036682055320732,-0.0369466785178726,-0.0371635448307298,-0.0373349817051023,-0.0375346161923277,-0.0376673445952896,-0.0377183729361519,-0.0377320313504066,-0.0377335321756044,-0.0377800778117348,-0.0378573040009468,-0.0376606704845703,-0.0375257711444308,-0.0372895131390366,-0.0369513748357847,-0.0365932036293097,-0.0363059937192939,-0.036078832705419,-0.035870605128251,-0.035675744497432,-0.0355109855460302,-0.0353989263594345,-0.0353625939180431,-0.0354244566874616,-0.0356063855405604,-0.0359295387318145,-0.0364139414656574,-0.0370777358937698,-0.0379361326312508,-0.0390001236540403,-0.0402750466291113,-0.0417591230815866,-0.0434421199231981,-0.0453042967236503,-0.0473157929429239,-0.0494365785191412,-0.0516170422244503,-0.0537992342240265,-0.0559187226701189,-0.0579069767686627,-0.0596941537102386,-0.061212142932499,-0.0623977050701913,-0.0631955320610905,-0.063561049173525,-0.0634627818622231,-0.0628841242990392,-0.0618243752858411,-0.0602989514403776,-0.0583387438771822,-0.0559886468361482,-0.0533053472035587,-0.0503545141501127,-0.0472075654124091,-0.0439382354741871,-0.04061914434949,-0.0373185861739758,-0.0340977473670189,-0.0310085320449281
-0.00365842003050406,-0.00480396598348182,-0.00599506135698929,-0.00721150532505212,-0.00844293255858945,-0.00968345587920738,-0.0109294796884427,-0.0121786897967067,-0.01342953834835,-0.0146809478479876,-0.0159310147866881,-0.0171751558248428,-0.0184064382150741,-0.0196145726376376,-0.0207840952128822,-0.0218916572215787,-0.0229029868925818,-0.0237751132563925,-0.0244900824551172,-0.0251564109989343,-0.0259459274551617,-0.0267652737754542,-0.0274746355223455,-0.028062993548355,-0.0285608440126283,-0.0289961716520439,-0.0293886771272052,-0.0297516569433897,-0.0300941567958267,-0.0304224560505458,-0.0307410090858278,-0.0310530389541975,-0.0313609180835486,-0.031666418080543,-0.0319708775813604,-0.0322751192396923,-0.0325789518889346,-0.032881796586415,-0.0331827945950547,-0.0334806323737382,-0.0337732168297332,-0.0340570288086427,-0.03432573995653,-0.0345672131913153,-0.0347601880986103,-0.0349126924391945,-0.0351114576674905,-0.0352489809970995,-0.0353023095129189,-0.0353166207794424,-0.0353181948129532,-0.0353646338938172,-0.0354409990448405,-0.035241660861973,-0.0351009126050064,-0.0348551710391612,-0.0345072369128859,-0.0341487531743576,-0.0338788024610851,-0.0336824624200682,-0.0335107173338684,-0.0333537251509386,-0.0332267448286052,-0.0331519929315734,-0.0331524579412871,-0.0332506621780642,-0.0334685462320108,-0.0338273324914376,-0.0343471001561006,-0.0350460356026993,-0.0359393854525001,-0.0370381710737763,-0.0383477542750879,-0.0398663765582192,-0.0415838214923404,-0.0434803626404218,-0.0455261513000034,-0.0476811674880966,-0.049895808609412,-0.0521121322631127,-0.054265713035033,-0.0562880257240676,-0.0581092324030014,-0.059661226787228,-0.0608807732724457,-0.0617125671133108,-0.0621120365116878,-0.0620477095235334,-0.0615029826326345,-0.0604771567000816,-0.058985650181268,-0.0570593558334855,-0.0547431693674359,-0.0520937789880953,-0.049176854968639,-0.0460638156107833,-0.0428283958272556,-0.0395432161103325,-0.0362765711298873,-0.033089647902953,-0.030034351215827
-0.00335705500082291,-0.00438376397464808,-0.00545780448130825,-0.00655828574053424,-0.00767443330606876,-0.00880010682018259,-0.009931547067286,-0.011066330368466,-0.0122028336087357,-0.0133399258897377,-0.0144756082906917,-0.0156050697199338,-0.0167210406728805,-0.0178127512293328,-0.0188640623549394,-0.0198507295108543,-0.0207375297844951,-0.021481569045896,-0.0220705098485272,-0.0226335343569614,-0.0233655814324545,-0.0241597739947326,-0.0248524528213421,-0.0254234267325385,-0.0259014902330781,-0.0263148105704415,-0.0266835770584088,-0.027021533051306,-0.0273380755291485,-0.0276397494786458,-0.0279312085951722,-0.0282158259149479,-0.0284960874242815,-0.0287738512907185,-0.029050522537561,-0.029326964996641,-0.0296029780043164,-0.0298779541226472,-0.0301509933549758,-0.0304207212766376,-0.030684952915714,-0.0309400275366379,-0.0311793996467644,-0.0313906556779698,-0.0315528533776188,-0.0316809716147045,-0.0318772265529481,-0.0320196486080051,-0.0320754187759935,-0.0320904290313285,-0.0320920816699087,-0.0321384062968236,-0.0322138480086501,-0.0320116192326537,-0.0318646682712885,-0.0316090668399456,-0.0312516878628695,-0.0308956017953175,-0.0306491737896503,-0.0304927230853418,-0.030367948916363,-0.0302599076205582,-0.0301820280999329,-0.0301560028021828,-0.0302047225354266,-0.0303507377022522,-0.0306160469974979,-0.0310219317092113,-0.0315885228200815,-0.0323340502008915,-0.033273796484432,-0.0344188127970062,-0.0357744856192979,-0.0373390770217097,-0.0391023878294497,-0.0410447061755492,-0.0431361957362102,-0.0453368471069208,-0.0475970667817171,-0.0498589202087565,-0.0520579887830657,-0.0541257532356433,-0.0559923808272274,-0.0575897698264216,-0.0588546886379431,-0.0597318360567483,-0.0601766434194956,-0.0601576415646576,-0.0596582294514145,-0.0586777101474275,-0.0572315040786644,-0.0553505057651113,-0.0530796124965624,-0.050475513894421,-0.0476038814165229,-0.0445361339718907,-0.0413460069340829,-0.0381061213088899,-0.0348847723394674,-0.0317431476838913,-0.0287331528465313
-0.00297596504226892,-0.00385378619739983,-0.00478087877613807,-0.00573561294011948,-0.00670676847821614,-0.00768792671212397,-0.0086751475858515,-0.00966588597655228,-0.0106584350926751,-0.0116516045628408,-0.0126432891086405,-0.0136284239431428,-0.0145993651718118,-0.0155448104123375,-0.016447877331909,-0.0172833483726481,-0.0180150117800998,-0.0186002668633936,-0.0190336438841485,-0.0194687797365083,-0.0201277252155621,-0.0208877099145497,-0.0215569260382561,-0.022104155250186,-0.0225559942977921,-0.0229407002193801,-0.0232789605768729,-0.0235849963792226,-0.0238685866786571,-0.0241365679788766,-0.024393813926953,-0.0246438636715032,-0.0248893292857847,-0.0251321652200104,-0.0253738504344046,-0.0256152946576718,-0.0258562866475399,-0.0260961872505698,-0.0263340506433376,-0.0265684349946783,-0.0267970541271824,-0.0270160927244965,-0.027218772565525,-0.0273924027903136,-0.0275165247063125,-0.0276144757227332,-0.0278067705473965,-0.0279544675336095,-0.0280129379096449,-0.0280287256333333,-0.0280304658674613,-0.0280766629175402,-0.0281510763626008,-0.0279456363020766,-0.0277918302551592,-0.0275254792404706,-0.0271583663664497,-0.0268069674622485,-0.0265904326625134,-0.0264834446625331,-0.026416764046461,-0.0263693853760074,-0.0263525171826177,-0.026387183449521,-0.0264961246025529,-0.026701900408918,-0.0270265619625168,-0.0274914488427543,-0.0281167451718884,-0.0289207263467326,-0.0299187131773373,-0.0311217886236738,-0.0325353657394326,-0.0341577288668448,-0.0359786975967838,-0.0379785759634951,-0.0401275411932164,-0.0423855954903641,-0.0447031553454466,-0.0470222948552945,-0.0492786029301832,-0.0514035668577486,-0.0533273596401381,-0.0549818845905213,-0.0563039145596703,-0.0572381522722091,-0.0577400325470442,-0.0577780893157566,-0.0573357242908453,-0.0564122429956664,-0.0550230680502677,-0.0531990959380924,-0.0509852257085123,-0.0484381485617583,-0.0456235372765004,-0.0426128114389067,-0.0394797069362411,-0.0362968453465596,-0.0331325225516511,-0.0300479269234321,-0.0270949647655367
-0.00252279831318709,-0.00322374769820739,-0.00397623556525866,-0.00475777013670554,-0.00555661019435248,-0.00636601139870133,-0.00718182195134827,-0.00800135447098478,-0.00882280411911299,-0.00964491082357874,-0.0104654446432139,-0.011279043459073,-0.0120776246944528,-0.0128492623336306,-0.0135762041546385,-0.0142320957890581,-0.0147795767131316,-0.0151764200342212,-0.0154252929314379,-0.0157086996999276,-0.0162806633150166,-0.0169996663484948,-0.017640682463827,-0.0181594529277571,-0.0185799552430865,-0.0189305353618527,-0.0192324581710406,-0.0195005016035613,-0.0197448911752124,-0.019972804421951,-0.0201893724776512,-0.0203983290379671,-0.0206024338921325,-0.0208037543141927,-0.0210038559170076,-0.0212037022246689,-0.0214030695967287,-0.021601281712736,-0.0217973390591631,-0.0219897208633981,-0.0221760224986109,-0.0223522479288137,-0.0225113474889828,-0.0226403097445956,-0.0227192613091631,-0.0227814243609158,-0.0229689105606284,-0.0231227636481854,-0.0231843958660778,-0.023201094621992,-0.0232029375237588,-0.0232489850409157,-0.0233221934045759,-0.0231129909370132,-0.0229511584873204,-0.0226722424750043,-0.0222938345654213,-0.0219482189723472,-0.0217672498794731,-0.0217189555977149,-0.0217211908731305,-0.0217457913357143,-0.0218013370836996,-0.0219080564857791,-0.0220885077398253,-0.0223652584370583,-0.0227604193112032,-0.0232953972071852,-0.0239904378739983,-0.0248638696449591,-0.0259310577956016,-0.0272031224061623,-0.0286855075432263,-0.0303765235597239,-0.0322660119744096,-0.0343342954105832,-0.0365515669408538,-0.0388778423502818,-0.0412635498268357,-0.0436507735900507,-0.0459751113481178,-0.0481680580657143,-0.0501597934685489,-0.0518822267781346,-0.0532721360532037,-0.0542742286219611,-0.0548439433831671,-0.054949817892598,-0.0545752570890983,-0.0537195693737672,-0.052398179937991,-0.050641987566399,-0.0484958933706678,-0.0460165904015948,-0.0432697529860299,-0.0403268015038659,-0.0372614724444886,-0.0341463880566751,-0.0310498449707157,-0.0280330323951141,-0.0251478575701607
-0.00202183216360834,-0.00252563984733108,-0.00308385714252127,-0.00367288418640124,-0.00428032051514933,-0.00489901310289997,-0.00552454575365456,-0.00615405403156127,-0.00678561133845901,-0.00741787117491463,-0.00804844915604172,-0.0086716145531186,-0.00927873996985712,-0.00985712239276526,-0.0103879194336531,-0.0108433340997777,-0.0111844870400555,-0.0113693362335283,-0.0114098168821006,-0.0115222977928189,-0.0119986038414641,-0.0126750945602077,-0.0132876893552136,-0.0137770489284841,-0.0141643087095041,-0.0144780769927922,-0.0147403961242914,-0.0149667613983827,-0.0151679641882925,-0.0153516106595238,-0.015523153932102,-0.0156865701674359,-0.0158448028271484,-0.0160000592411609,-0.0161540124642772,-0.0163076926743477,-0.0164608608603241,-0.0166127945904931,-0.0167624276125867,-0.0169081407358523,-0.0170473809615611,-0.0171759240195069,-0.0172863714744576,-0.0173652733418626,-0.0173933087709496,-0.0174151293226571,-0.0175982138615638,-0.0177599424587265,-0.0178255207184024,-0.0178433504339334,-0.0178453205662637,-0.0178911828183122,-0.0179628967288842,-0.0177490184208396,-0.0175771628523528,-0.017282356901251,-0.0168888918489405,-0.0165477438287179,-0.016405920070896,-0.0164236496996027,-0.0165035863988223,-0.016609198648687,-0.0167460517164948,-0.0169335010611721,-0.0171939346934742,-0.017549959274497,-0.0180237759907805,-0.018636884884342,-0.0194096141910059,-0.0203603617871401,-0.021504550668129,-0.0228533486941025,-0.0244122395979459,-0.0261795668360298,-0.0281451997227219,-0.0302894843668836,-0.0325826338061285,-0.0349846808956467,-0.0374460684968724,-0.039908893505224,-0.0423087646291096,-0.0445771864192194,-0.0466443469869005,-0.0484421629149395,-0.0499074187448436,-0.0509848275306283,-0.0516298332418089,-0.0518109779357537,-0.0515116705564553,-0.0507312230756382,-0.049485063873725,-0.0478040945882051,-0.0457332188866385,-0.0433291321125838,-0.0406575105105889,-0.0377897754436349,-0.0347996641470611,-0.0317597997008312,-0.0287384796630911,-0.0257968942797773,-0.022986951953201
-0.00150668765633052,-0.00180404822034601,-0.00215961339573909,-0.00254828546767089,-0.00295679377767172,-0.00337745266268892,-0.00380550403902735,-0.00423785571069596,-0.00467242500219467,-0.00510775489605689,-0.00554126379210029,-0.00596674975934264,-0.00637488693975174,-0.00675197111017414,-0.00707774212033166,-0.00732249029365931,-0.00744519981605724,-0.00740349152900732,-0.00721946090089881,-0.00714880710761906,-0.0075279004804199,-0.00816712217546067,-0.00875684803393639,-0.00922069670953507,-0.00957700452151872,-0.00985502830324037,-0.0100779313473288,-0.0102621814109721,-0.0104193186747985,-0.0105575092621358,-0.0106826236053706,-0.01079895045286,-0.0109096691814511,-0.0110171665394252,-0.0111232529611383,-0.0112290437518343,-0.0113342802512792,-0.0114381810118963,-0.0115395941016624,-0.0116367733821471,-0.0117269730430994,-0.0118056684272922,-0.0118649900283065,-0.0118908425809158,-0.011864255201654,-0.0118427913212145,-0.0120234603309524,-0.0121957579904875,-0.0122664345668414,-0.0122857131651761,-0.0122878458383093,-0.0123334714975177,-0.0124032740178867,-0.0121833948155283,-0.0119985770125332,-0.0116828145743167,-0.0112679307563511,-0.0109269304248633,-0.0108249632412707,-0.0109132157936321,-0.0110765541475064,-0.0112687966663652,-0.011492156437543,-0.011765106601716,-0.0121099323459002,-0.0125493507441843,-0.0131057126147761,-0.0138006573255424,-0.0146546310886277,-0.0156861287421274,-0.0169106524085179,-0.0183394346517076,-0.0199780124203466,-0.0218247732528233,-0.0238696232534179,-0.0260929394595182,-0.0284649610890082,-0.0309457432997887,-0.0334857480644379,-0.0360270887427416,-0.0385053882968949,-0.0408521636728402,-0.0429976138049591,-0.0448736647614257,-0.0464171094250099,-0.0475726682075345,-0.0482957915871006,-0.0485550273932065,-0.0483337897007861,-0.0476313950521809,-0.0464632759070527,-0.0448603375498788,-0.0428674869137475,-0.0405414222701803,-0.0379478223118034,-0.0351581096564554,-0.0322460224919949,-0.0292841849602226,-0.0263408958052354,-0.0234773465997464,-0.0207454472331868
-0.000971260604559029,-0.00105053988461849,-0.00119276103310875,-0.00137093227415611,-0.00157069756053817,-0.00178371187513553,-0.00200479591380023,-0.00223057775750835,-0.0024587834602243,-0.00268782076894616,-0.00291486697114937,-0.0031331436650093,-0.00333246897273373,-0.00349790776533698,-0.00360744709624822,-0.00362898542233275,-0.00351874564344323,-0.00323350209236689,-0.00280650326854603,-0.00253856842077771,-0.00281770574162299,-0.00342425671757396,-0.00399619450036065,-0.00443798068728657,-0.00476515838965064,-0.0050080149116089,-0.00519118112090444,-0.00533235645478725,-0.00544401645787546,-0.00553502141449702,-0.00561175662071289,-0.00567889524137227,-0.00573990612274722,-0.00579739580322625,-0.00585334281367711,-0.00590896654581852,-0.00596398430007039,-0.00601754237499291,-0.00606838374051283,-0.00611460608886455,-0.00615322534341223,-0.006179342820124,-0.00618449360531975,-0.00615372890645532,-0.00606823626966752,-0.00600008991759649,-0.00618023432010145,-0.00636584189004791,-0.00644279664245423,-0.00646385019544377,-0.00646618164529167,-0.00651151803427447,-0.00657898139725277,-0.00635174276631167,-0.0061509537893491,-0.00580906564073541,-0.00536633488104815,-0.00502130437344883,-0.00496038979565794,-0.00512441696186533,-0.00537773501551714,-0.00566314789131583,-0.00597914737670896,-0.00634330394807836,-0.00677786383658496,-0.00730572496496196,-0.00794944694885319,-0.00873085488960551,-0.0096705488172133,-0.0107871482962215,-0.0120962562972358,-0.0136091872873119,-0.0153315452188645,-0.0172617728964441,-0.0193898223855509,-0.0216961092477148,-0.0241509052283376,-0.0267142931350437,-0.0293367585887996,-0.0319604352891406,-0.0345209637816991,-0.0369498762837165,-0.0391773850488448,-0.0411354278067259,-0.0427608076858721,-0.043998254128732,-0.0448032255960947,-0.0451442769924824,-0.0450048286784193,-0.0443842027926402,-0.0432978367873824,-0.0417766404089124,-0.0398655245840828,-0.0376211911643139,-0.0351093218346604,-0.0324013407467513,-0.029570987252984,-0.0266908867936827,-0.0238293395637278,-0.0210475387594956,-0.0183973960910171
-0.00037609100289885,-0.000213346541965337,-0.000118721386710055,-6.31559631163597e-05,-3.11079018171234e-05,-1.35110517492099e-05,-4.72523337419206e-06,-1.07238722599212e-06,-6.9193688917446e-08,2.46544854809461e-08,2.29585665481591e-06,1.41539390498824e-05,4.67178121634215e-05,0.000116269639092947,0.000246739606849844,0.000472842976765253,0.000841365950076056,0.00139641984196393,0.00209242476280924,0.00257887980596222,0.00241097243657373,0.00184141386149617,0.00128991583028737,0.000873150327681038,0.000578692060397346,0.000375148011673709,0.000236289714987348,0.000143073256103188,8.20008725246901e-05,4.34531701042906e-05,2.04815857312024e-05,7.99228173570254e-06,2.1995791293361e-06,2.56339118043236e-07,0,9.7209892968575e-08,8.56986770936263e-07,3.21213104248486e-06,8.53470863626526e-06,1.88979210622997e-05,3.75464752578325e-05,6.97879237278043e-05,0.000124737227342908,0.0002182715556861,0.000369004363279746,0.000488853125584665,0.000309513302426068,0.000109369912068169,2.55456393631892e-05,2.54907925606451e-06,0,-4.501967695969e-05,-0.000109922185156375,0.000125371904440619,0.000343635521546926,0.000714080110591708,0.00118714225519867,0.0015361861536799,0.00155142589327417,0.00130344519714848,0.000950474883085306,0.000561844673051481,0.00014317285928428,-0.000322106046911741,-0.000856187401670871,-0.00148216278666102,-0.00222281797246265,-0.00310017995520712,-0.0041350162672894,-0.0053460824465511,-0.00674909148981967,-0.00835544727234439,-0.010170826922812,-0.012193733625024,-0.0144141696729332,-0.0168125927396027,-0.0193593101345703,-0.0220144349020513,-0.0247284785280698,-0.0274435969615949,-0.0300954499849591,-0.0326155865244125,-0.0349342334082277,-0.0369833411276895,-0.0386997240245535,-0.0400281214252888,-0.0409240005283122,-0.0413559239826543,-0.0413073190295576,-0.0407775139342829,-0.0397819516147817,-0.0383515467021188,-0.0365312144956721,-0.0343776607663679,-0.0319565704756241,-0.0293393694544267,-0.0265997983301831,-0.0238104839648943,-0.0210397281417892,-0.0183487258347873,-0.0157893907470217
0.00529645930855509,0.00751415927425811,0.00967133109149365,0.0117925241688225,0.0138915941415782,0.0159768862175264,0.0180537026288707,0.0201255515649456,0.0221948258137143,0.0242632142033173,0.0263337246758081,0.0284135545232697,0.0305134134734883,0.0326487576883573,0.0348417389997492,0.037122979887109,0.0395291158260214,0.0420770723034348,0.0446463056697408,0.0467173770039645,0.0476874565981291,0.0479060751277205,0.0479789292359876,0.0481204132874246,0.0483561562458354,0.0486698210326486,0.0490416759173007,0.0494557286795492,0.0499000190042547,0.0503657468658467,0.050846420847495,0.0513372122378275,0.0518344945397605,0.0523355194219189,0.052838187805951,0.05334120102306,0.0538448592132149,0.0543500652574782,0.0548581353728431,0.0553710319572838,0.0558917646434883,0.0564250988533473,0.0569787479756693,0.0575643069559848,0.0581837478867455,0.0586747305555677,0.0586456845384389,0.0584739486999943,0.0583949664877909,0.0583727710810622,0.0583702904540208,0.0583251753278304,0.0582593649179939,0.0584908407237476,0.0586962205295352,0.0590268661136433,0.0593879423726233,0.0594747893614344,0.0590279003061314,0.0581575024624429,0.057091327277405,0.0559436587171908,0.0547422583786813,0.053481172920541,0.0521435692455227,0.0507092561127951,0.0491571181403155,0.0474661428687828,0.0456162066604481,0.0435889777650408,0.0413690306790589,0.0389451615897746,0.0363118356357565,0.0334706526999916,0.0304316863697435,0.0272145356318259,0.0238489360139194,0.020374807218887,0.0168416630438462,0.013307367235858,0.00983627548176669,0.00649685109603548,0.00335887700377568,0.000490410535742503,-0.00204535633813752,-0.00419315782150753,-0.00590845693122288,-0.00715981288412504,-0.00793065008881089,-0.00822029445975769,-0.00804418695307696,-0.00743324055312478,-0.00643236916886158,-0.00509827738990132,-0.00349664923359816,-0.00169891005304312,0.00022119990402647,0.0021910542214707,0.00414235164303756,0.00601389782127926,0.00775377980206815
0.00348783095804677,0.00507700752613102,0.0065972028624421,0.00807697041895859,0.00953208034617836,0.0109719123376557,0.0124023775963911,0.0138273656260575,0.0152495191069053,0.0166706982470318,0.0180942110301048,0.0195279822422677,0.020983841687991,0.0224789567056551,0.0240381706772979,0.0256964841195182,0.0274978831913497,0.0294717360898253,0.0315168904180925,0.0331355000635616,0.0337344962174894,0.0336556594845844,0.0334839343539025,0.0334135451006115,0.0334571040336489,0.0335907618219217,0.0337904136397915,0.0340374132147111,0.0343181148523611,0.0346226038812257,0.0349436258790194,0.0352758146958185,0.0356151562629501,0.0359586173069625,0.0363038859394252,0.0366495336761707,0.0369958910060214,0.0373439533973485,0.0376951769598731,0.0380517437364949,0.0384170264142378,0.0387964336023753,0.0391989305149563,0.0396388686730854,0.0401250883399409,0.0405106275064947,0.0404185502761679,0.0402200681744603,0.0401320919316992,0.0401075940626232,0.0401048645853678,0.0400601098357171,0.039997271165193,0.0402385037239025,0.0404670031767146,0.0408433926993012,0.0412826697789292,0.0414849490132235,0.0411882443465652,0.0404974646278812,0.0396336202294534,0.0387041520080896,0.0377315657941673,0.0367064151663427,0.0356096405547759,0.0344196231092477,0.0331143094971457,0.0316720524086194,0.0300722855325303,0.0282963597846125,0.0263286164267511,0.0241576763725924,0.0217778704298282,0.0191906937256776,0.0164061368906058,0.0134437323165539,0.0103331614199633,0.00711429945867015,0.00383662336996049,0.00055796606567482,-0.00265734276466334,-0.00574086187986755,-0.00862282721611451,-0.0112351976527021,-0.0135147952245027,-0.0154063662926514,-0.0168653844739447,-0.0178604182639617,-0.0183749002230515,-0.0184081634511384,-0.0179756552572415,-0.0171082942581122,-0.0158509993689377,-0.0142604796392336,-0.0124024227960186,-0.0103482560912793,-0.00817172122158361,-0.0059454462281685,-0.00373773419511414,-0.00160978153103986,0.000386496479030773
0.00233558210977234,0.00352315219817553,0.00463662349936292,0.00570698648174103,0.00675116989572444,0.00777917677527079,0.00879728404173741,0.00980960960701635,0.0108189455431956,0.0118272543634466,0.0128380230000403,0.0138596104268583,0.0149045161062327,0.0159909332768526,0.0171453257642942,0.0184053468600028,0.019819483111778,0.0214248622217723,0.0231328858443871,0.0244608967119921,0.0248238475603889,0.024557555341685,0.0242320327041504,0.0240281661738743,0.0239503145673373,0.0239699629838066,0.0240603227308707,0.0242011312968949,0.0243777223087575,0.0245795088508735,0.0247987777996534,0.0250298407144154,0.0252684515608453,0.025511406782612,0.0257562674607776,0.0260015276790505,0.0262475360395914,0.0264953433104874,0.0267464893059708,0.0270032878201212,0.0272693300482896,0.0275504134878388,0.027856265142195,0.0282029309515046,0.0286035574398393,0.0289213481312088,0.0287897854575937,0.0285750488754607,0.028481673364576,0.0284557994929698,0.0284529215539758,0.0284083817495462,0.0283473172712849,0.0285943866734263,0.0288367714249084,0.0292408365226881,0.0297280479005242,0.0300024542255143,0.0298013036334969,0.0292257917244295,0.0284919617216484,0.0277025623871456,0.0268766710946972,0.0260026208973938,0.0250599567124289,0.0240261725025556,0.0228786353742915,0.0215953073853734,0.020155350740603,0.0185399222750493,0.0167332209442801,0.0147237609463341,0.0125057914579008,0.0100807440590588,0.0074585591380727,0.00465872881439844,0.00171090182661315,-0.00134507337335588,-0.00445974205277533,-0.0075752898545195,-0.0106274027165285,-0.0135476526536573,-0.0162662869191378,-0.0187152741106369,-0.020831444652967,-0.0225595521854803,-0.0238550766667145,-0.0246865921403043,-0.0250375360382136,-0.024907245752443,-0.024311172385117,-0.0232802379146154,-0.0218593642429755,-0.0201052630797999,-0.0180836243641871,-0.0158658764803494,-0.0135257619889545,-0.0111359099007355,-0.00876462439058334,-0.00647310309763605,-0.00431326269902788
0.00161729126233051,0.00255468813703943,0.0034147551198839,0.00423001927362779,0.00501814093565284,0.00578951717588333,0.00655065629711132,0.00730582081549816,0.00805789743028681,0.00880891348074891,0.00956246931703436,0.0103271990526797,0.0111160263140716,0.0119477936865371,0.0128499895592307,0.0138619417567934,0.0150349701899915,0.0164110652954523,0.0179094241057622,0.0190566389368583,0.0192723875146577,0.0188889259583122,0.018467220107357,0.0181799164974499,0.0180262228770499,0.0179746975228909,0.0179968630589941,0.0180714380388786,0.0181831117111525,0.0183208723077823,0.018476716572984,0.0186447520842604,0.0188205859198647,0.0190009066533982,0.0191831948714173,0.0193658955824402,0.019549368866785,0.0197347005286079,0.0199234833899887,0.020118114626323,0.0203223236009918,0.020542153426909,0.0207878114522569,0.0210764093224485,0.021423788601113,0.0216994335420148,0.0215431538771175,0.0213181645828515,0.0212213727394647,0.0211946272100593,0.0211916551830432,0.0211472516092196,0.0210873113211891,0.0213380772188729,0.021589246750262,0.0220107884721048,0.0225281694199182,0.022847754351206,0.0227061896808821,0.0222024058920681,0.0215494544823444,0.020847210045441,0.0201126249553762,0.0193326472874809,0.0184859485169007,0.0175494661397519,0.016500203225703,0.015315876207619,0.0139754764422174,0.0124600385424402,0.0107536717925811,0.00884482311001122,0.00672769018073538,0.00440366448313045,0.00188265468685833,-0.000815872522890948,-0.00366228905267674,-0.00661676339149897,-0.00962985484384604,-0.0126437607857988,-0.0155941770400478,-0.0184126840082333,-0.0210295361052805,-0.0233767080801239,-0.0253910356690421,-0.0270172771198703,-0.0282109164073203,-0.0289405310890956,-0.0291895616831924,-0.0289573483008538,-0.0282593444476134,-0.0271264742320569,-0.025603661449118,-0.0237476194943421,-0.0216240397089237,-0.0193043511947084,-0.0168622970600564,-0.0143705069301099,-0.0118972856710089,-0.00950383170159763,-0.00724206258102844
0.00112841358185713,0.00189577429156608,0.00258355287177769,0.0032253447998867,0.00383932046005636,0.00443615219127555,0.00502251018978164,0.00560275827121162,0.00617984948498621,0.0067558566560344,0.00733445974840802,0.00792448594772616,0.00853915628351937,0.00919776803999439,0.0099285256398845,0.0107719236692251,0.0117812466795125,0.0130018279755847,0.014358130517853,0.0153827579126684,0.0154982461753198,0.0150346314064835,0.0145470614143364,0.0142026712210537,0.0139971549166243,0.013897054872984,0.0138727241128261,0.0139021728911835,0.0139696413633362,0.0140638210887039,0.0141765059101071,0.0143016605854522,0.0144347892544802,0.0145725048420062,0.0147122314537813,0.0148523796516992,0.0149933175705015,0.0151361555914202,0.01528252368909,0.0154348774118511,0.0155970426982024,0.0157752339705439,0.0159799925918512,0.0162291677871852,0.0165404491505888,0.0167875226290364,0.016614287240169,0.0163821641032741,0.0162829814755818,0.0162556246645787,0.0162525866015272,0.0162082786525247,0.0161491271149986,0.0164024840674303,0.0166597999948013,0.0170935275111327,0.0176318163409553,0.017982430633711,0.017881445882474,0.0174263153565625,0.0168281902560354,0.0161850549167032,0.0155124312956973,0.014796323871158,0.0140148050934066,0.0131444292935503,0.0121619482047253,0.0110449083433248,0.00977218269506053,0.00832472108290783,0.00668657051347987,0.00484613113065935,0.00279756479202309,0.000542235049318052,-0.00190997153316141,-0.00453960600832348,-0.00731705469018029,-0.0102024978972893,-0.0131465047415751,-0.0160912808010342,-0.0189725288114962,-0.0217218350426993,-0.0242694589225838,-0.0265473795074499,-0.0284924362542012,-0.0300493906399154,-0.0311737294543279,-0.0318340327189208,-0.0320137431158889,-0.0317122026638827,-0.0309448665546519,-0.029742660391578,-0.0281505092980981,-0.0262251278531783,-0.0240322083822908,-0.021643180491113,-0.0191317876724373,-0.0165706599826458,-0.0140281027729557,-0.011565315009287,-0.00923421486950404
0.000773067302049874,0.00141705233518344,0.00197976909184475,0.00249561051600453,0.00298312892616401,0.00345320329018373,0.00391262555633473,0.00436583583265879,0.00481583719424289,0.00526473678859457,0.00571627468488162,0.00617942377372216,0.00666762930703579,0.0072005308515441,0.00780687057247398,0.00852801613246268,0.0094187135780332,0.0105267567277205,0.0117803994469174,0.0127163521568667,0.0127588979578953,0.0122366474081798,0.0117008330341927,0.0113146731475797,0.0110713007077824,0.0109357707398647,0.0108775674019413,0.0108741724371401,0.0109094898481066,0.0109719886111665,0.0110533100659876,0.0111473114755818,0.0112494194172951,0.0113561897677713,0.0114650040123021,0.0115742467086503,0.0116842920698957,0.0117962690170752,0.0119118355228741,0.0120334910642744,0.0121651341205298,0.0123131074589378,0.0124882017740151,0.0127088137281263,0.0129939888877655,0.0132203997351649,0.0130347169364892,0.012797264568098,0.0126962835566301,0.0126684657739983,0.0126653778648155,0.0126211421062355,0.0125625857039756,0.0128178954703324,0.0130798336560243,0.0135226874878219,0.0140765191929333,0.0144499465292476,0.0143784808571118,0.0139585612841843,0.0134000833653733,0.0127997184204114,0.0121719633722006,0.0115021359435334,0.0107678689722288,0.00994543419021143,0.00901139734572853,0.00794317891608631,0.0067195639164046,0.00532143905659055,0.00373280492421535,0.00194202675825583,-5.67603498760061e-05,-0.00226221373214985,-0.00466446336991833,-0.00724407360406021,-0.00997144154993235,-0.0128067564012003,-0.0157005946327247,-0.0185951679839756,-0.0214261843870301,-0.0241252345247844,-0.0266225815970753,-0.0288502079026712,-0.030744955700417,-0.0322515889002283,-0.0333255964133756,-0.0339355601187404,-0.0340649243305692,-0.0337130325063032,-0.0328953411099239,-0.0316427768728882,-0.0300002659213919,-0.0280245237277993,-0.025781243360758,-0.0233418548063595,-0.0207801018476332,-0.0181686148664807,-0.0155756995802084,-0.0130625553675232,-0.0106811008730402
0.000502993492580157,0.00105340667747815,0.00152122543110988,0.00194146778046039,0.00233298651109271,0.00270682358790872,0.00306986720260946,0.0034266178681589,0.00378011831589914,0.00413250292603101,0.00448755948345958,0.00485437650062837,0.00524657696674835,0.00568407130502674,0.00619602609933217,0.00682449531270785,0.00762536621048177,0.00864833060290504,0.00982449018910958,0.010693437937233,0.0106804842530149,0.0101133272888673,0.00954050902669762,0.00912235225158642,0.00885003685069319,0.00868746735764725,0.00860345053866718,0.00857505401488023,0.00858591746042547,0.00862433436800514,0.00868182560367148,0.00875216338030149,0.0088307128335785,0.0089139846067906,0.0089993263677064,0.00908510203154977,0.00917169063471113,0.0092602358034517,0.00935241769306283,0.00945077053126242,0.00955925006194125,0.00968430007810372,0.00983690672905879,0.0100358930388391,0.0103013467118569,0.0105121486943731,0.0103168936887884,0.0100752600756242,0.00997285711905338,0.00994467383945352,0.00994154636610023,0.0098973679154607,0.00983928367832054,0.010096140819242,0.0103617327166724,0.010811767372054,0.011377726526044,0.0117687279774161,0.0117197186994901,0.0113264211740377,0.0107978908478162,0.0102298565234602,0.00963604941667229,0.00900126448537608,0.00830279662539313,0.00751669906439278,0.00661939319746685,0.00558820140474781,0.00440184008486622,0.00304114663183441,0.0014900853059453,-0.000263006007413358,-0.00222401321815158,-0.00439161006239219,-0.00675593953142861,-0.00929757642443507,-0.0119869263653987,-0.014784185544914,-0.0176399362469738,-0.0204963950755848,-0.0232892740680078,-0.0259501673956889,-0.0284093412417582,-0.0305987804708368,-0.0324553295600564,-0.0339237543462159,-0.0349595454215779,-0.0355312861372556,-0.0356224221015385,-0.0352322979129953,-0.0343763710449253,-0.0330855691239363,-0.0314048190721103,-0.0293908370710285,-0.0271093167793998,-0.024631688485362,-0.0220316962023527,-0.0193819705706481,-0.0167508175980812,-0.0141994369908537,-0.0117797477637954
0.000291343416850942,0.000768608573420676,0.00116219889151027,0.00150763975594054,0.00182402880765706,0.00212254123441588,0.00241014406893797,0.00269138739264244,0.00296934652151368,0.00324617823393997,0.00352570958301213,0.00381712418998881,0.00413419107981688,0.00449704281079177,0.00493519305876861,0.00549125457654553,0.00622203702613133,0.00717874536413354,0.00829468231447172,0.00911147979066784,0.00905497630532831,0.00845231261845591,0.00785018502465479,0.00740672207401238,0.00711156705602423,0.00692770440290502,0.00682339433224011,0.00677536846620452,0.00676705118220899,0.0067865926321049,0.00682541506119749,0.00687722094265986,0.00693732496536204,0.00700220059632284,0.00706916768836852,0.00713657316995775,0.007204800045024,0.00727500403019155,0.00734888349711471,0.00742900116351097,0.0075193596145281,0.0076264850213581,0.00776152219471404,0.00794363777346296,0.00819374681133289,0.00839240439413924,0.00818954485358969,0.00794451389594253,0.00784094579898831,0.00781246213136388,0.00780930210463504,0.00776517081444639,0.00770747488976053,0.0079656028930768,0.00823418774086226,0.00869007520296139,0.00926582808089604,0.00967081897764721,0.00963942757606084,0.00926686467624682,0.00876163261693164,0.00821877264304027,0.00765142820751763,0.00704398384383487,0.00637346608760503,0.00561575350146526,0.00474715159066774,0.00374490373597636,0.00258767094451684,0.00125625072027047,-0.000265422110512836,-0.00198903185890675,-0.00392048149967306,-0.00605845811464345,-0.00839311529133835,-0.0109050363557284,-0.0135646338756269,-0.0163321097567878,-0.0191580510320204,-0.0219846782850014,-0.0247477069137306,-0.0273787339474358,-0.02980802801459,-0.0319675760841109,-0.0337942244533249,-0.0352327405408397,-0.0362386163194477,-0.0367804363498169,-0.0368416473037673,-0.0364215947180333,-0.0355357368959228,-0.0342150022003972,-0.0325043182083432,-0.0304604016850043,-0.0281489467747253,-0.0256413840142604,-0.0230114576066751,-0.0203317984048325,-0.017670712655562,-0.0150894003344069,-0.0126397807605972
0.000121842750034372,0.000540697140544374,0.000874972982379818,0.00116061833963285,0.00141693572396001,0.00165521214505074,0.00188248097131585,0.00210333406705129,0.00232087425294819,0.00253727723306596,0.00275640326141446,0.00298751633426603,0.00324450873919135,0.00354770016284861,0.00392689579617922,0.00442517549358129,0.00510011385239784,0.00600415170440688,0.00707232571681604,0.00784769495015786,0.00775626186790646,0.00712486824341496,0.00649897800827559,0.00603503250502113,0.0057214388009974,0.00552042717246259,0.00539980545701602,0.00533602547315859,0.00531233155714572,0.00531675362488304,0.00534063100555926,0.00537760743350801,0.0054229550496675,0.005473115932488,0.00552538643135247,0.00557809911367713,0.00563164033623831,0.00568717602776836,0.00574641992691749,0.0058119587428741,0.00588783441057206,0.00598064207275573,0.00610165873671742,0.00627033509641872,0.00650825875145955,0.00669727262272757,0.00648822661812343,0.00624036210825585,0.00613581340501834,0.00610707611956596,0.00610388857493094,0.0060597971569456,0.00600242931472528,0.00626162953612575,0.00653273251041153,0.00699351795555658,0.00757738510503525,0.00799378245593674,0.00797651849512537,0.00762044091985348,0.00713370754015219,0.00661085672186812,0.00606457271020855,0.00547891065062833,0.00483067886677935,0.0040956128341364,0.00324992266270496,0.00227078648112711,0.00113681942263733,-0.000171214116579277,-0.00166940378522684,-0.00336945238128483,-0.00527727711319526,-0.0073915762091209,-0.0097025121172527,-0.012190675301685,-0.0148264841491321,-0.0175701453591435,-0.0203722499512566,-0.0231750218528205,-0.0259141792876078,-0.0285213216893518,-0.0309267197453114,-0.0330623621971033,-0.0348650968762017,-0.0362796925351169,-0.0372616423113242,-0.0377795317863483,-0.0378168085299605,-0.0373728188712453,-0.0364630218147703,-0.035118346345734,-0.0333837205945534,-0.0313158618199071,-0.028980464576799,-0.0264489596122373,-0.0237950912896111,-0.0210914906414877,-0.0184064641166723,-0.0158012119182895,-0.0133276536226824
-1.60770725438214e-05,0.000355410362110176,0.00064154752800423,0.000878641893196697,0.00108617097285266,0.00127551761734487,0.0014537721944311,0.00162556253963878,0.00179401518690392,0.00196132217446404,0.0021313724295971,0.00231349932810088,0.00252170142311636,0.0027764593969738,0.0031078284556777,0.00355928706168218,0.00418905704230482,0.00505060760781628,0.00608035910312205,0.00682233719060293,0.00670243273173282,0.00604738366606933,0.00540188366860805,0.0049210675012652,0.00459233100961964,0.0043772744695435,0.00424332374208802,0.00416669283495918,0.00413047237926456,0.00412258930964782,0.00413431176492818,0.00415923295294174,0.00419258836256975,0.00423079300330509,0.0042711229387038,0.00431189833454215,0.00435350844174409,0.00439712799934622,0.00444448398624964,0.00449818374476751,0.00456230296581561,0.0046434957499295,0.00475315152558464,0.00491096050880546,0.00513906696114952,0.00532031164361779,0.00510614067153559,0.00485586385799097,0.00475047231618198,0.00472151631957729,0.00471830501478454,0.00467424803018879,0.00461716332120021,0.00487728749329952,0.00515055409408005,0.00561552431315304,0.00620625021891519,0.00663212081357001,0.00662636924073534,0.00628359190654548,0.00581175940064516,0.00530504608087068,0.00477577342595392,0.00420772790334467,0.00357753716438136,0.00286081722388287,0.00203369812539012,0.00107330302492814,-4.17917027980552e-05,-0.00133084969989006,-0.00280998138377864,-0.00449090526735985,-0.00637955067740492,-0.00847462534528887,-0.0107662992834151,-0.0132351690567372,-0.0158516580307156,-0.0185759770106255,-0.0213587204336292,-0.0241421150958749,-0.0268618816474754,-0.0294496215882615,-0.0318356073757058,-0.0339518292765483,-0.0357351364429193,-0.0371302987761792,-0.0380928104173768,-0.0385912578280587,-0.03860908935235,-0.0381456520028938,-0.0372164053893886,-0.0358522790341617,-0.0340982015455283,-0.0320108906083036,-0.0296560411322091,-0.0271050840458524,-0.0244317638510793,-0.0217087117356354,-0.0190042343226796,-0.0163795320117441,-0.0138865246009946
-0.000129661637466333,0.000202970060680471,0.000449581208909255,0.000646790035478156,0.000814226105606913,0.000963355831524654,0.00110131940833669,0.0012327761791133,0.00136087347928543,0.00148781769124484,0.00161752293891232,0.00175938353421246,0.00192749124249364,0.00214246766919129,0.0024345861513243,0.00284767111721329,0.0034405011071682,0.00426741398734576,0.00526594367519867,0.00598072611511413,0.00583732642432233,0.00516253011738232,0.00450061841517901,0.00400571328821642,0.0036643726995238,0.00343766247438992,0.0032926806455903,0.00320543569362919,0.00315888478492254,0.00314086513083123,0.00314258268779932,0.00315758644517883,0.00318107976798532,0.00320945391402649,0.0032399671318315,0.00327092869013812,0.00330273038176099,0.00333655467957739,0.00337414016932924,0.00341811224687516,0.00347257606148776,0.00354423697616224,0.00364458163805859,0.00379350553142865,0.0040136203526796,0.00418854087181464,0.00397006221674845,0.0037176969131727,0.00361156836063115,0.00358242045973234,0.0035791882802817,0.00353516155279221,0.00347832545996329,0.00373925971270783,0.00401441761970134,0.00448302450737392,0.0050796435996816,0.00551349918174704,0.00551724504160889,0.00518531277921097,0.0047256076685912,0.00423204740310512,0.00371666509016622,0.00316302529565227,0.00254760390250774,0.00184591564837144,0.00103402230418415,8.89999605493408e-05,-0.00101060829405186,-0.00228409024168785,-0.00374757421894056,-0.00541279232256131,-0.00728568437158639,-0.00936496633767536,-0.0116408148010312,-0.014093831630372,-0.0166944445242857,-0.0194028678650888,-0.0221696990703213,-0.0249371674400959,-0.0276409957440068,-0.0302127872880389,-0.0325828160781909,-0.0346830737161989,-0.0364504105108538,-0.0378295973702339,-0.0387761293152297,-0.0392585935792562,-0.0392604391858806,-0.038781013747743,-0.037835777405875,-0.0364556601543506,-0.0346855910213326,-0.032582288066089,-0.0302114465100901,-0.0276444974415525,-0.0249551854840011,-0.0222161419615047,-0.0194956736503775,-0.0168549811226063,-0.0143459843710876
-0.000224091880949281,7.63840605001592e-05,0.000290248836087623,0.000454393222193844,0.000588580807913491,0.0007043519263156,0.000808890969522968,0.000906885284388537,0.00100150072250324,0.00109495644862162,0.00119118905494231,0.00129964716311076,0.00143450550550578,0.00161651085410819,0.00187612964348266,0.00225749092350808,0.00281985882247676,0.00361831425559878,0.00459129197995212,0.00528375681231052,0.00512077837852914,0.0044293096226824,0.00375350207280922,0.00324669647331921,0.00289474931429423,0.00265826709802486,0.00250406258147362,0.00240796407894051,0.00235281118828401,0.00232636180783319,0.00231976678371926,0.0023265358385095,0.0023418437675965,0.00236206068066502,0.00238442895034652,0.00240724812909554,0.00243091227518166,0.00245661075045922,0.00248609246547471,0.00252199884463233,0.0025684611213892,0.00263222987802747,0.00272487703819113,0.00286647643400684,0.00308003701194703,0.00324977112895741,0.00302762763216691,0.00277342819227944,0.00266664570701325,0.00263732694130747,0.00263407615169919,0.00259007640385456,0.00253346183768388,0.00279511679507194,0.0030719522240068,0.00354376533841072,0.00414551886627512,0.00458618896353613,0.00459784636505489,0.00427482615244568,0.00382506468991828,0.00334230771706401,0.00283835857959425,0.00229659675642446,0.00169336909720474,0.00100410335985357,0.000204802313719332,-0.000727498801369353,-0.00181428588289667,-0.00307486778989585,-0.00452538853934625,-0.00617759213778812,-0.00803742761926174,-0.010103618203756,-0.0123663462567399,-0.0148062183247309,-0.0173936659324598,-0.0200889066241533,-0.0228425404544238,-0.0255967989409214,-0.0282874067318005,-0.0308459687351311,-0.0332027603314173,-0.0352897743081375,-0.0370438620020203,-0.0384097952163004,-0.0393430697545986,-0.0398122735372893,-0.0398008561929135,-0.0393081658685207,-0.0383496631785377,-0.0369562785375064,-0.0351729413478613,-0.0330563700027613,-0.0306722600017074,-0.0280920425752748,-0.0253894624554889,-0.0226371510879571,-0.0199034153854946,-0.0172494560737645,-0.014727193319135
-0.000303194941990131,-2.95129577807668e-05,0.0001570308763756,0.000293569357196405,0.000399985699646083,0.000487886458413911,0.000564495726899678,0.000634526058345131,0.000701159996032985,0.000766628240320644,0.000834887673744678,0.000915435937943132,0.00102252255318402,0.00117700687750627,0.00140952845222314,0.00176448792429418,0.00230157817522397,0.00307652273191045,0.00402848687667234,0.00470253849620456,0.00452311511380393,0.00381743345416174,0.00312974235713426,0.00261278684943655,0.00225183108542126,0.00200708230898561,0.00184510200728383,0.00174155858982805,0.00167918678298673,0.00164567348587208,0.00163212008145108,0.00163200097915472,0.0016404652423444,0.0016538639110848,0.00166942503007617,0.00168543937805865,0.00170230305805585,0.00172121164646943,0.00174392335509721,0.00177309402005354,0.00181287826451393,0.00187006706336712,0.00195630807611447,0.00209183196800788,0.00229998880406879,0.00246544719683861,0.00224015296601288,0.00198432258237524,0.0018769524998169,0.00184747966564958,0.00184421207355889,0.00180023668910112,0.00174382202425194,0.00200612633215835,0.00228446857933484,0.00275914411835454,0.00336542574992094,0.00381197436861103,0.00383027434506622,0.0035146190268498,0.00307305330834029,0.00259921890429982,0.00210473633251895,0.0015728294416878,0.00097973423073261,0.000300802908937747,-0.000488013345091631,-0.00140971517541555,-0.00248581402895742,-0.00373563739424343,-0.00517534317991275,-0.00681668596485774,-0.00866562297778251,-0.0107208838946379,-0.0129726562411073,-0.0154015507415159,-0.017978002341871,-0.0206622314167597,-0.023404840383708,-0.0261480627491604,-0.0288276248474838,-0.0313751330258636,-0.033720863900386,-0.0357968113250774,-0.037539827561837,-0.0388946852199944,-0.0398168808083685,-0.0402750028665145,-0.0402525015684841,-0.0397487255433728,-0.0387791358327867,-0.0373746632307523,-0.035580237477622,-0.0334525772680642,-0.031057378352691,-0.0284660720906621,-0.0257524033119892,-0.0229890035720117,-0.0202441799067653,-0.017579133180586,-0.0150457837163257
-0.000369870447707518,-0.000118634646485205,4.49875394623878e-05,0.000158346206523524,0.000241432538445191,0.000305913078841924,0.000359047983394228,0.00040557274759509,0.000448685129854604,0.000490626357159518,0.000535371839876009,0.000592463958808076,0.000676220402606398,0.000807602932837492,0.00101740801495909,0.00135028115433361,0.00186629795401239,0.00262174316296421,0.00355637443887574,0.00421517925348552,0.00402185175703851,0.00330395086473656,0.00260600726569171,0.00208032081870946,0.00171165182189625,0.00145985692855455,0.00129127390020289,0.00118142764904761,0.00111295831013236,0.00107348851376732,0.00105407475092978,0.00104815931796276,0.00105086784280928,0.00105853397805289,0.00106837269319249,0.00107866675602131,0.0010898141357425,0.00110301607746122,0.0011200392658467,0.00114355264003951,0.00117773203178084,0.00122940490085099,0.00131028691686963,0.001440748150913,0.00164443429350236,0.00180635551585517,0.00157832721137219,0.0013210304168414,0.00121312643056359,0.00118351312133258,0.00118023018964486,0.00113627705135244,0.00108004478687251,0.00134294069598484,0.00162265158751196,0.00209991120006758,0.00271022983748381,0.00316189845173842,0.00318581213730351,0.00287626701852906,0.00244147950114126,0.00197504244595659,0.00148843161997469,0.000964739124345027,0.000380104843632045,-0.000290185299227863,-0.00107022571256687,-0.00198304890091017,-0.00305018907721044,-0.00429099037724701,-0.00572162315278379,-0.00735385147200329,-0.00919363993206823,-0.0112397240233081,-0.0134822959255593,-0.0159019701361651,-0.018469184694607,-0.02114416253745,-0.0238775082231952,-0.0266114570619217,-0.0292817369184926,-0.0318199554473175,-0.0341563903875908,-0.0362230365634405,-0.0379567470787546,-0.0393022952768696,-0.0402151783090364,-0.0406639852791632,-0.0406321668586701,-0.0401190721163427,-0.0391401624835361,-0.0377263691006171,-0.0359226220164215,-0.0337856402009299,-0.0313811196340856,-0.0287804917924852,-0.0260575015956073,-0.0232847806989829,-0.0205306362511017,-0.017856269242843,-0.0153136001398055
-0.000426359802324597,-0.000194006353376172,-4.96998054347747e-05,4.41069957216045e-05,0.000107503658849817,0.000152211614264569,0.00018552410119782,0.0002121977042088,0.000235444188318112,0.00025751448136907,0.000282401079106764,0.000319687597959917,0.00038375447714567,0.000495657547142869,0.000686336950428301,0.00100066115883624,0.00149905079996615,0.00223828516428859,0.00315860101573967,0.00380475476430542,0.00359960566437867,0.00287111927233297,0.00216425968560996,0.00163100507887304,0.00125568440851509,0.000997843606060922,0.000823619265548081,0.000708406236894943,0.000634758480431152,0.000590239867466869,0.000565865738830662,0.000555048897114663,0.000552893414573097,0.000555716933057226,0.000560722372144329,0.000566185112941597,0.000572504844660426,0.000580888034398375,0.000593109161653893,0.000611849197413306,0.000641303396500481,0.000688332504356293,0.00076471387474486,0.000890942711391896,0.001090923054621,0.00124991255834317,0.00101949157338399,0.000760863086379238,0.000652469147083723,0.00062272648835171,0.00061942941431381,0.000575496789430918,0.000519432601975178,0.000782872845934035,0.00106383927876008,0.00154345507752907,0.0021574085317525,0.00261357567300358,0.00264225978805854,0.00233779631884468,0.0019086249263961,0.00144833489712604,0.000968288471104528,0.000451465576359444,-0.000126077942462666,-0.000789114860974882,-0.00156178025666387,-0.00246713519922792,-0.00352673438809514,-0.00475993698305721,-0.0061829245927838,-0.00780746988793735,-0.00963954415764157,-0.0116778881813159,-0.0139126983786052,-0.0163245926884729,-0.0188840119755284,-0.021551181518594,-0.0242767078354607,-0.0270028278882727,-0.0296652709449338,-0.0321956458590983,-0.034524231401037,-0.0365830232860102,-0.0383088753918061,-0.0396465617367766,-0.0405515800632489,-0.0409925199945731,-0.0409528326601661,-0.0404318675338151,-0.0394450864059961,-0.038023420736306,-0.0362118008579628,-0.0340669459948211,-0.0316545523383207,-0.0290460514733728,-0.0263151884019696,-0.0235345948720034,-0.0207725781356269,-0.018090339300324,-0.0155397989631925
-0.00047442398872076,-0.00025800504499042,-0.000130031430305141,-5.27756623587006e-05,-6.05759443195186e-06,2.189487431839e-05,3.84056053843174e-05,4.82507411981026e-05,5.46550548965741e-05,5.98784929318197e-05,6.79294447055723e-05,8.84298676838147e-05,0.000135818475345106,0.000231238280532509,0.000405762156246881,0.00070446344873204,0.00118807665053527,0.00191382045943084,0.0028223170361848,0.00345796696666673,0.00324271870843906,0.00250499788165126,0.00179032754003383,0.00125046636424908,0.000869371942848751,0.000606312448444668,0.000427241954556123,0.000307436352840251,0.000229370384590033,0.000180553715153464,0.000151963627109009,0.000136985593570005,0.000130703684201205,0.000129420667607794,0.000130328260512846,0.000131694973096619,0.000133922093820793,0.000138220942682454,0.000146373233815167,0.000161071084959108,0.00018652769861649,0.000229634462085127,0.000302225184905636,0.00042490840469156,0.000621815687824712,0.000778374317813468,0.000545842950817277,0.000285994112237287,0.000177146535621286,0.000147283719450497,0.000143973492209071,0.000100059949163178,4.41520048661825e-05,0.000308097530913098,0.000590226049163145,0.00107200970728938,0.00168926552967597,0.00214941732615948,0.00218217439138069,0.00188194174463496,0.00145742517697378,0.00100224788901659,0.000527684428712205,1.66187407832918e-05,-0.000554967385548055,-0.00121189915091857,-0.00197834823638487,-0.00287740155274441,-0.00393063240162872,-0.00515741362509436,-0.00657393710830367,-0.00819198339143123,-0.010017529896461,-0.0120493222577824,-0.0142775607924119,-0.0166828666071034,-0.0192356831698027,-0.0218962379200309,-0.0246151391847478,-0.0273346254529191,-0.0299904272901521,-0.0325141546601577,-0.034836087288194,-0.0368882217154326,-0.0386074125373064,-0.0399384343984306,-0.0408367855897718,-0.0412710562170386,-0.0412246978350915,-0.0406970602940743,-0.0397036057182869,-0.0382752658641307,-0.0364569713293126,-0.0343054415738349,-0.0318863729859229,-0.0292711972512538,-0.0265336594485827,-0.0237463914117019,-0.0209777004891575,-0.0182887878968273,-0.0157315743540264
-0.000515465351665259,-0.000312523646434776,-0.000198396660695696,-0.000135190521481532,-0.000102641114230223,-8.89291795627134e-05,-8.67022838278164e-05,-9.11660020698757e-05,-9.90833846671868e-05,-0.000108186034784463,-0.000114450661899135,-0.000108219378315122,-7.49989245449334e-05,6.43515865594857e-06,0.000167279356725836,0.000452796818887047,0.000924009941806136,0.00163853088466331,0.00253728907974926,0.00316422519568038,0.0029403135035137,0.00219448428731184,0.0014729243238969,0.000927258013871501,0.000541121566689173,0.000273532864178749,9.02789956467309e-05,-3.3473854761934e-05,-0.000115324370476122,-0.000167813299475794,-0.00019999884201749,-0.000218521051806086,-0.00022831456818817,-0.000233090548407922,-0.000235667773096693,-0.000237784173448774,-0.000239036962335959,-0.00023821027425186,-0.000233515627035885,-0.000222250493406628,-0.000200184952118931,-0.000160399176373671,-9.10072565567521e-05,2.87028481373852e-05,0.00022306454162857,0.000377609817357016,0.000143203333550446,-0.000117773101268037,-0.000227044066565263,-0.000257019384266033,-0.000260341940887643,-0.000304237594389911,-0.000359999151622992,-9.55808703464456e-05,0.000187631890109841,0.00067142652662433,0.00129170773147358,0.00175541593963657,0.00179166457765578,0.00149495348733453,0.00107429037452256,0.000623363625319784,0.000153381635655148,-0.000352854138298109,-0.000919427641716042,-0.00157121127244852,-0.0023324099274501,-0.00322613408891237,-0.00427397409072983,-0.00549531533935765,-0.00690635917964499,-0.00851889341066492,-0.0103389011214736,-0.012365132439783,-0.0145877912947479,-0.0169875017327556,-0.0195347096403804,-0.0221896444665963,-0.0249029162224711,-0.0276167648194646,-0.0302669220331727,-0.0327849988630375,-0.0351012759259622,-0.0371477505346914,-0.0388612779554524,-0.0401866334185094,-0.0410793157281346,-0.0415079154414933,-0.0414558845117892,-0.0409225731416596,-0.0399234437681488,-0.0384894284258044,-0.0366654579602452,-0.0345082520528628,-0.0320835072764017,-0.0294626554110398,-0.026719441607481,-0.0239264977800535,-0.0211521313676359,-0.0184575436876698,-0.0158946555739363
-0.000550613553464072,-0.000359087039019435,-0.00025672027836518,-0.000205464698873781,-0.000184977729015767,-0.000183395896522692,-0.000193339915047358,-0.000209998146733725,-0.000230122162948987,-0.000251435593023097,-0.000269901077714796,-0.000275826820955172,-0.000254668144051839,-0.000185123952133048,-3.58817949620005e-05,0.000238498637906426,0.000699305869619693,0.00140450697214428,0.00229527308297545,0.00291499754779656,0.00268362718692872,0.00193063441477037,0.00120295771324874,0.000652158728940533,0.000261594238393892,-9.94512234708811e-06,-0.000196826215052126,-0.000323984803296762,-0.000409088135086,-0.000464724190642474,-0.000499984492986716,-0.000521533110763639,-0.000534322307402135,-0.000542076371451095,-0.00054762398921393,-0.000552709173014865,-0.000556927721406031,-0.000559059481186286,-0.00055730959347422,-0.000548965739777474,-0.000529782310862315,-0.000492812887689431,-0.00042612311421808,-0.000308905693381156,-0.000116646937379561,3.62353657058501e-05,-0.000199848839957717,-0.000461875066925854,-0.00057154405098625,-0.000601625449388576,-0.000604959644480152,-0.000648838408374264,-0.00070446184451689,-0.000439598087765614,-0.000155366373477128,0.000330307653600981,0.00095338188444638,0.00142028720200915,0.00145953955838829,0.00116575481504366,0.000748272648270043,0.000300872883877146,-0.000165284155818624,-0.000667468179343378,-0.00122982188462095,-0.00187726048072412,-0.00263401923846995,-0.00352323030737101,-0.00456649973659051,-0.00578322455927316,-0.00718961489477321,-0.00879746528884751,-0.0106127641069457,-0.0126342656667371,-0.014852177270265,-0.0172471257121893,-0.0197895591427727,-0.0224397088935926,-0.0251481865549253,-0.0278572333732404,-0.0305025822605326,-0.0330158451896563,-0.0353273036160214,-0.0373689555783715,-0.0390776569744322,-0.0403981835860693,-0.0412860347012061,-0.0417098013025641,-0.0416529357189576,-0.0411147884854973,-0.0401108223343025,-0.0386719695624205,-0.0368431612494646,-0.034681117285858,-0.032251534418563,-0.0296258445169991,-0.0268777927998057,-0.0240800112573288,-0.0213008074136996,-0.0186013826821922,-0.0160336580045704
-0.000580787744809519,-0.000398935963930952,-0.000306568419475906,-0.00026549170430995,-0.000255289439985595,-0.000264056426812626,-0.000284387976542705,-0.000311456140916044,-0.000342001600766695,-0.000373740413668333,-0.000402621853975826,-0.000418921923124815,-0.000408047161428615,-0.000348623897435951,-0.00020923016900537,5.57408284502792e-05,0.000507825367393577,0.00120531289990705,0.00208956092444629,0.00270334166030151,0.00246552948211609,0.0017061705792506,0.000973029434545025,0.000417665321082006,2.31909855676893e-05,-0.000251810733626345,-0.000441849651107273,-0.000571956930270456,-0.000659864282690825,-0.000718204236711761,-0.00075609981555369,-0.000780237827114671,-0.000795587243541895,-0.000805884814294222,-0.000813968632127349,-0.000821588486559666,-0.000828338832981057,-0.00083299544801918,-0.000833757426252357,-0.000827903179670186,-0.000811172280769212,-0.000776593276976545,-0.000712186448858954,-0.000597056202454205,-0.0004065267565454,-0.000255011681053796,-0.00049260701533671,-0.000755617382042773,-0.000865662978881354,-0.000895845040535304,-0.000899190291166585,-0.000943053009109573,-0.000998545298382614,-0.000733259083082638,-0.000448063502471063,3.93788820907126e-05,0.000665050062882422,0.00113484925756546,0.00117669357072425,0.000885332781428549,0.000470463918844644,2.59804149196352e-05,-0.000436990221211686,-0.000935779305178963,-0.00149458239544376,-0.00213835381082839,-0.00289135679764718,-0.00377674356592272,-0.00481613476875165,-0.00602893827463791,-0.00743137239929559,-0.00903523800294459,-0.0108465283977401,-0.0128640018353507,-0.0150778687888138,-0.0174687586396084,-0.0200071216709468,-0.0226531909899633,-0.0253575796776556,-0.0280625302416625,-0.0307037766682953,-0.0332129318512313,-0.0355202780395576,-0.0375578139595745,-0.0392623961073345,-0.0405788007875796,-0.0414625277468752,-0.0418821683716342,-0.0418211753470977,-0.0412788995239814,-0.0402708039145562,-0.038827821065148,-0.0369948822776613,-0.0348287076410877,-0.032394994067946,-0.0297651735124401,-0.0270129912577656,-0.024211079366475,-0.021427745443663,-0.0187241909936039,-0.0161523370605662
-0.000606742444180325,-0.000433088942112705,-0.000349226727514529,-0.000316825926346576,-0.000315400297332791,-0.000333005021461247,-0.000362211239099186,-0.00039817545703183,-0.000437627964680776,-0.000478277588881637,-0.000516060833245957,-0.000541222943558684,-0.000539123916714512,-0.000488320947410581,-0.000357288034705527,-0.000100260927602125,0.000344528807976918,0.00103566540808675,0.00191464578129052,0.00252355839875745,0.00228016700276124,0.00151511841174135,0.000777066151484984,0.000217618347506332,-0.000180326251011498,-0.000458376106511671,-0.000651174657542941,-0.000783842913403832,-0.000874173570811543,-0.000934841429633737,-0.000974999467450055,-0.00100135614944208,-0.00101889638009867,-0.0010313688011947,-0.00104162048853484,-0.00105140675103421,-0.00106032076128482,-0.00106713441023676,-0.00107004102596209,-0.00106631019341508,-0.00105166740449425,-0.00101911749515371,-0.000956637997590937,-0.000843250924040584,-0.000654133830323977,-0.000503735094119495,-0.000742700241079253,-0.00100663906154963,-0.00111704311546068,-0.00114732124556771,-0.00115067705732319,-0.00119452444486046,-0.00124989150241461,-0.000984202350380325,-0.000698089626573806,-0.00020897306078338,0.000419128755080211,0.000891564606035455,0.000935651576607466,0.000646288549546292,0.000233551445528279,-0.000208533890242335,-0.000668859815488809,-0.00116481114523237,-0.00172063130025923,-0.00236131056938582,-0.00311113814003117,-0.00399328491979722,-0.00502938522302909,-0.00623885708243732,-0.00763792651965078,-0.00923840034276413,-0.0110462765310172,-0.0130603170529557,-0.015270735381375,-0.0176581633476303,-0.0201930532569879,-0.0228356399013524,-0.0255365377773852,-0.0282379905912651,-0.0308757333509722,-0.0333813798264018,-0.0356852130222993,-0.0377192323198902,-0.0394202947854523,-0.0407331772222204,-0.0416133798141956,-0.0420294943329417,-0.0419649738038574,-0.0414191693789321,-0.0404075443379573,-0.0389610314653339,-0.0371245622752943,-0.0349548570465597,-0.0325176128498365,-0.0298842617203465,-0.0271285490029644,-0.0243231068292196,-0.0215362428815441,-0.0188291587511018,-0.0162537755800254
-0.000629101965118908,-0.000462388739898567,-0.000385759001356997,-0.000360753537839403,-0.000366819605633145,-0.000391974562512831,-0.000428766425861066,-0.000472336809672319,-0.000519406037202352,-0.000567675995098049,-0.000613070923727754,-0.000645806545928496,-0.000651198221586435,-0.000607736944761905,-0.000483797338819425,-0.000233465415040823,0.000205246141248228,0.000891192837444377,0.00176597098773168,0.0023709319558044,0.00212269631098339,0.00135253438385463,0.000610042461242633,4.6921168734837e-05,-0.000354119153350263,-0.000634864212541553,-0.000830083122952963,-0.000964982007765514,-0.00105741158521278,-0.00112008698702459,-0.0011621898280586,-0.00119044930896306,-0.00120986560507463,-0.00122419876605517,-0.00123630449002532,-0.00124794338564949,-0.00125870739415601,-0.0012673646779966,-0.00127210303733438,-0.0012701836070752,-0.00125731842702737,-0.00122648974806983,-0.00116563458205965,-0.00105369757696816,-0.000865722772871225,-0.00071622660769799,-0.00095644116187088,-0.00122126099110731,-0.00133200803340672,-0.00136237831720754,-0.00136574426885039,-0.00140957693562693,-0.00146482380114399,-0.00119874834494493,-0.000911758286094688,-0.000421047777864114,0.000209342970163395,0.00068419631786143,0.000730228328887028,0.000442499929509732,3.14842852098263e-05,-0.000408644320386009,-0.000866787080910147,-0.00136037540267686,-0.00191369631015215,-0.0025517733870245,-0.00329892002845311,-0.00417832467838553,-0.00521163450924211,-0.00641827714606635,-0.00781448589858813,-0.00941207321041704,-0.0112170414896225,-0.013228156236661,-0.0154356337781854,-0.0178201082787433,-0.0203520339711749,-0.0229916472548211,-0.0256895639780276,-0.028388028992181,-0.0310227782820541,-0.0335254264557678,-0.0358262572413158,-0.037857270647078,-0.0395553242855817,-0.0408651954378078,-0.0417423847071119,-0.0421554842344041,-0.0420879473713975,-0.041539125559149,-0.0405244823341786,-0.0390749507094337,-0.0372354624030037,-0.0350627378757792,-0.0326224743503859,-0.0299861039398648,-0.0272273720483094,-0.024418910873477,-0.0216290281720429,-0.0189189256185658,-0.0163405244490843
-0.000648386618136654,-0.00048753773428796,-0.000417051833296697,-0.00039834646365991,-0.000410805253433094,-0.000442409273425481,-0.000485684314757956,-0.000535757656447727,-0.000589340019312767,-0.00064412659832519,-0.000696029804685805,-0.000735236892671132,-0.000747020215742467,-0.000709807076181956,-0.000591876710121175,-0.000347171984522388,8.65019365877684e-05,0.000768251721741275,0.00163973887638208,0.00224153202307414,0.00198908073122006,0.00121429841249088,0.000467770054570327,-9.86738872921222e-05,-0.000502489596165057,-0.000785628002888172,-0.000982977098833437,-0.00111982407373057,-0.0012140751324824,-0.00127848407962816,-0.00132226004080593,-0.00135215216364326,-0.00137317532856007,-0.00138910057875175,-0.00140279192609183,-0.00141601509113831,-0.001428360827743,-0.00143859370430266,-0.00144489619714294,-0.00144452131358408,-0.00143316817890093,-0.0014037974223472,-0.00134430744107916,-0.0012335698205973,-0.0010465063299071,-0.000897729906339739,-0.00113909088633146,-0.00140475114397287,-0.00151582794390814,-0.00154628703299786,-0.00154966276423785,-0.00159348123169634,-0.00164861221577628,-0.00138216468170194,-0.00109433133670911,-0.000602095515711443,3.04629650915711e-05,0.0005075463644858,0.000555268871186287,0.000268864521363876,-0.000140780579177324,-0.000579330003223411,-0.00103568434599877,-0.00152731569676812,-0.0020785510413468,-0.00271444497021422,-0.00345933360377015,-0.0043364219290758,-0.00536736928968162,-0.0065716124138433,-0.00796539154201192,-0.00956052448615108,-0.0113630178793942,-0.0133716405958834,-0.0155766116913469,-0.017958567563725,-0.0204879642926203,-0.0231250398186476,-0.0258204112871457,-0.0285163246490674,-0.0311485168276021,-0.033648603236599,-0.0359468682995943,-0.0379753126283461,-0.0396707943611496,-0.0409780912389546,-0.0418527042690251,-0.0422632259481064,-0.0421931099423668,-0.0416417079714905,-0.0406244838195238,-0.039172370719783,-0.0373303005869654,-0.0351549940576895,-0.0327121485011299,-0.0300731961053958,-0.0273118823317074,-0.0245008394417076,-0.0217083752636462,-0.0189956915524936,-0.0164147096348212
-0.000665032897625248,-0.000509125160487178,-0.000443849001293059,-0.000430503961412781,-0.00044841250716568,-0.000485520740740208,-0.000534332996546066,-0.000589962697311652,-0.000649111273562986,-0.000709467441867284,-0.000766932156785027,-0.00081166510885039,-0.00082889704448863,-0.000796993727199213,-0.000684142428636236,-0.000444148529526622,-1.46194203154981e-05,0.000663785472406309,0.00153276348885878,0.00213206136188782,0.00187593379313045,0.00109695406128485,0.000346735264798559,-0.000222730283333306,-0.00062904651070439,-0.000914319255612805,-0.00111354955296417,-0.00125210218585514,-0.00134793667058608,-0.00141384406078626,-0.00145906002613694,-0.00149035298460987,-0.00151275203616796,-0.00153003886194691,-0.00154508552278387,-0.00155966268990704,-0.00157335996754293,-0.00158493844540997,-0.0015925754511299,-0.00159351614115533,-0.00158344718755143,-0.00155530842470264,-0.00149696127041421,-0.0013872079391265,-0.00120085757752331,-0.00105264402261473,-0.00129506306248506,-0.0015615289248887,-0.00167292412825015,-0.00170346914909847,-0.0017068543507297,-0.00175065906636529,-0.00180567786828412,-0.00153887046500978,-0.00125022305351929,-0.000756520814328088,-0.000121898604575899,0.000357254003338969,0.000406448594339248,0.000121101808343127,-0.000287473844432173,-0.000724768035221257,-0.00117967266616525,-0.00166969543983375,-0.00221920017796562,-0.00285327051449979,-0.00359626402289648,-0.00447140138104807,-0.00550035351413358,-0.00670256583391093,-0.00809428520486044,-0.00968733457805571,-0.0114877246368132,-0.0134942274931981,-0.0156970648249226,-0.0180768751776754,-0.0206041164084897,-0.0232390279424599,-0.0259322281749816,-0.0286259641174105,-0.0312559735984361,-0.0337538728097211,-0.0360499468465765,-0.0380761969037419,-0.0397694816276895,-0.0410745792041083,-0.0419469910308932,-0.0423553099490364,-0.0422829899289772,-0.0417293829600845,-0.0407099530660101,-0.0392556336934432,-0.0374113569474613,-0.0352338436348746,-0.0327887912667991,-0.0301476321040631,-0.027384111663215,-0.0245708622677431,-0.0217761918152324,-0.019061302138487,-0.0164781146516879
-0.000679409202631737,-0.000527648331786701,-0.000466778253305156,-0.00045798500422739,-0.000480532011622709,-0.000522331543557353,-0.000575867139937458,-0.000636238779175263,-0.000700138870117217,-0.000765249834462078,-0.000827461490712889,-0.000876906744350481,-0.000898775938988461,-0.000871375152155518,-0.000762802636449678,-0.000526731155283178,-0.000100578713305099,0.000575214319949335,0.00144235586336156,0.00203973708694283,0.00178039730089319,0.000997584086494752,0.000243972549143434,-0.000328255587590975,-0.00073683583879125,-0.00102402007404623,-0.00122491735195263,-0.00136496706029865,-0.00146218015492239,-0.00152938371336153,-0.00157583911742454,-0.00160833347313893,-0.00163190968216675,-0.00165035975757399,-0.00166656358129047,-0.00168229663648078,-0.00169714741021687,-0.00170987361283459,-0.001718647573973,-0.00172070683733727,-0.00171172601877989,-0.00168462486927878,-0.00162722923448588,-0.00151827513416458,-0.00133246739462101,-0.0011846817434038,-0.00142808281158069,-0.00169532431256703,-0.00180702814843614,-0.00183765662816837,-0.00184105103409971,-0.00188484238302056,-0.00193975218627207,-0.0016725954201775,-0.00138315908724151,-0.000888041110259197,-0.000251444665207101,0.000229638757751505,0.000280117517903578,-4.40097496756664e-06,-0.000412166226525734,-0.000848483892358476,-0.00130223021762477,-0.00179094415642445,-0.00233902367725281,-0.00297157976816853,-0.00371299036103978,-0.00458649109121156,-0.00561376395826152,-0.0068142626962524,-0.00820424052982238,-0.00979552535186812,-0.0115941317454183,-0.0135988349436179,-0.0157998591540209,-0.0181778449963623,-0.0207032520454241,-0.0233363211619386,-0.0260276719509552,-0.0287195524505325,-0.0313477013665117,-0.0338437356443871,-0.036137941030758,-0.0381623192858102,-0.0398537295490449,-0.0411569504377826,-0.0420274837291321,-0.0424339225983544,-0.0423597213114032,-0.0418042321196281,-0.0407829192794759,-0.0393267164449761,-0.0374805559062412,-0.0353011586354945,-0.0328542222818484,-0.0302111791768104,-0.027445774890713,-0.0246306418071626,-0.0218340878910989,-0.0191173150509665,-0.0165322447860665
-0.000691828197735139,-0.000543529324634542,-0.00048637236786446,-0.000481433743515641,-0.000507919669970991,-0.000553709559652865,-0.000611266729135806,-0.000675678067823066,-0.000743627194573715,-0.000812790394518981,-0.000879046626618751,-0.000932502682924774,-0.000958309542927582,-0.000934715196227065,-0.000829731416748358,-0.000596902549813982,-0.000173464448021965,0.000500348772285109,0.00136623383269652,0.00196219731539593,0.00170004545499858,0.000913712575418391,0.000156965004373122,-0.000417802369667486,-0.000828442717449973,-0.00111734628540716,-0.00131972582673423,-0.00146109275636241,-0.00155950785523529,-0.00162783316814319,-0.00167535507147931,-0.00170887885710636,-0.00173346086799941,-0.00175290318521848,-0.00177009331523537,-0.00178681143347692,-0.00180264493788673,-0.00181634824506616,-0.00182608881663848,-0.00182909678897714,-0.00182103506410536,-0.0017948039232123,-0.00173819485341209,-0.00162988041910683,-0.00144446828513656,-0.00129699416662998,-0.00154131169937732,-0.00180930299478732,-0.00192130703578186,-0.00195201684149893,-0.00195542022222028,-0.00199919853658215,-0.00205400208701045,-0.00178650501998023,-0.00149630145308821,-0.000999811448303745,-0.000361317948007978,0.000121576948853064,0.000173177845412709,-0.000110710039608386,-0.000517888247836051,-0.000953469700546772,-0.00140630898179495,-0.00189397253615942,-0.00244089015999993,-0.00307219873865316,-0.00381229561840513,-0.00468443075961678,-0.00571029679878843,-0.00690935548082838,-0.00829786616292771,-0.00988766150967302,-0.0116847598740292,-0.0136879395094507,-0.0158874270738658,-0.0182638651974865,-0.0207877151213806,-0.0234192190997773,-0.0261089979125387,-0.0287993005953592,-0.0314258667067935,-0.0339203139254578,-0.0362129286316034,-0.0382357131357058,-0.0399255270572612,-0.0412271494338913,-0.0420960824120852,-0.0425009194927557,-0.0424251152298282,-0.0418680221299774,-0.0408451046765821,-0.0393872967258047,-0.037539530748177,-0.0353585278772359,-0.0329099858966526,-0.030265337206878,-0.0274983274306847,-0.024681589010307,-0.0218834299763567,-0.0191650523110031,-0.0165783775965145
-0.000702556617032682,-0.000557128212608893,-0.000503085858657923,-0.000501399705300082,-0.000531220343771177,-0.000580395176234427,-0.000641367789430275,-0.000709212290742167,-0.0007806037092285,-0.00085321233023361,-0.000922906492085096,-0.000979767453736236,-0.0010089077279769,-0.000988518597216159,-0.000886527551560989,-0.000656354146207461,-0.000235058330941118,0.0004373209708875,0.00130245047656807,0.00189742712108198,0.00163280880206262,0.000843227323516493,8.35654573430045e-05,-0.000493548229402729,-0.000906072529557544,-0.00119652945425741,-0.00140023171140036,-0.00154276051623281,-0.00164222508002532,-0.00171152150186538,-0.00175996053280636,-0.00179436521660192,-0.00181980502617063,-0.00184009188250778,-0.00185812074680469,-0.00187567638335306,-0.00189234512518177,-0.00190687816914059,-0.00191743822117219,-0.00192124818776551,-0.00191395955293605,-0.00188845365823043,-0.00183248868072694,-0.00172467609589466,-0.00153953259094108,-0.00139226949678484,-0.00163744686034373,-0.00190616562237544,-0.00201846258720206,-0.00204925187601301,-0.00205266403322057,-0.00209642960003387,-0.00215112927012406,-0.00188329973182877,-0.00159234766900251,-0.00109452340022265,-0.000454199520400045,3.04037624880849e-05,8.29868429642611e-05,-0.000200441173801025,-0.00060722525037471,-0.00104227804557333,-0.00149442729700477,-0.00198126369119178,-0.00252724684928429,-0.00315753829546628,-0.00389655397497035,-0.0047675576267765,-0.00579225214641588,-0.00699010702054947,-0.00837738754230211,-0.00996593100095522,-0.0117617594072922,-0.0137636539480305,-0.0159618436627951,-0.0183369731373767,-0.0208595052346435,-0.0234896835659228,-0.0261781300557904,-0.0288670947124626,-0.031492317926089,-0.0339854180905212,-0.0362766822044069,-0.0382981131154437,-0.0399865709118286,-0.0412868350417245,-0.0421544080124825,-0.0425578836432375,-0.0424807167693633,-0.041922260147109,-0.0408979784817104,-0.039438805826988,-0.0375896748298816,-0.0354073067816963,-0.0329573995977147,-0.0303113857458186,-0.0275430109000705,-0.0247249075600282,-0.0219253838205157,-0.0192056417357988,-0.0166176029692336
-0.000711823102338402,-0.000568753647040857,-0.000517308330012956,-0.000518353937431687,-0.000550986801456738,-0.000603023045289947,-0.000666886952740503,-0.000737640114748667,-0.000811949143751489,-0.000887478443632572,-0.000960085938782773,-0.00101982785707527,-0.00105177902098902,-0.00103407520016618,-0.000934561499574549,-0.000706535822510568,-0.000286887621293364,0.000384529808205192,0.00124933691690338,0.00184369933228795,0.00157691343013799,0.000784317772713483,2.19333749421624e-05,-0.000557359781546918,-0.000971615705378959,-0.00126348245362073,-0.00146836945409412,-0.00161192579618485,-0.00171230791498456,-0.00178244517413351,-0.00183167216305169,-0.00186682930201465,-0.00189299892450279,-0.00191400259416752,-0.00193274258000287,-0.0019510081457087,-0.00196838458034942,-0.00198361992503815,-0.00199487222719363,-0.00199935731693712,-0.0019927155161904,-0.00196780968543808,-0.00191236559865604,-0.00180493568920814,-0.0016199510146323,-0.00147281203367711,-0.00171880024907856,-0.00198822716420133,-0.00210081075402946,-0.00213167793167079,-0.00213509869380679,-0.00217885176135535,-0.00223344960356719,-0.0019652943673768,-0.00167361001825306,-0.0011744841520992,-0.000532387563973002,-4.6165050616942e-05,7.27918827836405e-06,-0.000275836602369739,-0.000682393360929789,-0.00111709697606077,-0.00156874385541828,-0.00205494611825585,-0.00260019147820223,-0.00322966500988175,-0.00396780055213863,-0.00483787515003387,-0.00586160163123983,-0.00705845699141727,-0.0084447122895519,-0.0100322093124796,-0.0118269736318174,-0.0138277892922428,-0.0160248876556804,-0.0183989152159961,-0.0209203364193998,-0.0235493962028205,-0.0262367176094985,-0.028924551598456,-0.0315486393731728,-0.0340406000272585,-0.0363307211645647,-0.0383510061586898,-0.0400383155567907,-0.041337429209104,-0.0422038499764807,-0.0426061719898535,-0.0425278503603945,-0.0419682380889602,-0.0409428000982617,-0.0394824706358693,-0.0376321825217019,-0.0354486572017497,-0.0329975927203578,-0.0303504216115189,-0.0275808895995999,-0.0247616292403551,-0.0219609486915752,-0.0192400500781685,-0.0166508551429952
-0.000719824516033252,-0.000578671378712592,-0.00052937523355677,-0.000532702014790915,-0.000567694979726974,-0.000622139605680805,-0.000688441243088728,-0.000761649196355019,-0.000838421811219237,-0.000916417712545747,-0.000991484589720981,-0.00105365407416175,-0.00108796397014937,-0.00107249556857703,-0.000975013232899336,-0.000748695931025611,-0.000330267296483444,0.000340596723792608,0.00120545624345164,0.00179952684829243,0.00153083199466042,0.000735425025122582,-2.95159501211284e-05,-0.00061084419043389,-0.00102669991491966,-0.00131985227713727,-0.001525804624945,-0.00167027225460981,-0.00177145778061982,-0.00184232314755151,-0.00189222631892927,-0.0019280247665906,-0.00195481345137494,-0.00197642340879967,-0.00199576408847291,-0.00201462917607209,-0.00203260293481278,-0.00204843030550306,-0.00206026476114685,-0.00206531518839104,-0.00205921096859685,-0.00203479687816299,-0.0019797670729953,-0.00187261671596217,-0.00168769586320927,-0.00154060579141457,-0.0017873624707383,-0.00205748082102286,-0.00217034558305162,-0.00220128926933494,-0.00220471848788106,-0.00224845927111295,-0.00230295706229378,-0.00203448199197243,-0.00174207938895465,-0.00124168020280369,-0.000597860824015251,-0.000110096239427926,-5.5895571273612e-05,-0.000338826891146837,-0.000745300675102811,-0.00117981041244841,-0.00163111730166809,-0.00211685246376725,-0.00266153020566084,-0.00329035821042256,-0.00402778760007039,-0.00489710831669765,-0.00592004283720482,-0.00711607546478732,-0.00850148287708086,-0.0100881112484192,-0.0118819896273035,-0.0138819048511862,-0.0160780905528853,-0.0184511950932009,-0.0209716844684109,-0.02359980491377,-0.0262861805686417,-0.0289730633240604,-0.0315961951810059,-0.0340871959194534,-0.0363763537370526,-0.0383956725234911,-0.0400820132764413,-0.0413801562409044,-0.0422456046248522,-0.0426469528654438,-0.042567656344762,-0.042007068303973,-0.0409806538794646,-0.0395193475091942,-0.0376680821830685,-0.0354835794990926,-0.0330315376284784,-0.0303833891701973,-0.0276128798980417,-0.0247926424230093,-0.0219909849647477,-0.0192691097175992,-0.0166789385025162
-0.000726731060320659,-0.000587111168425761,-0.000539576591230204,-0.000544794585719932,-0.000581756359652574,-0.000638217292566357,-0.000706564121491671,-0.000781834063366599,-0.000860677327045645,-0.000940746847071572,-0.00101788023276417,-0.00108208489541001,-0.0011183622030459,-0.00110473986311072,-0.00100890292058892,-0.000783913759909827,-0.000366334246089062,0.000304329857100605,0.00116956614942521,0.00176362397003671,0.00149324400260631,0.00069520130654277,-7.21526071936207e-05,-0.000655390961893487,-0.00107273239319527,-0.00136706286684418,-0.00157397722696251,-0.00171925553325725,-0.00182114567542691,-0.0018926415870667,-0.00194312420386589,-0.00197946776785562,-0.00200677966532259,-0.0020289002557593,-0.00204874605926741,-0.00206811511643845,-0.00208659068035499,-0.00210291463948709,-0.00211523596526353,-0.00212075671593415,-0.00211509552408284,-0.00209107942571429,-0.00203637163831782,-0.00192941158788396,-0.00174447233517894,-0.00159736608989869,-0.00184485454400396,-0.00211564985597645,-0.00222879106901386,-0.00225981006888987,-0.00226324761524943,-0.00230697630028742,-0.00236137557895466,-0.00209258575165383,-0.00179947704435324,-0.00129782902006204,-0.000652330063815154,-0.000163090194826632,-0.000108223737128821,-0.000391081148340411,-0.000797596874451911,-0.00123204713557901,-0.00168315456419543,-0.00216856717914904,-0.00271282458297828,-0.00334115625183995,-0.00407803006247387,-0.00494674849994647,-0.00596904344545512,-0.00716440633531146,-0.00854911933835445,-0.0101350329211581,-0.0119281795364131,-0.0139273487579178,-0.0161227764448633,-0.0184951127894054,-0.021014825309028,-0.0236421615137307,-0.0263277466194871,-0.0290138334330403,-0.0316361647391913,-0.034126360992691,-0.0364147109750746,-0.0384332190836658,-0.0401187467593209,-0.0414160746354691,-0.0422807062616962,-0.0426812363765569,-0.0426011206288166,-0.0420397124962327,-0.0410124773255621,-0.0395503497422514,-0.0376982629035982,-0.0355129385573373,-0.0330600749996055,-0.0304111048933925,-0.0276397740611638,-0.0248187151683179,-0.0220162364954128,-0.0192935403051648,-0.0167025484953987
-0.000732690455195278,-0.000594272426954368,-0.000548164114479846,-0.000554935979446891,-0.00059352806736182,-0.000651666134313333,-0.00072171858087941,-0.000798710708812073,-0.000879284702432204,-0.000961087882730638,-0.00103994791306006,-0.00110584831029581,-0.00114375450990417,-0.00113164141072131,-0.00103711597085659,-0.000813126026562416,-0.000396075179202593,0.000274694790732555,0.00114058843650322,0.00173487483992396,0.00146300339818251,0.000662476882496432,-0.000107165699357537,-0.00069220605158915,-0.00111093448373067,-0.00140635006682732,-0.00161413704390534,-0.00176013898903071,-0.0018626482846098,-0.00193469034100591,-0.0019856687181995,-0.00202247418490276,-0.00205022637808405,-0.00207277485323198,-0.00209304310561553,-0.0021128334727134,-0.00213172821105656,-0.0021484661983121,-0.00216119196737119,-0.00216710084765004,-0.00216180088898565,-0.00213810168440409,-0.00208363610112139,-0.00197678915530297,-0.00179176037823903,-0.0016445816609495,-0.00189277014709788,-0.00216422989569742,-0.00227764347370252,-0.00230873675285992,-0.0023121825157284,-0.00235589926365465,-0.0024102013614089,-0.00214110117137511,-0.00184729687484653,-0.00134442119930689,-0.000697280058915228,-0.000206622689303937,-0.00015116885333899,-0.000434047996308973,-0.000840713721375175,-0.00127522076850939,-0.00172625030069318,-0.00221146541450556,-0.00275542988544664,-0.00338339427723866,-0.00411984276411659,-0.00498809006773182,-0.0060098772616286,-0.0072047027643336,-0.00858885412560706,-0.0101741860217892,-0.0119667342468865,-0.0139652910621949,-0.0161600945147619,-0.0185317965972837,-0.0210508663235081,-0.0236775524577458,-0.0263624812756916,-0.0290479064857087,-0.0316695716445732,-0.0341590978717583,-0.0364467745241448,-0.0384646064993406,-0.0401494556750662,-0.041446103067681,-0.0423100525636152,-0.0427098991986503,-0.0426290988845703,-0.0420670053324909,-0.041039084096709,-0.039576269987619,-0.0377234963276866,-0.0355374850123669,-0.0330839344610819,-0.0304342773999718,-0.0276622596995435,-0.0248405140788589,-0.0220373488785855,-0.0193139664288645,-0.01672228870337
-0.000737831368730069,-0.000600328845748371,-0.000555357049497621,-0.000563391273211311,-0.000603321167197191,-0.000662843274197522,-0.000734307897745562,-0.000812728573365451,-0.000894739557982804,-0.000977982625413598,-0.00105827560898847,-0.00112557841277544,-0.00116482097515075,-0.00115392605627218,-0.00106042359210201,-0.000837148630233875,-0.000420349538002296,0.000250790528889877,0.00111758397640177,0.00171230752882778,0.00143911194860813,0.000636232894218103,-0.000135590957137222,-0.000722339869949296,-0.00114237000081996,-0.00143879032213867,-0.00164737266290216,-0.00179402303176379,-0.00189707762736835,-0.00196959289401255,-0.0020209947151959,-0.00205819017577902,-0.00208631101233869,-0.00210921586568613,-0.00212983512384879,-0.00214997537101158,-0.00216921787890667,-0.00218629855030161,-0.0021993575340461,-0.00220558351683853,-0.00220057410925611,-0.00217712171848983,-0.00212282936990404,-0.0020160288169202,-0.00183084905677655,-0.00168354921984504,-0.00193241030411384,-0.00220452366185975,-0.00231820607222311,-0.00234937273640745,-0.00235282661954628,-0.00239653156964481,-0.0024507376377797,-0.00218133088419836,-0.0018868400892702,-0.0013827550785096,-0.000734004076906158,-0.00024197914770363,-0.000186005693400881,-0.000468989211842685,-0.000875898307836076,-0.00131056260397011,-0.00176161928507756,-0.00224674495260069,-0.00279052658471668,-0.00341823522294726,-0.00415437094380666,-0.00502226044069887,-0.00604365379632299,-0.00723805628095797,-0.00862176072994358,-0.0102066259581207,-0.0119986910464385,-0.013996750901468,-0.0161910457248182,-0.0185622292830825,-0.0210807720647139,-0.0237069240706679,-0.0263913126217582,-0.0290761923157847,-0.0316973074712539,-0.0341862798636938,-0.0364733994179177,-0.0384906715254747,-0.0401749584954719,-0.041471041722474,-0.0423344254256185,-0.0427337049342997,-0.042652336420155,-0.0420896738248803,-0.0410611829078361,-0.0395977986622063,-0.037744454573663,-0.0355578726836743,-0.0331037515335053,-0.0304535239117243,-0.0276809357363145,-0.0248586197793716,-0.0220548844409608,-0.0193309321178557,-0.0167386848586785
-0.000742266249455906,-0.000605432220464358,-0.000561347003649473,-0.000570392127639041,-0.000611407509495066,-0.000672060832527771,-0.000744684509844468,-0.000824280439299191,-0.000907475034260363,-0.000991904578653724,-0.00107337717585515,-0.00114182936018598,-0.00118215594877424,-0.00117222814125106,-0.0010794997703184,-0.000856694613299458,-0.000439908417720514,0.000231829662471095,0.0010997320363651,0.00169507263930968,0.00142069726834038,0.000615578929033633,-0.000158333539360345,-0.000746710406111517,-0.0011679686484023,-0.00146532437567204,-0.00167463543857993,-0.00182186934859963,-0.00192540553684128,-0.0019983310993632,-0.00205009398364053,-0.00208761740897434,-0.00211604508114105,-0.00213924463078052,-0.00216015326754293,-0.00218058177902225,-0.00220011046227675,-0.00221747227617919,-0.00223080303256695,-0.00223728484972674,-0.0022325050228289,-0.0022092389951226,-0.00215506038886171,-0.00204824868448583,-0.00186286492935184,-0.00171540201123699,-0.00196491202578197,-0.00223766964924488,-0.00235161784322058,-0.00238285712061992,-0.00238631904097208,-0.00243001231345441,-0.00248412334562698,-0.00221441330742178,-0.00191924385971254,-0.00141396531991533,-0.000763632347689502,-0.000270282944992983,-0.000213848323507904,-0.000497007503260094,-0.000904240509123744,-0.00133914871025353,-0.0017903231496873,-0.0022754525769485,-0.00281914633579616,-0.00344669541945897,-0.00418261546573406,-0.00505024491127637,-0.00607134268985621,-0.00726542081092985,-0.00864877731316149,-0.0102332750883855,-0.0120249564575654,-0.0140226189361314,-0.0162165048515047,-0.0185872697211918,-0.0211053854897408,-0.0237311033795041,-0.026415051743818,-0.0290994860594139,-0.0317201513976726,-0.034208670182688,-0.0364953329008256,-0.0385121454321049,-0.0401959705122964,-0.0414915899100621,-0.0423545081736912,-0.0427533209230797,-0.0426714845869907,-0.0421083533352805,-0.041079393130262,-0.0396155391460129,-0.0377617250297576,-0.0355746729674811,-0.0331200816210538,-0.0304693838408368,-0.027696325591806,-0.0248735396985602,-0.022069334619938,-0.01934491281867,-0.0167521964175288
-0.000746093677548895,-0.000609715625012677,-0.000566301951996917,-0.00057614163080727,-0.000618025415024787,-0.000679592433155546,-0.000753157385754849,-0.000833710643665497,-0.000917870848867852,-0.00100326884471319,-0.00108570309077211,-0.00115508696083683,-0.00119628047433928,-0.00118710376806708,-0.00109493536242883,-0.00087238907137227,-0.000455410272541534,0.000217121903654582,0.00108631311664131,0.00168242554356157,0.00140699457639615,0.000599734400901664,-0.000176186960755054,-0.000766122423629167,-0.00118854546065372,-0.00148677693952093,-0.00169675938624403,-0.0018445210131699,-0.00194848398141179,-0.00202176570981683,-0.00207383598641309,-0.00211163400853198,-0.00214031533891801,-0.00216375651578748,-0.00218490150922235,-0.0022055652729106,-0.00222532713799095,-0.00224291714610869,-0.00225646681256975,-0.00226315175123126,-0.00225854904844469,-0.00223541737453936,-0.00218130132624961,-0.00207442896284871,-0.00188879560547761,-0.00174113350578753,-0.00199127208475347,-0.00226466593200048,-0.00237887728521846,-0.00241018851143704,-0.00241365839750352,-0.00245734009584675,-0.00251135694744731,-0.00224134644720209,-0.00194550510021407,-0.00143904663639061,-0.000787155697325903,-0.000292518896869653,-0.000235673398593983,-0.000519069568878483,-0.0009266957738856,-0.00136192243245714,-0.00181329258462104,-0.00229850596059455,-0.00284219354943094,-0.00346966584333885,-0.0042054537479459,-0.00507290724649745,-0.00609379398779386,-0.0072876326235729,-0.00867072632502952,-0.0102549420080473,-0.0120463251932347,-0.0140436759734994,-0.0162372387773598,-0.0186076708534432,-0.0211254455863708,-0.0237508154067821,-0.0264344096896788,-0.0291184847816681,-0.0317387864994082,-0.0342269379091068,-0.0365132300531869,-0.0385296692954183,-0.0402131187941673,-0.0415083606886812,-0.0423708998533304,-0.0427693321958214,-0.0426871143997012,-0.0421236008609157,-0.0410942577428965,-0.0396300203989999,-0.037775822636554,-0.0355883867847873,-0.0331334116251113,-0.0304823300691405,-0.0277088881284193,-0.0248857186795801,-0.0220811302397154,-0.0193563253369146,-0.0167632261674387
-0.00074940032645561,-0.000613296059663274,-0.00057036957999887,-0.000580818339720485,-0.000623384417610867,-0.0006856786486647,-0.000759998173442661,-0.000841321930701328,-0.00092626085293912,-0.00101244038523646,-0.0010956494172471,-0.00116577834173004,-0.00120765265792616,-0.00119904186669478,-0.00110724985456462,-0.000884781593026185,-0.000467434019366053,0.000206060348391102,0.00107669463142013,0.00167371156407725,0.00139733147601295,0.00058801301581568,-0.000189848883634824,-0.000781283475832728,-0.00120481702161457,-0.00150387310710065,-0.00171447777911526,-0.00186271926307979,-0.0019670620191603,-0.00204065350683857,-0.00209298516305445,-0.00213101202901389,-0.00215990142812061,-0.00218353873568333,-0.00220487462965346,-0.0022257281978586,-0.00224567781299245,-0.0022634506223641,-0.00227717387948168,-0.00228401674861933,-0.00227954619877724,-0.00225650429115798,-0.00220240692085083,-0.0020954314564442,-0.00190950939947032,-0.00176161717071288,-0.00201236685180906,-0.00228639002564379,-0.00240086228704417,-0.00243224489217231,-0.00243572268262049,-0.00247939289559318,-0.00253331630036635,-0.00226300775924204,-0.00196650030576495,-0.00145887358677943,-0.000805445266227167,-0.00030955285852341,-0.000252339598669993,-0.000536025335164836,-0.000944104138320689,-0.00137971316573682,-0.00183134585903921,-0.00231671192834038,-0.00286046339036905,-0.00348792984811197,-0.00422365722337548,-0.00509100687736264,-0.00611175505721895,-0.00730542697388281,-0.00868833087034948,-0.0102723376411609,-0.0120634959719217,-0.0140606085061511,-0.0162539217522146,-0.018624094672919,-0.0211416020791941,-0.0237666975987292,-0.0264500116188814,-0.029133801348377,-0.0317538133426148,-0.0342416713043956,-0.0365276668274811,-0.0385438067553453,-0.0402269546654692,-0.041521893064652,-0.0423841271507185,-0.0427822531169005,-0.0426997278994873,-0.0421359061187573,-0.041106254137684,-0.0396417074875092,-0.0377872001344407,-0.0355994545498421,-0.0331441696337644,-0.0304927783585911,-0.0277190267820908,-0.0248955478325247,-0.0220906500847957,-0.0193655361318342,-0.0167721282428149
-0.000752262607343748,-0.000616276671003654,-0.000573680085749775,-0.000584579668360952,-0.00062766923997945,-0.00069053156515414,-0.000765446354692056,-0.000847381196303731,-0.000932939365857977,-0.00101974094627783,-0.00110356532039724,-0.0011742800531615,-0.0012166763605776,-0.00120847347201464,-0.00111690121928709,-0.000894356688286857,-0.000476490022907894,0.000198109960045156,0.00107031890484643,0.00166835355029871,0.0013911151951902,0.000579809748830651,-0.000199934356325815,-0.000792817331806139,-0.00121741506237527,-0.00151725211173004,-0.0017284370620344,-0.00187711756468856,-0.00198180001103132,-0.00205566166030979,-0.0021082154347648,-0.00214643210494792,-0.00217549067272482,-0.00219928529027058,-0.00222077329857429,-0.00224177789230207,-0.00226187649208509,-0.00227979337043682,-0.00229365154872641,-0.00230061378848412,-0.00229623701940829,-0.00227324683342911,-0.00221913070043944,-0.00211201592182864,-0.00192577180658215,-0.00177762304374185,-0.00202896892481264,-0.00230361553768399,-0.00241834678551134,-0.00244980028297825,-0.00245328592544369,-0.00249694472883333,-0.00255077531322068,-0.00228017079827281,-0.0019830021836883,-0.00147421717068186,-0.000819269039247672,-0.000322148154592861,-0.000264603922688122,-0.00054862408441525,-0.000957206166088964,-0.00139325209320651,-0.00184520434793745,-0.00233078176627222,-0.00287465686558463,-0.00350217802832342,-0.00423790597769513,-0.00510521330890668,-0.00612588476788112,-0.00731945205382634,-0.00870222842970991,-0.0102860887299718,-0.0120770847756635,-0.0140740217379317,-0.0162671481869006,-0.0186371247850577,-0.0211544277579262,-0.0237793119206228,-0.0264624086649253,-0.0291459760550522,-0.0317657613795688,-0.0342533889731502,-0.036539150976864,-0.0385550547104452,-0.0402379641675062,-0.041532662219828,-0.0423946543864329,-0.0427925371441138,-0.0427097676801915,-0.042145700837743,-0.041115803177957,-0.0396510104087772,-0.0377962566542265,-0.0356082645268752,-0.0331527330446183,-0.030501095240231,-0.0277270972173936,-0.0249033719556467,-0.0220982280873177,-0.0193728682697605,-0.0167792148445507
-0.00075474805392646,-0.000618748621422097,-0.000576348539816002,-0.00058756474083263,-0.000631043141897464,-0.000694338626362645,-0.000769713585791226,-0.000852124325606357,-0.000938166509892646,-0.00102545489006195,-0.00110975939565794,-0.00118092489384053,-0.0012237085184108,-0.00121577953649765,-0.00112429421657367,-0.000901542570726943,-0.000483029346573627,0.000192797871115813,0.00106669306215268,0.00166584141655957,0.00138782184149344,0.000574589877052722,-0.000206986961659661,-0.000801275282730329,-0.00122689791166253,-0.00152747891309957,-0.00173920856859955,-0.00188829345748387,-0.00199328159013801,-0.00206737982122296,-0.00212012241947324,-0.00215849578759941,-0.00218769053618484,-0.00221160954318123,-0.00223321677456456,-0.00225433950867004,-0.0022745542195014,-0.00229258232134122,-0.0023065426285771,-0.00231359153974919,-0.00230927601147934,-0.00228630528507745,-0.0022321386397548,-0.00212485383859684,-0.00193825937801906,-0.00178983169051006,-0.00204176113245413,-0.00231702618956042,-0.00243201479326571,-0.00246353877022254,-0.00246703222027334,-0.00251067967838836,-0.00256441797393636,-0.00229351923904475,-0.00199569365931251,-0.0014857588033419,-0.000829305766167909,-0.00033097941531135,-0.000273135410042369,-0.000557528036337018,-0.000966656371780727,-0.00140318543930129,-0.00185550560759939,-0.00234134411433085,-0.00288539353049877,-0.00351302073699356,-0.00424880107624404,-0.00511611825535929,-0.00613676543455621,-0.00733028074115527,-0.00871298241411389,-0.010296749194914,-0.0120876360149507,-0.0140844505535306,-0.0162774434271795,-0.0186472769857594,-0.0211644288594421,-0.0237891550426232,-0.0264720879247676,-0.0291554864199494,-0.0317750985451846,-0.0342625492630064,-0.0365481312583854,-0.0385638523243786,-0.040246576868208,-0.0415410881244435,-0.042402891931406,-0.0428005850477767,-0.0427176249104507,-0.0421533665840208,-0.0411232768267428,-0.0396582915222512,-0.0378033449515131,-0.0356151598674895,-0.0331594354052777,-0.0305076046576838,-0.0277334137740405,-0.0249094957849028,-0.0221041593796816,-0.0193786072797746,-0.0167847618987659
-0.000756916493690057,-0.000620792670233572,-0.000578476881084256,-0.000589896804448875,-0.000633650751899112,-0.000697265884875425,-0.000772987368705874,-0.000855760284404344,-0.000942172722017465,-0.00102983412724145,-0.00111450502138633,-0.00118600768327132,-0.00122906533371941,-0.00122129753787831,-0.00112978741447733,-0.000906718584981647,-0.000487451576477893,0.000189705180814348,0.00106538047990701,0.0016657232936349,0.00138698731424625,0.000571879704167388,-0.000211488245891789,-0.000807145704384338,-0.0012337601802479,-0.00153505399663856,-0.00174729843103683,-0.00189675857152727,-0.00200202378489156,-0.00207633034918853,-0.00212923376281782,-0.00216773597885611,-0.00219703915789249,-0.00222105486064816,-0.00224275364606918,-0.00226396685665819,-0.00228427002434772,-0.00230238171915187,-0.00231641656966464,-0.00232352464485219,-0.00231924298404051,-0.00229626457774856,-0.00224202071188795,-0.00213454005629465,-0.0019475714558439,-0.00179884600913494,-0.00205134837801912,-0.00232722767583249,-0.00244247226301209,-0.00247406637195557,-0.00247756759219209,-0.00252120375915466,-0.00257485021328252,-0.00230365873470839,-0.0020051797214764,-0.00149410213508583,-0.000836156735049109,-0.000336644278565723,-0.000278526745688956,-0.000563323834798513,-0.000973034573942044,-0.00141008567892353,-0.00186281443436453,-0.00234895587033812,-0.00289322223538191,-0.00352099867237532,-0.00425687498966743,-0.00512424590353622,-0.00614491291738795,-0.00733842053603273,-0.00872109193742177,-0.0103048097423922,-0.012095631971592,-0.0140923687960947,-0.0162852728658833,-0.0186550082078641,-0.0211720538484729,-0.023796666954528,-0.0264794809075063,-0.029162755466616,-0.0317822393733332,-0.0342695582146829,-0.0365550052166639,-0.0385705886431869,-0.0402531733129557,-0.0415475428214962,-0.0424092033248098,-0.0428067518620767,-0.0427236461185264,-0.0421592413791829,-0.0411290045984248,-0.039663871834731,-0.0378087775252408,-0.0356204445626542,-0.0331645721986954,-0.0305125935859369,-0.0277382549191462,-0.024914189279628,-0.0221087054136151,-0.0193830061062413,-0.0167890138427359
-0.000758821042538743,-0.000622480516433641,-0.000580155611716815,-0.000591685279008464,-0.00063562047209384,-0.000699460763161741,-0.000775434168775707,-0.000858474593741915,-0.000945162585510806,-0.00103310230554526,-0.00111804490446604,-0.00118979016389403,-0.00123302753262883,-0.00122532709062267,-0.00113369915131589,-0.000910221514530907,-0.000490111465872078,0.000188459989244827,0.00106599352528886,0.00166759801431671,0.00138819958677094,0.000571258683355946,-0.000213865726131246,-0.000810862177954452,-0.00123844098534509,-0.00154042169548607,-0.00175315599600168,-0.0019029671346914,-0.0020084856159539,-0.00208297699800508,-0.00213601791161178,-0.00217462579207661,-0.00220401430110162,-0.0022281036463595,-0.00224987095309381,-0.00227115161172164,-0.0022915202159115,-0.00230969250304025,-0.0023237789335222,-0.00233092327464646,-0.00232665269483801,-0.00230364401700478,-0.0022493006981148,-0.00214160268536479,-0.00195424013871226,-0.00180520125513106,-0.00205826769755146,-0.0023347577354127,-0.00245025716301772,-0.00248192111450252,-0.00248543007376723,-0.00252905499467448,-0.002582609980048,-0.002311126987388,-0.00201199748210767,-0.00149978308880239,-0.000840355770625578,-0.000339673327734547,-0.000281304115643755,-0.00056653230283743,-0.000976855536483523,-0.00141446105666954,-0.00186763225609754,-0.00235411145008735,-0.0028986302515891,-0.00352659186859405,-0.00426260044773752,-0.00513006162888985,-0.0061507851994731,-0.00734432199961121,-0.00872700011543814,-0.0103107060241054,-0.0121015008179317,-0.0140981971461032,-0.0162910496813018,-0.018660724118856,-0.0211777008744914,-0.0238022382817413,-0.0264849707093631,-0.0291681587577571,-0.0317875518895548,-0.0342747763134544,-0.0365601257940942,-0.0385756090641786,-0.0402580913521386,-0.0415523566128965,-0.0424139113188222,-0.0428113527884108,-0.0427281389542096,-0.042163625320772,-0.0411332790377937,-0.0396680363379008,-0.0378128318137757,-0.0356243884972978,-0.0331684057563596,-0.0305163168030572,-0.0277418678774104,-0.0249176921112736,-0.0221120983074755,-0.0193862893146211,-0.0167921876892955
-0.0007605089527805,-0.000623875943456198,-0.000581465242179197,-0.000593027503908439,-0.000637066528386881,-0.000701054407511975,-0.000777202072710342,-0.000860432292178942,-0.000947318096595651,-0.00103545838083968,-0.00112059495567202,-0.00119250518039732,-0.00123584484756545,-0.00122813472999433,-0.00113631261876018,-0.000912350959351993,-0.000491324599904197,0.000188731458706681,0.00106818736591158,0.00167110870696807,0.00139109212658772,0.000572352701642687,-0.000214499717049899,-0.000812810413431952,-0.00124133096230483,-0.00154397728542688,-0.00175718099953792,-0.00190732322546916,-0.00201307542557339,-0.00208773232058057,-0.00214089159367437,-0.00217958610643842,-0.00220904098152142,-0.00223318504413639,-0.00225500196389128,-0.00227633116578185,-0.00229674630835164,-0.00231496030586642,-0.00232907946506344,-0.00233624127442944,-0.00233196306962802,-0.00230890557425756,-0.0022544445513355,-0.00214651152973511,-0.00195873877816288,-0.00180937358814881,-0.00206299683496769,-0.00234009473787267,-0.00245584806701893,-0.00248758162328555,-0.00249109829599325,-0.00253471200787259,-0.00258817583061144,-0.00231640233387154,-0.00201662475257802,-0.00150327841742737,-0.000842377758458634,-0.000340538564212456,-0.000281935609323769,-0.000567616759289957,-0.00097857718849248,-0.00141676370246546,-0.00187040513892645,-0.00235725068206261,-0.00290205105216401,-0.00353022736067632,-0.00426639798768669,-0.00513397942643001,-0.00615478969970973,-0.00734838594834608,-0.0087311011413469,-0.0103148255932545,-0.0121056234536208,-0.0141023098385404,-0.0162951414345365,-0.0186647855983009,-0.0211817241291067,-0.0238062165225078,-0.0264888981306733,-0.0291720303919555,-0.0317913634874076,-0.0342785242451112,-0.0365638069663623,-0.0385792208509919,-0.0402616315356833,-0.0415558233335052,-0.0424173030320936,-0.0428146682283066,-0.0427313771011553,-0.0421667853739898,-0.041136360391175,-0.0396710385588871,-0.037815754624852,-0.0356272317596591,-0.0331711694469963,-0.0305190009582813,-0.0277444725786447,-0.0249202174903241,-0.02211454455255,-0.0193886566771851,-0.0167944764919385
-0.000762022338768389,-0.000625035798780219,-0.000582477527793196,-0.000594010233199493,-0.000638090724907864,-0.0007021637023511,-0.000778423063107631,-0.000861780470678225,-0.000948801459785875,-0.00103707967295574,-0.00112234760593127,-0.00119436025606928,-0.00123773985298958,-0.00122995800591152,-0.0011378802115723,-0.000913373937754314,-0.000491372243082544,0.000190224731758282,0.00107165467271908,0.00167593731335869,0.00139533826494509,0.000574828333181232,-0.000213729172719113,-0.000813334174189939,-0.00124277826471686,-0.0015460730562018,-0.00175972970682159,-0.00191018697942247,-0.00201615714950132,-0.0020909640054606,-0.00214422621850363,-0.00218299203137506,-0.00221249799529444,-0.00223668152929268,-0.00225853282969568,-0.00227989534531703,-0.00230034180208238,-0.00231858229885318,-0.00233271900036336,-0.00233988313474498,-0.00233558223563546,-0.00231246098237814,-0.0022578675528121,-0.00214968530276693,-0.00196148924911232,-0.00181178738563814,-0.00206596158001982,-0.00234366503088468,-0.0024596715048042,-0.00249147447420406,-0.00249499883973225,-0.00253860137243744,-0.00259197427929836,-0.00231991109260354,-0.00201948738269364,-0.00150501302678785,-0.000842645939270081,-0.00033966065757407,-0.000280838409625339,-0.000566990135548062,-0.000978607658137509,-0.00141739657633122,-0.00187153063879408,-0.00235876556315584,-0.00290387096989864,-0.00353228574366582,-0.00426864241355307,-0.00513636826951536,-0.00615728953058314,-0.0073509696103522,-0.00873374634031565,-0.0103175138571739,-0.0121083393560552,-0.0141050404109355,-0.0162978757150493,-0.0186675142807412,-0.0211844392862243,-0.0238089113852916,-0.0264915669103888,-0.0291746681352156,-0.0317939659570583,-0.0342810878215102,-0.0365663285649563,-0.0385816978529754,-0.0402640617293351,-0.041558204864252,-0.0424196343597238,-0.0428169480902029,-0.042733604480493,-0.0421689594721385,-0.0411384806036404,-0.0396731044542689,-0.0378177659263709,-0.0356291883288785,-0.0331730712609692,-0.0305208480532263,-0.0277462650357649,-0.0249219554410707,-0.0221162281846238,-0.0193902862413892,-0.0167960523099915
-0.000763398800060586,-0.000626010835191884,-0.000583256530645823,-0.000594710919481267,-0.000638783950657945,-0.000702893000076366,-0.000779214971735998,-0.000862650449486912,-0.000949757488441783,-0.00103812448993801,-0.00112347465421525,-0.00119554066406591,-0.00123891125943082,-0.00123100899860806,-0.0011386272629868,-0.000913528838272781,-0.00049050550209917,0.000192676567044248,0.00107612107102001,0.00168179988074679,0.00140064636151027,0.000578387904111022,-0.000211856703381308,-0.000812740364775966,-0.00124309371712028,-0.00154702352533664,-0.00176112018481267,-0.00191187991906461,-0.00201805570308822,-0.002093000318518,-0.00214635337399272,-0.00218517845803046,-0.00221472352499852,-0.00223893456912927,-0.00226080829959707,-0.00228219218059467,-0.00230265800740481,-0.00232091306952664,-0.00233505539886159,-0.00234220997766132,-0.00233787456166523,-0.00231467782916872,-0.0022599404582333,-0.00215149782409418,-0.00196286819355029,-0.00181282152361517,-0.00206754206986759,-0.00234584925005354,-0.00246210827469429,-0.00249398050678495,-0.00249751254893771,-0.00254110392591156,-0.00259438611059459,-0.00232203387304297,-0.00202096556317288,-0.00150536626426878,-0.000841538173074086,-0.000337415171763888,-0.000278384967562606,-0.000565021087235884,-0.000977311313172691,-0.00141671943233035,-0.00187136368539309,-0.0023590060602563,-0.00290443491506331,-0.00353310680544661,-0.00426966834320375,-0.00513755757060574,-0.00615860887213571,-0.00735239191229631,-0.00873524936904779,-0.010319079189259,-0.0121099516045309,-0.0141066866396027,-0.0162995449888448,-0.0186691973157735,-0.0211861281739139,-0.0238105993723359,-0.0264932482212933,-0.0291763378277965,-0.0317956198036377,-0.0342827222104706,-0.0365679404185066,-0.0385832845580221,-0.0402656210789546,-0.0415597350078473,-0.0424211337603833,-0.0428184154879939,-0.0427350388607494,-0.0421703600379149,-0.0411398467517161,-0.0396744357541448,-0.0378190621018399,-0.0356304492418061,-0.0331742968884502,-0.0305220384313976,-0.0277474202456636,-0.024923075613877,-0.02211731350765,-0.0193913369648971,-0.0167970687550212
-0.000764671958379259,-0.00062684643564441,-0.000583859534613415,-0.000595198820213305,-0.000639227477746113,-0.000703335611617645,-0.000779683162628636,-0.000863159653899964,-0.000950315673267976,-0.00103873438931251,-0.00112412972149334,-0.00119621207381798,-0.00123953675184274,-0.00123147734799656,-0.00113875526344326,-0.000913028824919671,-0.00048894891287965,0.000195851578785544,0.00108134122075226,0.00168844250519307,0.00140675563792902,0.00058276524010703,-0.000209152898233311,-0.000811303414961939,-0.00124255525493944,-0.00154710993080587,-0.00176163684554809,-0.00191268954650603,-0.00201906162237253,-0.00209413479182863,-0.00214756956279516,-0.00218644484280361,-0.00221601997021137,-0.00224024950038881,-0.00226213664488872,-0.00228353287691474,-0.00230400906259509,-0.00232226968662164,-0.00233640865499296,-0.0023435447150072,-0.00233916586271909,-0.00231588480798539,-0.00226099479353914,-0.00215228335928153,-0.00196321240053243,-0.00181281478860529,-0.00206807821901933,-0.00234698775588338,-0.00246349888282327,-0.00249544026403492,-0.00249897997058324,-0.0025425602095126,-0.00259575181825877,-0.00232311101229077,-0.00202139925636791,-0.00150467733754567,-0.000839392336852707,-0.000334137930070311,-0.00027490832277266,-0.000562039260436742,-0.000975013965863636,-0.00141505395753738,-0.00187022165215844,-0.00235828510933223,-0.00290405130222882,-0.0035329943803184,-0.00426977498811221,-0.00513784188663002,-0.0061590376026317,-0.00735293803497894,-0.00873589069602709,-0.0103197973337785,-0.0121107312094111,-0.0141075147930881,-0.0163004107760777,-0.0186700914696787,-0.0211870428000225,-0.0238115277291828,-0.026494184543401,-0.0291772771814314,-0.0317965579682784,-0.0342836555805411,-0.0365688659213469,-0.0385841995848435,-0.0402665234264356,-0.041560622828408,-0.0424220055196,-0.0428192699279656,-0.0427358749684306,-0.0421711770176358,-0.0411406440012088,-0.039675212843601,-0.0378198187554973,-0.0356311853217357,-0.0331750123717836,-0.0305227333542237,-0.0277480946888871,-0.0249237297084673,-0.0221179474406199,-0.0193919509861145,-0.0167976631850099
-0.000765871921797126,-0.000627583239924484,-0.000584337836363483,-0.000595535954077214,-0.000639494083674252,-0.000703575094955472,-0.00077992198705637,-0.000863413235788119,-0.000950591970452219,-0.00103903613284873,-0.00112445037210201,-0.00119652283877991,-0.00123977544329101,-0.00123153287245698,-0.00113844464300933,-0.000912064780901722,-0.000486903541411732,0.000199538985956593,0.00108709542803043,0.00169563782473092,0.00141343257608906,0.000587721990284673,-0.000205860062383767,-0.000809269069571683,-0.00124141176265424,-0.00154658411473663,-0.00176153437367144,-0.00191287331361234,-0.00201943507612568,-0.00209463027712598,-0.00214814029673138,-0.00218705934257546,-0.00221665812337002,-0.00224089974567487,-0.0022627939160017,-0.00228419611203723,-0.00230467627182307,-0.00232293607848122,-0.0023370653169964,-0.00234417650746988,-0.00233974789918845,-0.00231637625668069,-0.00226132743304308,-0.00215234123577912,-0.00196282345703291,-0.00181207055609178,-0.0020678744132967,-0.00234738533384893,-0.00246414824519026,-0.00249615869500985,-0.00249970605728944,-0.00254327517072128,-0.00259637630719645,-0.00232344727483513,-0.00202109289090169,-0.00150324999891516,-0.000836510990600225,-0.000330129652933331,-0.000270706702910739,-0.000558339844187183,-0.000972007372473938,-0.0014126882144998,-0.00186838873911532,-0.00235688293696257,-0.00290299630931246,-0.0035322205448296,-0.00426923028526061,-0.00513748498663569,-0.00615883530153283,-0.00735286335145968,-0.00873592147459279,-0.0103199152136798,-0.0121109208545815,-0.0141077633090899,-0.0163007072623724,-0.0186704266711439,-0.021187408832164,-0.0238119178589489,-0.0264945930123978,-0.0291776990619217,-0.0317969890448069,-0.0342840922518344,-0.0365693051183573,-0.03858463870184,-0.0402669602626711,-0.0415610555384306,-0.0424224325707411,-0.0428196900637673,-0.0427362871770075,-0.0421715805042097,-0.0411410381642039,-0.0396755972536855,-0.0378201931372161,-0.0356315495373204,-0.0331753663983911,-0.0305230772278953,-0.0277484284904423,-0.024924053568732,-0.0221182615463877,-0.0193922555869739,-0.0167979586011187
-0.000767025687242892,-0.000628257688014097,-0.000584737431256963,-0.000595777930264857,-0.000639649024495925,-0.000703686372439838,-0.000780016045179771,-0.000863505479675675,-0.000950690352219785,-0.0010391433816061,-0.00112455995322058,-0.00119660598021137,-0.00123977000257536,-0.00123132783963087,-0.00113785718416171,-0.000910807861189078,-0.000484549672583878,0.000203549793400981,0.00109318670688929,0.00170318197844477,0.00142046779495353,0.000593044439532231,-0.000202195457213228,-0.000806857674778727,-0.00123988640200057,-0.00154567189111299,-0.00176104113209075,-0.00191266206463236,-0.00201940934480416,-0.00209472246057774,-0.00214830364720486,-0.0021872624004311,-0.00221688079075233,-0.00224113046961683,-0.0022630276338097,-0.0022844317626487,-0.00230491186675119,-0.00232316682970979,-0.0023372823186053,-0.00234436463123144,-0.00233988227824466,-0.00231641609347422,-0.0022612045691941,-0.00215193984552819,-0.00196197178079172,-0.00181086084734583,-0.00206720358011825,-0.00234731526999721,-0.00246432976499289,-0.00249640923256422,-0.00249996424510557,-0.002543522240958,-0.00259653297063678,-0.00232331592788104,-0.00202031943251335,-0.00150135660720474,-0.000833165423432036,-0.000325659979523718,-0.000266047511904843,-0.000554187518067129,-0.000968553134885863,-0.00140988049341506,-0.00186611977338125,-0.00235505080765008,-0.00290151757075519,-0.00353102925602988,-0.00426827448008449,-0.00513672337895177,-0.00615823472064247,-0.00735239684191324,-0.00873556690136645,-0.0103196542324402,-0.0121107381425922,-0.0141076459828516,-0.0163006444304,-0.0186704090858382,-0.0211874286153395,-0.0238119682828684,-0.0264946683231418,-0.0291777943355368,-0.0317971000690476,-0.0342842154281346,-0.0365694373799577,-0.0385847774449424,-0.0402671032881319,-0.0415612010021527,-0.0424225789411834,-0.0428198360853678,-0.0427364318386023,-0.0421717230116089,-0.0411411779162468,-0.0396757338213497,-0.0378203262452438,-0.0356316790480388,-0.0331754922889773,-0.0305231995343673,-0.0277485472935559,-0.0249241689992168,-0.0221183737909129,-0.0193923648949451,-0.0167980652924655
-0.000768157490568896,-0.000628902492675401,-0.000585099609887577,-0.000595974669718807,-0.000639750881190504,-0.000703736702556496,-0.000780041283321209,-0.000863521025618486,-0.000950704155358972,-0.00103915817012679,-0.00112456919470277,-0.0011965809124373,-0.00123964850469993,-0.00123099894140605,-0.00113713812014371,-0.000909411712524621,-0.000482049148686992,0.000207714340245191,0.00109943822389968,0.00171089196181462,0.00142767333432225,0.000598540736201802,-0.000198354118585486,-0.000804267036207507,-0.00123817950652017,-0.00154457597468016,-0.00176036212390818,-0.00191226303032965,-0.00201919384624127,-0.00209462291971541,-0.00214827333299805,-0.00218726986426876,-0.00221690594171597,-0.0022411617586785,-0.00226305999999432,-0.0022844641452523,-0.00230494227796563,-0.00232319048316709,-0.00233729031149887,-0.00234434184078613,-0.00233980384693722,-0.00231624124000007,-0.00226086516516766,-0.00215132012608632,-0.00196090012776007,-0.00180942985765287,-0.00206631072846142,-0.00234702289548894,-0.00246428887865868,-0.00249643733979998,-0.00249999999999717,-0.00254354688203995,-0.00259646723606655,-0.00232296228564388,-0.00201932392454773,-0.00149924166045923,-0.000829599172490925,-0.000320970965359213,-0.000261170798591115,-0.000549819885449443,-0.00096488609390244,-0.00140686266242041,-0.00186364351446044,-0.00235301428291346,-0.00289983738946742,-0.00352963951573682,-0.00426712324255007,-0.00513576937879412,-0.00615744480298663,-0.00735174406361228,-0.00873502913712032,-0.0103192131457313,-0.0121103784170244,-0.0141073547401267,-0.0163004107833334,-0.0186702237904198,-0.0211872837963906,-0.0238118572151619,-0.0264945852548971,-0.0291777343445957,-0.0317970589446914,-0.0342841895730797,-0.0365694237285433,-0.0385847733942801,-0.0402671066398562,-0.0415612099128063,-0.0424225918797436,-0.0428198517967147,-0.0427364493119218,-0.0421717414529643,-0.0411411967246971,-0.0396757525680221,-0.0378203446549649,-0.0356316969831811,-0.0331755097267259,-0.0305232165107298,-0.0277485638892617,-0.0249241853449507,-0.0221183900732798,-0.0193923813632685,-0.0167980822665624
-0.000768428140637642,-0.000628384594706391,-0.000583994028829818,-0.000594396771248812,-0.000637770194102272,-0.000701395978991243,-0.000777366600830109,-0.000860527580439002,-0.000947399793384041,-0.00103554558435331,-0.00112064193682732,-0.00119231059415897,-0.00123497382758803,-0.00122581044826431,-0.00113125565802202,-0.000902552796153866,-0.000473794068312217,0.000217912050650915,0.00111197871039437,0.0017251108719808,0.00144156377958016,0.00061085961157803,-0.000187577649568782,-0.000794643291107344,-0.00122934998195823,-0.00153627301579318,-0.00175239488420387,-0.00190449668016623,-0.00201153335216386,-0.00208700165082276,-0.00214064519499579,-0.00217960382821925,-0.00220918218071009,-0.00223336887376724,-0.00225519299544952,-0.00227652197397854,-0.00229692297786421,-0.00231508933054669,-0.00232909852238083,-0.00233604449998026,-0.00233137645268522,-0.00230764363269653,-0.00225203036515909,-0.00214213471047908,-0.00195119795662158,-0.00179931703959135,-0.00205670733239782,-0.0023380087580247,-0.00245552258562409,-0.00248773911952382,-0.00249130932835162,-0.00253484523989012,-0.00258767640328827,-0.00231388745874339,-0.00200961661029297,-0.00148843385429132,-0.000817373653603903,-0.000307674915877687,-0.00024775831473367,-0.000537003619309639,-0.000952868905122584,-0.00139560061775146,-0.00185303376725265,-0.00234295813273322,-0.00289025356725836,-0.00352046360406311,-0.00425830437636798,-0.00512726709033529,-0.00614922654454786,-0.00734378336375607,-0.00872730424334744,-0.0103117060204,-0.0121030739863116,-0.0141002403245704,-0.0162934756601436,-0.0186634588524091,-0.0211806812829219,-0.0238054104973091,-0.0264882886620795,-0.0291715830232967,-0.0317910487422429,-0.0342783169413158,-0.0365636856432769,-0.0385791672875571,-0.0402616303426064,-0.041555861605982,-0.0424173700524851,-0.0428147552103325,-0.0427314769687857,-0.0421668925694563,-0.0411364707076416,-0.0396711489940744,-0.037815863252502,-0.0356273376163427,-0.0331712723729839,-0.0305191012056326,-0.0277445707124991,-0.0249203144255253,-0.0221146415953819,-0.0193887555729868,-0.016794579479552
-0.000757533112495642,-0.000612794412104808,-0.000563863336596776,-0.000569816896711761,-0.000608797085703022,-0.000668064399327983,-0.000739697901791181,-0.000818534263161169,-0.000901088332819378,-0.000984918207345697,-0.00106569330936312,-0.00113301728101717,-0.00117128541965622,-0.00115763751005921,-0.00105845257387438,-0.00082489560730914,-0.00039096290302626,0.000306290737314696,0.00120600797047621,0.00182366404293877,0.00154207123476202,0.000711586215564886,-8.6928531493391e-05,-0.000693872388312311,-0.00112820971739924,-0.00143456296520983,-0.00164996671016904,-0.00180124333946474,-0.00190737837485777,-0.00198189093206258,-0.00203454106646384,-0.0020724808168977,-0.002101023955982,-0.00212416602447441,-0.00214494139028187,-0.00216522074628633,-0.00218457050613419,-0.00220168172113555,-0.00221462856426868,-0.00222050002468011,-0.00221473766157787,-0.00218987857497044,-0.00213308720219774,-0.0020219308025895,-0.00182963880328824,-0.00167668353267403,-0.00193420906376163,-0.00221595212002246,-0.00233366563403214,-0.00236593805051,-0.00236951449617351,-0.00241304133574238,-0.00246579900234989,-0.00219177785341229,-0.00188699844822759,-0.00136496491717397,-0.00069292775945895,-0.000182839640180399,-0.000123730968991431,-0.000414699997489554,-0.000832638249388618,-0.0012774957244378,-0.00173701428822759,-0.0022289664096421,-0.00277823613885597,-0.00341037554458434,-0.00415010892276968,-0.00502093426547201,-0.00604473179321219,-0.00724110642809528,-0.00862642828454496,-0.0102126169427077,-0.0120057599164497,-0.0140046912080135,-0.016199682944993,-0.0185714152392505,-0.0210903805248155,-0.0237168472382727,-0.0264014583054043,-0.0290864816232488,-0.0317076729142772,-0.0341966637870836,-0.0364837526875373,-0.0385009524248042,-0.0401851317916117,-0.0414810778708875,-0.0423442998893407,-0.0427433975981881,-0.0426618310845702,-0.0420989577661285,-0.0410702464950493,-0.0396066350221641,-0.0377530592965512,-0.0355662435638997,-0.0331118882053987,-0.0304614269523246,-0.027688606439414,-0.0248660602393407,-0.0220620976483291,-0.0193379220683038,-0.0167454566777262
-0.000709207095193287,-0.000546750945320085,-0.000480085402898275,-0.00046830563244013,-0.000489557121973488,-0.000531100153304848,-0.0005850127104714,-0.000646130326460381,-0.00071096687597999,-0.00077707967006202,-0.000840136630557931,-0.00088973799559311,-0.000910274731310223,-0.000878882222831778,-0.000761937859926676,-0.000510617231310295,-5.8970607266895e-05,0.000655745425015508,0.00157199925928431,0.00220357199624688,0.00193160885013799,0.00110747394954636,0.000313918724705542,-0.000288536889320845,-0.000718540039182813,-0.00102060632700196,-0.00123173316519298,-0.00137873022168777,-0.00148057936130186,-0.0015507994604903,-0.00159915155586077,-0.00163278900515651,-0.00165702688548597,-0.00167586189778257,-0.00169232939027908,-0.00170830069846439,-0.00172334209424341,-0.00173614422781065,-0.00174478078355023,-0.00174634023862497,-0.00173626387911807,-0.00170708970832356,-0.00164598774550573,-0.00153055074177799,-0.00133413755601564,-0.00117791868597905,-0.00143428319338956,-0.00171592396554809,-0.00183365507927591,-0.00186593684035785,-0.00186951449617356,-0.00191303954260924,-0.00196578375613132,-0.00169172768229076,-0.00138690785992679,-0.000864952283654574,-0.00019353348497031,0.000314572367672517,0.000369766469106803,7.33461357593779e-05,-0.000350866110000014,-0.000802378125004277,-0.00126872887683005,-0.00176760129164555,-0.00232383781919698,-0.002962969791654,-0.0037097104765258,-0.00458755168238645,-0.00561837001931531,-0.00682176823839109,-0.00821411512311065,-0.00980732942987039,-0.0116074981633193,-0.0136134550155593,-0.0158154719319019,-0.0181942289248633,-0.0207202183830684,-0.0233537087327303,-0.0260453429117244,-0.0287373888432545,-0.0313656022844097,-0.0338616148830261,-0.0361557251263145,-0.0381799458651451,-0.0398711459332037,-0.0411741124529051,-0.0420443546885433,-0.0424504724267372,-0.0423759257877599,-0.0418200722200507,-0.0407983806043393,-0.0393417887177741,-0.0374952325336152,-0.0353154363197549,-0.0328681004762637,-0.0302246587441393,-0.0274588577653706,-0.0246433311205578,-0.0218463881145337,-0.0191292321585996,-0.0165437864413581
-0.000623450088731187,-0.000430254194351082,-0.000332660227733442,-0.000289862978435612,-0.000280050302914364,-0.000290503240926443,-0.000313311026871543,-0.00034331577033786,-0.000377035422866989,-0.000412029972510553,-0.000443971900414175,-0.000462472737895181,-0.000451941762550034,-0.000389544586584967,-0.000241711516179244,4.02823318456091e-05,0.000522182818963102,0.00126627611375041,0.002209952576816,0.00286483473189636,0.00261017662570873,0.00179852281351367,0.00101496411902513,0.000421363205869274,-3.40947311938677e-07,-0.000294403101177787,-0.000497694249270264,-0.000636957326841436,-0.000731136311498903,-0.000793727236105823,-0.000834476663184036,-0.000860528393000881,-0.000877190969216568,-0.000888456493699619,-0.000897356995449572,-0.000905761830515495,-0.00091323774219787,-0.000918476850572003,-0.000919555180225573,-0.000913565141817396,-0.000895955105308599,-0.000859277032764227,-0.000790731995088723,-0.00066799452805022,-0.00046469421480988,-0.000303022499509642,-0.000556929721281962,-0.000837924294595616,-0.000955490921366597,-0.000987735489070052,-0.000991309328354562,-0.00103483986049302,-0.00108763066464068,-0.000813736945376231,-0.000509344845390336,1.16040462579958e-05,0.000680809169859131,0.0011845611076754,0.00123273399955481,0.00092713478043116,0.000492447513045779,2.97521805465717e-05,-0.000448177533051597,-0.000958862778740355,-0.00152705860827262,-0.0021782463452692,-0.00293710903764166,-0.00382711934108759,-0.00487014122286278,-0.00608576879465772,-0.00749036475904208,-0.00909584348188508,-0.0109082887269232,-0.0129265317472078,-0.0151408426208762,-0.0175318999092504,-0.0200701948576896,-0.0227159949806903,-0.025419942481037,-0.0281243046833136,-0.0307648368526345,-0.0332731702291491,-0.0355796029596083,-0.0376161476085799,-0.0393196727673822,-0.0406349653520456,-0.041517534450093,-0.0419359796959847,-0.0418737610783461,-0.0413302359312286,-0.0403208730355226,-0.0388766100808989,-0.0370423829636968,-0.0348749158839109,-0.0324399091855789,-0.0298087965810736,-0.0270553246903832,-0.0242521270691771,-0.021467512994007,-0.0187626858438743,-0.0161895687704395
-0.000526527404058591,-0.000298685158750908,-0.000166209941394199,-8.84183483634837e-05,-4.35510625443891e-05,-1.89154724485885e-05,-6.61532672388554e-06,-1.50134211637787e-06,-9.68711645898956e-08,3.45162806114629e-08,3.21419931809119e-06,1.98155146688972e-05,6.54049370301668e-05,0.000162777494728095,0.000345435449588649,0.000661980167475373,0.00117791233010706,0.0019549877787462,0.00292939466793174,0.00361043172834596,0.00337536141119754,0.00257797940609472,0.00180588216240352,0.00122241045875737,0.000810168884553431,0.000525207216342638,0.000330805600983419,0.000200302558543308,0.000114801221535732,6.08344381459736e-05,2.8674220019731e-05,1.11891944293285e-05,3.07941078048213e-06,3.58874764683215e-07,2.88657986402541e-15,1.36093848968066e-07,1.19978147661293e-06,4.49698346027816e-06,1.19485920878626e-05,2.64570894844551e-05,5.25650653593335e-05,9.7703093220658e-05,0.000174632118281171,0.000305580177962783,0.000516606108593942,0.0006843943758158,0.00043331862339524,0.000153117876892095,3.57638951057337e-05,3.56871096085509e-06,0,-4.35379163794547e-05,-9.63910049958105e-05,0.000177288569963463,0.000481129016954074,0.00100082150712866,0.0016673721999465,0.00216608907389404,0.00220631639189062,0.001890410780789,0.00144397460304602,0.000968725334742127,0.000477783542533028,-4.61886929248312e-05,-0.000627845791163706,-0.00129261075107923,-0.00206513101133565,-0.00296885646338396,-0.0040256359335108,-0.00525505311511409,-0.00667346332994656,-0.00829277558153851,-0.0101190696513807,-0.0121511737778502,-0.0143793557178952,-0.016784292218487,-0.0193364730876669,-0.021996164687467,-0.0247140082864949,-0.0274322704446294,-0.0300867057953451,-0.0326089450528009,-0.0349292859224316,-0.0369797405959819,-0.0386971773478134,-0.0400263828229078,-0.0409228658757594,-0.0413552259394646,-0.041306922827853,-0.0407773137225924,-0.0397818672711637,-0.0383515210460581,-0.0365312108402902,-0.0343776607624654,-0.031956571081051,-0.0293393754698028,-0.0265998205190645,-0.023810539751037,-0.0210398424043167,-0.0183489318147507,-0.0157897310847112
